match_id,period,possession_id,possession_team_id,event_index,timestamp,event_type,event_team_id,linked_360,semantics_status,validated_anchor,is_shot,period_seconds,event_position,event_id,safe_action,action_candidate,explicit_vector_available,action_status,anchor_x,anchor_y,start_x_raw,start_y_raw,end_x_raw,end_y_raw,start_x,start_y,end_x,end_y,delta_x,delta_y,euclidean_displacement,elapsed_possession_time,player_name,event_team,provider_context,restart_context,spatial_state_status,prior_event_gap_seconds,running_peak_x,retreat_from_peak,positive_run_id,positive_run_length_so_far,negative_run_id,negative_run_length_so_far,nonpositive_run_id,nonpositive_run_length_so_far,case_id,statsbomb_revision
3895052,1,46,904,1168,00:27:15.443,Pass,904,True,validated_core_event_team_scope,True,False,1635.443,0,b0bc9ab4-ddfb-4f3e-8e3c-939a4a0501fe,True,True,True,safe_validated_frame_vector,41.0,59.6,41.0,59.6,50.0,64.0,41.0,59.6,50.0,64.0,9.0,4.399999999999999,10.017983829094554,0.0,Odilon Kossonou,Bayer Leverkusen,counterpress:true;pass.type:Interception,,validated_spatial_anchor,,50.0,0.0,positive_0072,1.0,,,,,C01,533862946a73608c134d18b78226b6371ce7173c
3895052,1,46,904,1169,00:27:16.326,Ball Receipt*,904,True,unsupported_event_type,False,False,1636.326,1,3c44aadb-b77d-4744-91f1-ffe6f9211578,False,False,False,not_leverkusen_pass_carry,,,50.0,64.0,,,,,,,,,,0.8830000000000382,Jonas Hofmann,Bayer Leverkusen,,,linked_360_unsupported_semantics,0.8830000000000382,,,,,,,,,C01,533862946a73608c134d18b78226b6371ce7173c
3895052,1,46,904,1170,00:27:16.326,Carry,904,True,validated_core_event_team_scope,True,False,1636.326,2,e4daacb7-1fd5-47f9-88b7-abc0128a09be,True,True,True,safe_validated_frame_vector,50.0,64.0,50.0,64.0,50.0,66.2,50.0,64.0,50.0,66.2,0.0,2.200000000000003,2.200000000000003,0.8830000000000382,Jonas Hofmann,Bayer Leverkusen,,,validated_spatial_anchor,0.0,50.0,0.0,,,,,,,C01,533862946a73608c134d18b78226b6371ce7173c
3895052,1,46,904,1171,00:27:17.173,Pass,904,True,validated_core_event_team_scope,True,False,1637.173,3,f1b5ead2-be2b-4661-9777-45e8e35e0453,True,True,True,safe_validated_frame_vector,50.0,66.2,50.0,66.2,74.5,70.8,50.0,66.2,74.5,70.8,24.5,4.599999999999994,24.92809659801566,1.7300000000000182,Jonas Hofmann,Bayer Leverkusen,,,validated_spatial_anchor,0.84699999999998,74.5,0.0,positive_0073,1.0,,,,,C01,533862946a73608c134d18b78226b6371ce7173c
3895052,1,46,904,1172,00:27:19.958,Ball Receipt*,904,False,no_360_frame,False,False,1639.958,4,6554952b-44df-4c64-b2ba-93e7db7f146d,False,False,False,not_leverkusen_pass_carry,,,74.5,70.8,,,,,,,,,,4.5150000000001,Jeremie Frimpong,Bayer Leverkusen,,,no_360_frame,2.785000000000082,,,,,,,,,C01,533862946a73608c134d18b78226b6371ce7173c
3895052,1,46,904,1173,00:27:19.958,Carry,904,False,no_360_frame,False,False,1639.958,5,d7bcb5aa-5d70-4246-b6e2-89b029eb5001,False,True,True,unsupported_or_unlinked_frame,,,74.5,70.8,89.8,68.2,,,,,,,,4.5150000000001,Jeremie Frimpong,Bayer Leverkusen,,,no_360_frame,0.0,,,,,,,,,C01,533862946a73608c134d18b78226b6371ce7173c
3895052,1,46,904,1174,00:27:21.801,Pressure,182,False,no_360_frame,False,False,1641.801,6,8552610d-1000-43a6-a024-cfdd9002b26f,False,False,False,not_leverkusen_pass_carry,,,43.8,8.9,,,,,,,,,,6.357999999999947,David Raum,RB Leipzig,,,no_360_frame,1.8429999999998472,,,,,,,,,C01,533862946a73608c134d18b78226b6371ce7173c
3895052,1,46,904,1175,00:27:22.406,Dribble,904,False,no_360_frame,False,False,1642.406,7,c4c3f6e3-bccf-4e9b-82c3-5d331b063d98,False,False,False,not_leverkusen_pass_carry,,,89.8,68.2,,,,,,,,,,6.962999999999965,Jeremie Frimpong,Bayer Leverkusen,,,no_360_frame,0.6050000000000182,,,,,,,,,C01,533862946a73608c134d18b78226b6371ce7173c
3895060,2,172,904,4275,00:46:56.787,Ball Recovery,904,True,unsupported_event_type,False,False,2816.787,0,1b64e0da-94d3-4f53-a0af-45fad24ad850,False,False,False,not_leverkusen_pass_carry,,,11.7,44.9,,,,,,,,,,0.0,Josip Stanišić,Bayer Leverkusen,type:Ball Recovery,,linked_360_unsupported_semantics,,,,,,,,,,C02,533862946a73608c134d18b78226b6371ce7173c
3895060,2,172,904,4276,00:46:56.787,Carry,904,True,validated_core_event_team_scope,True,False,2816.787,1,11d46d62-7ffd-447e-8f7f-2a689f327303,True,True,True,safe_validated_frame_vector,11.7,44.9,11.7,44.9,12.8,44.0,11.7,44.9,12.8,44.0,1.1000000000000014,-0.8999999999999986,1.4212670403551897,0.0,Josip Stanišić,Bayer Leverkusen,,,validated_spatial_anchor,0.0,12.8,0.0,positive_0023,1.0,,,,,C02,533862946a73608c134d18b78226b6371ce7173c
3895060,2,172,904,4277,00:46:57.899,Pass,904,True,validated_core_event_team_scope,True,False,2817.899,2,22b5ed01-3c69-4b89-91f4-e1ae7770ce2c,True,True,True,safe_validated_frame_vector,12.8,44.0,12.8,44.0,22.1,57.4,12.8,44.0,22.1,57.4,9.3,13.4,16.311039206623224,1.11200000000008,Josip Stanišić,Bayer Leverkusen,,,validated_spatial_anchor,1.11200000000008,22.1,0.0,positive_0023,2.0,,,,,C02,533862946a73608c134d18b78226b6371ce7173c
3895060,2,172,904,4278,00:46:59.924,Ball Receipt*,904,True,unsupported_event_type,False,False,2819.924,3,a4f06384-7700-4bb4-a52c-8de90499733a,False,False,False,not_leverkusen_pass_carry,,,22.1,57.4,,,,,,,,,,3.137000000000171,Arthur Augusto de Matos Soares,Bayer Leverkusen,,,linked_360_unsupported_semantics,2.025000000000091,,,,,,,,,C02,533862946a73608c134d18b78226b6371ce7173c
3895060,2,172,904,4279,00:46:59.924,Carry,904,True,validated_core_event_team_scope,True,False,2819.924,4,60f20dce-f4df-475a-9443-3e6a633f36c5,True,True,True,safe_validated_frame_vector,22.1,57.4,22.1,57.4,84.4,59.2,22.1,57.4,84.4,59.2,62.3,1.8000000000000045,62.32599778583573,3.137000000000171,Arthur Augusto de Matos Soares,Bayer Leverkusen,,,validated_spatial_anchor,0.0,84.4,0.0,positive_0023,3.0,,,,,C02,533862946a73608c134d18b78226b6371ce7173c
3895060,2,172,904,4280,00:47:07.063,Pass,904,True,validated_core_event_team_scope,True,False,2827.063,5,6a2c6bb1-0373-4eac-9526-604772d1cf15,True,True,True,safe_validated_frame_vector,84.4,59.2,84.4,59.2,102.3,28.2,84.4,59.2,102.3,28.2,17.89999999999999,-31.000000000000004,35.79678756536681,10.276000000000296,Arthur Augusto de Matos Soares,Bayer Leverkusen,,,validated_spatial_anchor,7.139000000000124,102.3,0.0,positive_0023,4.0,,,,,C02,533862946a73608c134d18b78226b6371ce7173c
3895060,2,172,904,4281,00:47:08.696,Ball Receipt*,904,True,unsupported_event_type,False,False,2828.696,6,06fc4768-08f8-4433-a040-b09bfe31c470,False,False,False,not_leverkusen_pass_carry,,,102.3,28.2,,,,,,,,,,11.909000000000106,Florian Wirtz,Bayer Leverkusen,,,linked_360_unsupported_semantics,1.6329999999998108,,,,,,,,,C02,533862946a73608c134d18b78226b6371ce7173c
3895060,2,172,904,4282,00:47:08.696,Carry,904,True,validated_core_event_team_scope,True,False,2828.696,7,7a376a63-a230-4286-8247-f6535e9abd1e,True,True,True,safe_validated_frame_vector,102.3,28.2,102.3,28.2,116.6,28.2,102.3,28.2,116.6,28.2,14.299999999999995,0.0,14.299999999999995,11.909000000000106,Florian Wirtz,Bayer Leverkusen,,,validated_spatial_anchor,0.0,116.6,0.0,positive_0023,5.0,,,,,C02,533862946a73608c134d18b78226b6371ce7173c
3895060,2,172,904,4283,00:47:09.413,Pressure,185,True,validated_core_event_team_scope,True,False,2829.413,8,245c2475-19b1-4794-b33e-04ca73156a95,False,False,False,not_leverkusen_pass_carry,106.4,30.3,13.6,49.7,,,,,,,,,,12.626000000000204,Rocco Reitz,Borussia Mönchengladbach,,,validated_spatial_anchor,0.7170000000000982,,,,,,,,,C02,533862946a73608c134d18b78226b6371ce7173c
3895060,2,172,904,4284,00:47:15.125,Pressure,185,True,validated_core_event_team_scope,True,False,2835.125,9,fa0878b6-655a-44b1-b47f-dd651b8c63fb,False,False,False,not_leverkusen_pass_carry,111.0,21.3,9.0,58.7,,,,,,,,,,18.338000000000196,Rocco Reitz,Borussia Mönchengladbach,,,validated_spatial_anchor,5.711999999999989,,,,,,,,,C02,533862946a73608c134d18b78226b6371ce7173c
3895060,2,172,904,4285,00:47:17.968,Pass,904,True,validated_core_event_team_scope,True,False,2837.968,10,ec1e3ad9-aeb8-4fdd-8812-d179d00b7608,True,True,True,safe_validated_frame_vector,116.6,28.2,116.6,28.2,116.8,41.9,116.6,28.2,116.8,41.9,0.2000000000000028,13.7,13.70145977624282,21.18100000000004,Florian Wirtz,Bayer Leverkusen,pass.outcome:Incomplete,,validated_spatial_anchor,2.842999999999847,116.8,0.0,positive_0023,6.0,,,,,C02,533862946a73608c134d18b78226b6371ce7173c
3895060,2,172,904,4286,00:47:18.934,Ball Receipt*,904,True,unsupported_event_type,False,False,2838.934,11,243d857d-6b37-47d6-b9da-309c86700f7e,False,False,False,not_leverkusen_pass_carry,,,116.5,45.4,,,,,,,,,,22.14700000000039,Adam Hložek,Bayer Leverkusen,ball_receipt.outcome:Incomplete,,linked_360_unsupported_semantics,0.9660000000003492,,,,,,,,,C02,533862946a73608c134d18b78226b6371ce7173c
3895060,2,172,904,4287,00:47:18.934,Clearance,185,True,unsupported_event_type,False,False,2838.934,12,52980efa-e6ba-44a6-be50-0b5ca9ee7f24,False,False,False,not_leverkusen_pass_carry,,,3.3,38.2,,,,,,,,,,22.14700000000039,Lukas Ullrich,Borussia Mönchengladbach,type:Clearance,,linked_360_unsupported_semantics,0.0,,,,,,,,,C02,533862946a73608c134d18b78226b6371ce7173c
3895060,2,172,904,4288,00:47:21.109,Ball Recovery,904,True,unsupported_event_type,False,False,2841.109,13,a35415f5-227f-43d0-ab1a-be2e801853a3,False,False,False,not_leverkusen_pass_carry,,,100.3,27.2,,,,,,,,,,24.32200000000012,Alejandro Grimaldo García,Bayer Leverkusen,type:Ball Recovery,,linked_360_unsupported_semantics,2.174999999999727,,,,,,,,,C02,533862946a73608c134d18b78226b6371ce7173c
3895060,2,172,904,4289,00:47:21.109,Carry,904,True,validated_core_event_team_scope,True,False,2841.109,14,154bff85-d7f7-4ed4-a7ef-763c688257d4,True,True,True,safe_validated_frame_vector,100.3,27.2,100.3,27.2,98.6,32.7,100.3,27.2,98.6,32.7,-1.7000000000000028,5.500000000000004,5.756735185849706,24.32200000000012,Alejandro Grimaldo García,Bayer Leverkusen,,,validated_spatial_anchor,0.0,116.8,18.200000000000003,,,negative_0019,1.0,nonpositive_0017,1.0,C02,533862946a73608c134d18b78226b6371ce7173c
3895060,2,172,904,4290,00:47:21.190,Pressure,185,True,validated_core_event_team_scope,True,False,2841.19,15,0d6fc995-f8b8-4323-b8b8-b52c07bec38b,False,False,False,not_leverkusen_pass_carry,96.8,26.0,23.2,54.0,,,,,,,,,,24.403000000000247,Robin Hack,Borussia Mönchengladbach,,,validated_spatial_anchor,0.0810000000001309,,,,,,,,,C02,533862946a73608c134d18b78226b6371ce7173c
3895060,2,172,904,4291,00:47:22.077,Dispossessed,904,True,unsupported_event_type,False,False,2842.077,16,b3ab16fd-01fb-49e1-b7f4-20ab4cd8e0ec,False,False,False,not_leverkusen_pass_carry,,,98.6,32.7,,,,,,,,,,25.29000000000042,Alejandro Grimaldo García,Bayer Leverkusen,type:Dispossessed,,linked_360_unsupported_semantics,0.887000000000171,,,,,,,,,C02,533862946a73608c134d18b78226b6371ce7173c
3895153,2,115,904,3451,00:23:17.530,Pass,904,True,validated_core_event_team_scope,True,False,1397.53,0,ea778638-9701-4c59-8218-b440f3d6321d,True,True,True,safe_validated_frame_vector,19.3,42.1,19.3,42.1,35.9,48.3,19.3,42.1,35.9,48.3,16.599999999999998,6.199999999999996,17.720045146669346,0.0,Granit Xhaka,Bayer Leverkusen,pass.type:Recovery,,validated_spatial_anchor,,35.9,0.0,positive_0033,1.0,,,,,C03,533862946a73608c134d18b78226b6371ce7173c
3895153,2,115,904,3452,00:23:19.753,Ball Receipt*,904,True,unsupported_event_type,False,False,1399.753,1,992fde7d-cb2a-41fa-9272-08be7538817d,False,False,False,not_leverkusen_pass_carry,,,35.9,48.3,,,,,,,,,,2.2229999999999563,Florian Wirtz,Bayer Leverkusen,,,linked_360_unsupported_semantics,2.2229999999999563,,,,,,,,,C03,533862946a73608c134d18b78226b6371ce7173c
3895153,2,115,904,3453,00:23:19.753,Carry,904,True,validated_core_event_team_scope,True,False,1399.753,2,c91b8b54-b0e8-4135-b78a-b8ed1558f498,True,True,True,safe_validated_frame_vector,35.9,48.3,35.9,48.3,36.8,48.6,35.9,48.3,36.8,48.6,0.8999999999999986,0.3000000000000042,0.9486832980505138,2.2229999999999563,Florian Wirtz,Bayer Leverkusen,,,validated_spatial_anchor,0.0,36.8,0.0,positive_0033,2.0,,,,,C03,533862946a73608c134d18b78226b6371ce7173c
3895153,2,115,904,3454,00:23:19.907,Pass,904,True,validated_core_event_team_scope,True,False,1399.907,3,d61af990-9cb0-4044-b55f-bedd240bc693,True,True,True,safe_validated_frame_vector,36.8,48.6,36.8,48.6,49.1,58.4,36.8,48.6,49.1,58.4,12.300000000000004,9.799999999999995,15.72672883978102,2.3769999999999527,Florian Wirtz,Bayer Leverkusen,,,validated_spatial_anchor,0.1539999999999963,49.1,0.0,positive_0033,3.0,,,,,C03,533862946a73608c134d18b78226b6371ce7173c
3895153,2,115,904,3455,00:23:21.399,Ball Receipt*,904,True,unsupported_event_type,False,False,1401.399,4,e0f7fa71-7e85-42cb-9360-01814d236f7a,False,False,False,not_leverkusen_pass_carry,,,49.1,58.4,,,,,,,,,,3.8689999999999145,Jonas Hofmann,Bayer Leverkusen,,,linked_360_unsupported_semantics,1.4919999999999618,,,,,,,,,C03,533862946a73608c134d18b78226b6371ce7173c
3895153,2,115,904,3456,00:23:21.399,Carry,904,True,validated_core_event_team_scope,True,False,1401.399,5,ca766bdf-0350-43c7-8947-be611c09320f,True,True,True,safe_validated_frame_vector,49.1,58.4,49.1,58.4,93.8,57.1,49.1,58.4,93.8,57.1,44.7,-1.2999999999999972,44.71889980757577,3.8689999999999145,Jonas Hofmann,Bayer Leverkusen,,,validated_spatial_anchor,0.0,93.8,0.0,positive_0033,4.0,,,,,C03,533862946a73608c134d18b78226b6371ce7173c
3895153,2,115,904,3457,00:23:26.847,Pass,904,True,validated_core_event_team_scope,True,False,1406.847,6,de1a0e3f-6ec7-4f43-ae3e-b8aa75d73d3d,True,True,True,safe_validated_frame_vector,93.8,57.1,93.8,57.1,90.2,36.4,93.8,57.1,90.2,36.4,-3.5999999999999943,-20.700000000000003,21.010711553871754,9.317000000000007,Jonas Hofmann,Bayer Leverkusen,,,validated_spatial_anchor,5.448000000000093,93.8,3.5999999999999943,,,negative_0033,1.0,nonpositive_0030,1.0,C03,533862946a73608c134d18b78226b6371ce7173c
3895153,2,115,904,3458,00:23:28.511,Ball Receipt*,904,True,unsupported_event_type,False,False,1408.511,7,f4bb047d-a8c8-4515-b4a4-5b39bf00ddb9,False,False,False,not_leverkusen_pass_carry,,,90.2,36.4,,,,,,,,,,10.980999999999996,Granit Xhaka,Bayer Leverkusen,,,linked_360_unsupported_semantics,1.6639999999999873,,,,,,,,,C03,533862946a73608c134d18b78226b6371ce7173c
3895153,2,115,904,3459,00:23:28.511,Carry,904,True,validated_core_event_team_scope,True,False,1408.511,8,2b4cf195-a1ed-47e2-83d2-a21301aeb81c,True,True,True,safe_validated_frame_vector,90.2,36.4,90.2,36.4,95.2,34.7,90.2,36.4,95.2,34.7,5.0,-1.6999999999999955,5.281098370604356,10.980999999999996,Granit Xhaka,Bayer Leverkusen,,,validated_spatial_anchor,0.0,95.2,0.0,positive_0034,1.0,,,,,C03,533862946a73608c134d18b78226b6371ce7173c
3895153,2,115,904,3460,00:23:29.568,Pass,904,True,validated_core_event_team_scope,True,False,1409.568,9,73f6b17c-7391-45af-8d84-f05cfd472b83,True,True,True,safe_validated_frame_vector,95.2,34.7,95.2,34.7,107.7,25.2,95.2,34.7,107.7,25.2,12.5,-9.500000000000004,15.700318468107584,12.038000000000013,Granit Xhaka,Bayer Leverkusen,,,validated_spatial_anchor,1.0570000000000164,107.7,0.0,positive_0034,2.0,,,,,C03,533862946a73608c134d18b78226b6371ce7173c
3895153,2,115,904,3461,00:23:30.672,Ball Receipt*,904,True,unsupported_event_type,False,False,1410.672,10,54ef2e22-dbf5-48ad-bce8-acf1642b474d,False,False,False,not_leverkusen_pass_carry,,,107.7,25.2,,,,,,,,,,13.142000000000053,Victor Okoh Boniface,Bayer Leverkusen,,,linked_360_unsupported_semantics,1.1040000000000418,,,,,,,,,C03,533862946a73608c134d18b78226b6371ce7173c
3895153,2,115,904,3462,00:23:30.672,Carry,904,True,validated_core_event_team_scope,True,False,1410.672,11,b221d61e-55bc-4d26-84d1-e97a81f47b79,True,True,True,safe_validated_frame_vector,107.7,25.2,107.7,25.2,109.9,27.7,107.7,25.2,109.9,27.7,2.200000000000003,2.5,3.330165161069345,13.142000000000053,Victor Okoh Boniface,Bayer Leverkusen,,,validated_spatial_anchor,0.0,109.9,0.0,positive_0034,3.0,,,,,C03,533862946a73608c134d18b78226b6371ce7173c
3895153,2,115,904,3463,00:23:31.686,Shot,904,True,validated_core_event_team_scope,True,True,1411.686,12,1b88ef62-a526-4845-95e9-69eca2a98021,False,False,False,not_leverkusen_pass_carry,109.9,27.7,109.9,27.7,,,,,,,,,,14.155999999999947,Victor Okoh Boniface,Bayer Leverkusen,type:Shot,,validated_spatial_anchor,1.0139999999998963,,,,,,,,,C03,533862946a73608c134d18b78226b6371ce7173c
3895153,2,115,904,3464,00:23:31.812,Block,176,True,unsupported_event_type,False,False,1411.812,13,70e6a90e-8f23-4bc7-aa34-375dd4d619ca,False,False,False,not_leverkusen_pass_carry,,,8.8,50.9,,,,,,,,,,14.281999999999924,Marco Friedl,Werder Bremen,type:Block;out:true,,linked_360_unsupported_semantics,0.1259999999999763,,,,,,,,,C03,533862946a73608c134d18b78226b6371ce7173c
3895153,2,115,904,3465,00:23:31.860,Goal Keeper,176,False,no_360_frame,False,False,1411.86,14,b6c4f04f-b2a1-4ecf-9f6d-e5375a7d1a2c,False,False,False,not_leverkusen_pass_carry,,,1.8,43.8,,,,,,,,,,14.329999999999927,Michael Zetterer,Werder Bremen,,,no_360_frame,0.0480000000000018,,,,,,,,,C03,533862946a73608c134d18b78226b6371ce7173c
3895052,1,12,904,162,00:03:08.800,Pass,904,True,validated_core_event_team_scope,True,False,188.8,0,ddce2c99-b9aa-4b00-a4e2-733e446ea69f,True,True,True,safe_validated_frame_vector,82.7,71.4,82.7,71.4,83.7,58.8,82.7,71.4,83.7,58.8,1.0,-12.600000000000009,12.639620247459977,0.0,Odilon Kossonou,Bayer Leverkusen,pass.type:Recovery,,validated_spatial_anchor,,83.7,0.0,positive_0004,1.0,,,,,C04,533862946a73608c134d18b78226b6371ce7173c
3895052,1,12,904,163,00:03:10.168,Ball Receipt*,904,True,unsupported_event_type,False,False,190.168,1,2d4f5aa2-50a7-441f-9e21-8af732fbff55,False,False,False,not_leverkusen_pass_carry,,,83.7,58.8,,,,,,,,,,1.367999999999995,Granit Xhaka,Bayer Leverkusen,,,linked_360_unsupported_semantics,1.367999999999995,,,,,,,,,C04,533862946a73608c134d18b78226b6371ce7173c
3895052,1,12,904,164,00:03:10.168,Carry,904,True,validated_core_event_team_scope,True,False,190.168,2,d23d9dca-6443-465b-990a-5f727f37fb4d,True,True,True,safe_validated_frame_vector,83.7,58.8,83.7,58.8,81.7,57.0,83.7,58.8,81.7,57.0,-2.0,-1.7999999999999972,2.69072480941474,1.367999999999995,Granit Xhaka,Bayer Leverkusen,,,validated_spatial_anchor,0.0,83.7,2.0,,,negative_0002,1.0,nonpositive_0002,1.0,C04,533862946a73608c134d18b78226b6371ce7173c
3895052,1,12,904,165,00:03:10.351,Pressure,182,True,validated_core_event_team_scope,True,False,190.351,3,da740118-c2d3-48d1-ba3d-e86632ea06db,False,False,False,not_leverkusen_pass_carry,81.6,53.9,38.4,26.1,,,,,,,,,,1.5509999999999875,Xavi Simons,RB Leipzig,counterpress:true,,validated_spatial_anchor,0.1829999999999927,,,,,,,,,C04,533862946a73608c134d18b78226b6371ce7173c
3895052,1,12,904,166,00:03:10.613,Pass,904,True,validated_core_event_team_scope,True,False,190.613,4,34d82d40-22e7-4f4d-b3d0-5f9a88860924,True,True,True,safe_validated_frame_vector,81.7,57.0,81.7,57.0,88.0,58.4,81.7,57.0,88.0,58.4,6.299999999999997,1.3999999999999986,6.453681120105018,1.812999999999988,Granit Xhaka,Bayer Leverkusen,,,validated_spatial_anchor,0.2620000000000004,88.0,0.0,positive_0005,1.0,,,,,C04,533862946a73608c134d18b78226b6371ce7173c
3895052,1,12,904,167,00:03:11.318,Ball Receipt*,904,True,unsupported_event_type,False,False,191.318,5,780261b4-a187-46bb-8369-6c70391fa578,False,False,False,not_leverkusen_pass_carry,,,88.0,58.4,,,,,,,,,,2.5180000000000007,Florian Wirtz,Bayer Leverkusen,,,linked_360_unsupported_semantics,0.7050000000000125,,,,,,,,,C04,533862946a73608c134d18b78226b6371ce7173c
3895052,1,12,904,168,00:03:11.318,Pass,904,True,validated_core_event_team_scope,True,False,191.318,6,5583139b-aaef-4d91-bbb9-08100da01eed,True,True,True,safe_validated_frame_vector,86.0,58.8,86.0,58.8,66.7,36.3,86.0,58.8,66.7,36.3,-19.3,-22.5,29.643549045281333,2.5180000000000007,Florian Wirtz,Bayer Leverkusen,,,validated_spatial_anchor,0.0,88.0,21.3,,,negative_0003,1.0,nonpositive_0003,1.0,C04,533862946a73608c134d18b78226b6371ce7173c
3895052,1,12,904,169,00:03:13.123,Ball Receipt*,904,True,unsupported_event_type,False,False,193.123,7,85de58e9-2b57-44f2-bd15-43c8614785e7,False,False,False,not_leverkusen_pass_carry,,,66.7,36.3,,,,,,,,,,4.322999999999979,Edmond Fayçal Tapsoba,Bayer Leverkusen,,,linked_360_unsupported_semantics,1.8049999999999784,,,,,,,,,C04,533862946a73608c134d18b78226b6371ce7173c
3895052,1,12,904,170,00:03:13.123,Carry,904,True,validated_core_event_team_scope,True,False,193.123,8,aadb06a8-0a17-4549-9719-2ceb370973e3,True,True,True,safe_validated_frame_vector,66.7,36.3,66.7,36.3,84.7,20.6,66.7,36.3,84.7,20.6,18.0,-15.699999999999996,23.884932488914423,4.322999999999979,Edmond Fayçal Tapsoba,Bayer Leverkusen,,,validated_spatial_anchor,0.0,88.0,3.299999999999997,positive_0006,1.0,,,,,C04,533862946a73608c134d18b78226b6371ce7173c
3895052,1,12,904,171,00:03:16.050,Pass,904,True,validated_core_event_team_scope,True,False,196.05,9,a5b88451-ad44-4809-a52a-f2cce2822d77,True,True,True,safe_validated_frame_vector,84.7,20.6,84.7,20.6,97.2,5.1,84.7,20.6,97.2,5.1,12.5,-15.500000000000002,19.91230775173988,7.25,Edmond Fayçal Tapsoba,Bayer Leverkusen,,,validated_spatial_anchor,2.927000000000021,97.2,0.0,positive_0006,2.0,,,,,C04,533862946a73608c134d18b78226b6371ce7173c
3895052,1,12,904,172,00:03:17.584,Ball Receipt*,904,False,no_360_frame,False,False,197.584,10,792dbee9-5755-449b-9dd8-fdfab7f99ccd,False,False,False,not_leverkusen_pass_carry,,,97.2,5.1,,,,,,,,,,8.783999999999992,Alejandro Grimaldo García,Bayer Leverkusen,,,no_360_frame,1.5339999999999918,,,,,,,,,C04,533862946a73608c134d18b78226b6371ce7173c
3895052,1,12,904,173,00:03:17.584,Carry,904,False,no_360_frame,False,False,197.584,11,16625b7e-c911-4dbb-bd7b-b772e039684e,False,True,True,unsupported_or_unlinked_frame,,,97.2,5.1,97.2,5.7,,,,,,,,8.783999999999992,Alejandro Grimaldo García,Bayer Leverkusen,,,no_360_frame,0.0,,,,,,,,,C04,533862946a73608c134d18b78226b6371ce7173c
3895052,1,12,904,174,00:03:20.205,Pass,904,False,no_360_frame,False,False,200.205,12,a063c968-204d-444d-ba8e-b8defaed5422,False,True,True,unsupported_or_unlinked_frame,,,97.2,5.7,76.9,4.9,,,,,,,,11.405,Alejandro Grimaldo García,Bayer Leverkusen,,,no_360_frame,2.6210000000000093,,,,,,,,,C04,533862946a73608c134d18b78226b6371ce7173c
3895052,1,12,904,175,00:03:21.879,Ball Receipt*,904,True,unsupported_event_type,False,False,201.879,13,ba29c511-5821-4bd5-9891-5b1eeabd18d0,False,False,False,not_leverkusen_pass_carry,,,76.9,4.9,,,,,,,,,,13.07899999999998,Edmond Fayçal Tapsoba,Bayer Leverkusen,,,linked_360_unsupported_semantics,1.6739999999999782,,,,,,,,,C04,533862946a73608c134d18b78226b6371ce7173c
3895052,1,12,904,176,00:03:21.879,Carry,904,True,validated_core_event_team_scope,True,False,201.879,14,f06ec916-de24-4b51-9778-0f0264c35cca,True,True,True,safe_validated_frame_vector,76.9,4.9,76.9,4.9,70.9,19.4,76.9,4.9,70.9,19.4,-6.0,14.499999999999998,15.692354826475214,13.07899999999998,Edmond Fayçal Tapsoba,Bayer Leverkusen,,,validated_spatial_anchor,0.0,97.2,26.3,,,negative_0004,1.0,nonpositive_0004,1.0,C04,533862946a73608c134d18b78226b6371ce7173c
3895052,1,12,904,177,00:03:28.593,Pass,904,True,validated_core_event_team_scope,True,False,208.593,15,9719df55-b7b8-4c59-8bff-7836593b60db,True,True,True,safe_validated_frame_vector,70.9,19.4,70.9,19.4,63.7,35.5,70.9,19.4,63.7,35.5,-7.200000000000003,16.1,17.636609651517496,19.792999999999974,Edmond Fayçal Tapsoba,Bayer Leverkusen,,,validated_spatial_anchor,6.713999999999999,97.2,33.5,,,negative_0004,2.0,nonpositive_0004,2.0,C04,533862946a73608c134d18b78226b6371ce7173c
3895052,1,12,904,178,00:03:29.846,Ball Receipt*,904,True,unsupported_event_type,False,False,209.846,16,570d413f-e9ef-4233-be62-293f256249c7,False,False,False,not_leverkusen_pass_carry,,,63.7,35.5,,,,,,,,,,21.045999999999992,Jonathan Tah,Bayer Leverkusen,,,linked_360_unsupported_semantics,1.2530000000000143,,,,,,,,,C04,533862946a73608c134d18b78226b6371ce7173c
3895052,1,12,904,179,00:03:29.846,Carry,904,True,validated_core_event_team_scope,True,False,209.846,17,5b787a90-5908-442c-948c-798530d53b46,True,True,True,safe_validated_frame_vector,63.7,35.5,63.7,35.5,66.1,40.1,63.7,35.5,66.1,40.1,2.3999999999999915,4.600000000000001,5.188448708429136,21.045999999999992,Jonathan Tah,Bayer Leverkusen,,,validated_spatial_anchor,0.0,97.2,31.10000000000001,positive_0007,1.0,,,,,C04,533862946a73608c134d18b78226b6371ce7173c
3895052,1,12,904,180,00:03:34.660,Pass,904,True,validated_core_event_team_scope,True,False,214.66,18,b15b063c-fba0-4b35-93e3-12c1ab5450b3,True,True,True,safe_validated_frame_vector,66.1,40.1,66.1,40.1,79.1,63.4,66.1,40.1,79.1,63.4,13.0,23.3,26.68126683649035,25.859999999999985,Jonathan Tah,Bayer Leverkusen,,,validated_spatial_anchor,4.813999999999993,97.2,18.10000000000001,positive_0007,2.0,,,,,C04,533862946a73608c134d18b78226b6371ce7173c
3895052,1,12,904,181,00:03:36.019,Ball Receipt*,904,True,unsupported_event_type,False,False,216.019,19,4866a692-7e59-4811-a95d-c7173eeb85fe,False,False,False,not_leverkusen_pass_carry,,,79.1,63.4,,,,,,,,,,27.218999999999998,Jonas Hofmann,Bayer Leverkusen,,,linked_360_unsupported_semantics,1.3590000000000089,,,,,,,,,C04,533862946a73608c134d18b78226b6371ce7173c
3895052,1,12,904,182,00:03:36.019,Carry,904,True,validated_core_event_team_scope,True,False,216.019,20,9b6cc51b-41c3-44f2-b430-c1cdea81a90b,True,True,True,safe_validated_frame_vector,79.1,63.4,79.1,63.4,79.3,66.6,79.1,63.4,79.3,66.6,0.2000000000000028,3.199999999999996,3.206243908376276,27.218999999999998,Jonas Hofmann,Bayer Leverkusen,,,validated_spatial_anchor,0.0,97.2,17.900000000000006,positive_0007,3.0,,,,,C04,533862946a73608c134d18b78226b6371ce7173c
3895052,1,12,904,183,00:03:36.846,Pass,904,True,validated_core_event_team_scope,True,False,216.846,21,9d7289ce-6be1-4143-a8b3-500601193388,True,True,True,safe_validated_frame_vector,79.3,66.6,79.3,66.6,78.1,57.2,79.3,66.6,78.1,57.2,-1.2000000000000028,-9.399999999999991,9.476286192385698,28.045999999999992,Jonas Hofmann,Bayer Leverkusen,,,validated_spatial_anchor,0.8269999999999982,97.2,19.10000000000001,,,negative_0005,1.0,nonpositive_0005,1.0,C04,533862946a73608c134d18b78226b6371ce7173c
3895052,1,12,904,184,00:03:37.621,Ball Receipt*,904,True,unsupported_event_type,False,False,217.621,22,a0cfcf0d-f03d-46ec-8dcc-194639d0c715,False,False,False,not_leverkusen_pass_carry,,,78.1,57.2,,,,,,,,,,28.821,Exequiel Alejandro Palacios,Bayer Leverkusen,,,linked_360_unsupported_semantics,0.7750000000000057,,,,,,,,,C04,533862946a73608c134d18b78226b6371ce7173c
3895052,1,12,904,185,00:03:37.621,Pass,904,True,validated_core_event_team_scope,True,False,217.621,23,4b21d046-f779-4e7c-99c5-f2eee961332c,True,True,True,safe_validated_frame_vector,78.1,57.2,78.1,57.2,67.5,62.2,78.1,57.2,67.5,62.2,-10.599999999999994,5.0,11.720068259186885,28.821,Exequiel Alejandro Palacios,Bayer Leverkusen,,,validated_spatial_anchor,0.0,97.2,29.700000000000003,,,negative_0005,2.0,nonpositive_0005,2.0,C04,533862946a73608c134d18b78226b6371ce7173c
3895052,1,12,904,186,00:03:38.454,Ball Receipt*,904,True,unsupported_event_type,False,False,218.454,24,f9bff61d-0d29-4680-ac6c-4a1f22f13c91,False,False,False,not_leverkusen_pass_carry,,,67.5,62.2,,,,,,,,,,29.654,Odilon Kossonou,Bayer Leverkusen,,,linked_360_unsupported_semantics,0.8329999999999984,,,,,,,,,C04,533862946a73608c134d18b78226b6371ce7173c
3895052,1,12,904,187,00:03:38.454,Pass,904,True,validated_core_event_team_scope,True,False,218.454,25,9d5a3faa-7ecb-4013-ba26-df5791af290b,True,True,True,safe_validated_frame_vector,67.9,61.6,67.9,61.6,65.1,43.7,67.9,61.6,65.1,43.7,-2.800000000000012,-17.9,18.11767093199344,29.654,Odilon Kossonou,Bayer Leverkusen,,,validated_spatial_anchor,0.0,97.2,32.10000000000001,,,negative_0005,3.0,nonpositive_0005,3.0,C04,533862946a73608c134d18b78226b6371ce7173c
3895052,1,12,904,188,00:03:39.821,Ball Receipt*,904,True,unsupported_event_type,False,False,219.821,26,6eba3fdc-1e7b-4669-a60e-a2bf7c9c96fe,False,False,False,not_leverkusen_pass_carry,,,65.1,43.7,,,,,,,,,,31.020999999999987,Jonathan Tah,Bayer Leverkusen,,,linked_360_unsupported_semantics,1.3669999999999902,,,,,,,,,C04,533862946a73608c134d18b78226b6371ce7173c
3895052,1,12,904,189,00:03:39.821,Pass,904,True,validated_core_event_team_scope,True,False,219.821,27,3e42c418-9417-42a7-ad68-351e0e79f13e,True,True,True,safe_validated_frame_vector,61.9,44.7,61.9,44.7,57.0,34.3,61.9,44.7,57.0,34.3,-4.899999999999999,-10.400000000000006,11.496521212958296,31.020999999999987,Jonathan Tah,Bayer Leverkusen,,,validated_spatial_anchor,0.0,97.2,40.2,,,negative_0005,4.0,nonpositive_0005,4.0,C04,533862946a73608c134d18b78226b6371ce7173c
3895052,1,12,904,190,00:03:41.300,Ball Receipt*,904,True,unsupported_event_type,False,False,221.3,28,49febf50-2306-4c19-a94e-c8c9bdac5e80,False,False,False,not_leverkusen_pass_carry,,,57.0,34.3,,,,,,,,,,32.5,Edmond Fayçal Tapsoba,Bayer Leverkusen,,,linked_360_unsupported_semantics,1.4790000000000134,,,,,,,,,C04,533862946a73608c134d18b78226b6371ce7173c
3895052,1,12,904,191,00:03:41.300,Carry,904,True,validated_core_event_team_scope,True,False,221.3,29,d3b4d9da-a36c-486b-8bf2-be36d0654638,True,True,True,safe_validated_frame_vector,57.0,34.3,57.0,34.3,51.6,31.3,57.0,34.3,51.6,31.3,-5.399999999999999,-2.9999999999999964,6.177378084592197,32.5,Edmond Fayçal Tapsoba,Bayer Leverkusen,,,validated_spatial_anchor,0.0,97.2,45.6,,,negative_0005,5.0,nonpositive_0005,5.0,C04,533862946a73608c134d18b78226b6371ce7173c
3895052,1,12,904,192,00:03:42.163,Pass,904,True,validated_core_event_team_scope,True,False,222.163,30,b8d67360-7f6b-4662-a00d-fed1eb6f1ba6,True,True,True,safe_validated_frame_vector,51.6,31.3,51.6,31.3,14.2,45.7,51.6,31.3,14.2,45.7,-37.400000000000006,14.400000000000002,40.07642698644679,33.363,Edmond Fayçal Tapsoba,Bayer Leverkusen,,,validated_spatial_anchor,0.8629999999999995,97.2,83.0,,,negative_0005,6.0,nonpositive_0005,6.0,C04,533862946a73608c134d18b78226b6371ce7173c
3895052,1,12,904,193,00:03:44.792,Ball Receipt*,904,True,unsupported_event_type,False,False,224.792,31,36f7128d-31b5-4f4f-b928-79e4bb8363ab,False,False,False,not_leverkusen_pass_carry,,,14.2,45.7,,,,,,,,,,35.99199999999999,Lukáš Hrádecký,Bayer Leverkusen,,,linked_360_unsupported_semantics,2.6289999999999907,,,,,,,,,C04,533862946a73608c134d18b78226b6371ce7173c
3895052,1,12,904,194,00:03:45.547,Pressure,182,False,no_360_frame,False,False,225.547,32,72f703c6-b9b4-4edd-88b5-3d0684f2468f,False,False,False,not_leverkusen_pass_carry,,,105.5,36.2,,,,,,,,,,36.74699999999999,Ikoma Loïs Openda,RB Leipzig,,,no_360_frame,0.7549999999999955,,,,,,,,,C04,533862946a73608c134d18b78226b6371ce7173c
3895052,1,12,904,195,00:03:45.856,Pass,904,False,no_360_frame,False,False,225.856,33,b296ceac-b0af-48e2-98c4-ceff5443fa35,False,True,True,unsupported_or_unlinked_frame,,,13.6,47.5,56.0,59.6,,,,,,,,37.05599999999998,Lukáš Hrádecký,Bayer Leverkusen,pass.outcome:Incomplete,,no_360_frame,0.3089999999999975,,,,,,,,,C04,533862946a73608c134d18b78226b6371ce7173c
3895052,1,12,904,196,00:03:47.798,Ball Recovery,182,True,unsupported_event_type,False,False,227.798,34,7c659f16-3145-4393-96ad-541b504c8f13,False,False,False,not_leverkusen_pass_carry,,,64.1,20.5,,,,,,,,,,38.99799999999999,Xaver Schlager,RB Leipzig,type:Ball Recovery,,linked_360_unsupported_semantics,1.9420000000000075,,,,,,,,,C04,533862946a73608c134d18b78226b6371ce7173c
3895052,1,12,904,197,00:03:47.798,Carry,182,True,validated_core_event_team_scope,True,False,227.798,35,d53b30ec-a2c0-4e13-8619-f7aace475d28,False,False,False,not_leverkusen_pass_carry,55.900000000000006,59.5,64.1,20.5,,,,,,,,,,38.99799999999999,Xaver Schlager,RB Leipzig,,,validated_spatial_anchor,0.0,,,,,,,,,C04,533862946a73608c134d18b78226b6371ce7173c
3895052,1,12,904,198,00:03:48.587,Pressure,904,True,validated_core_event_team_scope,True,False,228.587,36,b1930f44-1c66-426c-8ca9-c5c9dc54fb27,False,False,False,not_leverkusen_pass_carry,55.6,64.8,55.6,64.8,,,,,,,,,,39.78699999999998,Jonas Hofmann,Bayer Leverkusen,counterpress:true,,validated_spatial_anchor,0.7889999999999873,,,,,,,,,C04,533862946a73608c134d18b78226b6371ce7173c
3895052,1,12,904,199,00:03:48.951,Pass,182,True,validated_core_event_team_scope,True,False,228.951,37,d6f9d7cd-642d-476b-afae-e6d251554cde,False,False,False,not_leverkusen_pass_carry,55.7,68.7,64.3,11.3,,,,,,,,,,40.15099999999998,Xaver Schlager,RB Leipzig,pass.outcome:Incomplete,,validated_spatial_anchor,0.3640000000000043,,,,,,,,,C04,533862946a73608c134d18b78226b6371ce7173c
3895052,1,12,904,200,00:03:51.646,Ball Recovery,904,True,unsupported_event_type,False,False,231.646,38,01de2f19-a51f-4e53-add3-1887e7f141fb,False,False,False,not_leverkusen_pass_carry,,,26.1,55.8,,,,,,,,,,42.845999999999975,Jonathan Tah,Bayer Leverkusen,type:Ball Recovery,,linked_360_unsupported_semantics,2.694999999999993,,,,,,,,,C04,533862946a73608c134d18b78226b6371ce7173c
3895052,1,12,904,201,00:03:51.646,Carry,904,True,validated_core_event_team_scope,True,False,231.646,39,e21a8f4f-eaf7-4772-99da-dfc8385e7a48,True,True,True,safe_validated_frame_vector,26.1,55.8,26.1,55.8,14.2,69.6,26.1,55.8,14.2,69.6,-11.900000000000002,13.799999999999995,18.222239159883724,42.845999999999975,Jonathan Tah,Bayer Leverkusen,,,validated_spatial_anchor,0.0,97.2,83.0,,,negative_0005,7.0,nonpositive_0005,7.0,C04,533862946a73608c134d18b78226b6371ce7173c
3895052,1,12,904,202,00:03:55.039,Pass,904,False,no_360_frame,False,False,235.039,40,4c13ef4b-f1bc-41ec-bce8-379094aee5ab,False,True,True,unsupported_or_unlinked_frame,,,14.2,69.6,26.9,57.0,,,,,,,,46.238999999999976,Jonathan Tah,Bayer Leverkusen,,,no_360_frame,3.3930000000000007,,,,,,,,,C04,533862946a73608c134d18b78226b6371ce7173c
3895052,1,12,904,203,00:03:56.087,Ball Receipt*,904,False,no_360_frame,False,False,236.087,41,7a5f3edb-7387-472d-9ab8-d44a4ed350ed,False,False,False,not_leverkusen_pass_carry,,,26.9,57.0,,,,,,,,,,47.28699999999998,Exequiel Alejandro Palacios,Bayer Leverkusen,,,no_360_frame,1.0480000000000018,,,,,,,,,C04,533862946a73608c134d18b78226b6371ce7173c
3895052,1,12,904,204,00:03:56.087,Carry,904,False,no_360_frame,False,False,236.087,42,9ee72651-72db-4196-af2f-388ee1f6a92c,False,True,True,unsupported_or_unlinked_frame,,,26.9,57.0,25.9,62.2,,,,,,,,47.28699999999998,Exequiel Alejandro Palacios,Bayer Leverkusen,,,no_360_frame,0.0,,,,,,,,,C04,533862946a73608c134d18b78226b6371ce7173c
3895052,1,12,904,205,00:03:56.505,Pressure,182,False,no_360_frame,False,False,236.505,43,bc13fb18-c79a-4285-8048-4ce55d990c06,False,False,False,not_leverkusen_pass_carry,,,91.8,23.9,,,,,,,,,,47.704999999999984,Xaver Schlager,RB Leipzig,,,no_360_frame,0.4180000000000063,,,,,,,,,C04,533862946a73608c134d18b78226b6371ce7173c
3895052,1,12,904,206,00:03:57.406,Pass,904,False,no_360_frame,False,False,237.406,44,48d10da6-9958-476a-ae24-618d673f3fef,False,True,True,unsupported_or_unlinked_frame,,,25.9,62.2,25.9,72.8,,,,,,,,48.606,Exequiel Alejandro Palacios,Bayer Leverkusen,,,no_360_frame,0.9010000000000103,,,,,,,,,C04,533862946a73608c134d18b78226b6371ce7173c
3895052,1,12,904,207,00:03:58.616,Ball Receipt*,904,True,unsupported_event_type,False,False,238.616,45,8b9045a9-99bf-4e9e-83a6-79404c3c903d,False,False,False,not_leverkusen_pass_carry,,,25.9,72.8,,,,,,,,,,49.816,Odilon Kossonou,Bayer Leverkusen,,,linked_360_unsupported_semantics,1.210000000000008,,,,,,,,,C04,533862946a73608c134d18b78226b6371ce7173c
3895052,1,12,904,208,00:03:58.616,Carry,904,True,validated_core_event_team_scope,True,False,238.616,46,41fd0101-4197-4b4d-adcc-4bb242e5f3f7,True,True,True,safe_validated_frame_vector,25.9,72.8,25.9,72.8,26.9,74.2,25.9,72.8,26.9,74.2,1.0,1.4000000000000057,1.72046505340853,49.816,Odilon Kossonou,Bayer Leverkusen,,,validated_spatial_anchor,0.0,97.2,70.30000000000001,positive_0008,1.0,,,,,C04,533862946a73608c134d18b78226b6371ce7173c
3895052,1,12,904,209,00:03:59.018,Pressure,182,True,validated_core_event_team_scope,True,False,239.018,47,327d219f-afa6-44c2-8514-3b3dce674bd4,False,False,False,not_leverkusen_pass_carry,27.8,70.9,92.2,9.1,,,,,,,,,,50.21799999999999,Nicolas Seiwald,RB Leipzig,,,validated_spatial_anchor,0.4019999999999868,,,,,,,,,C04,533862946a73608c134d18b78226b6371ce7173c
3895052,1,12,904,210,00:03:59.054,Pass,904,True,validated_core_event_team_scope,True,False,239.054,48,9db6a916-bdf3-459f-86dd-c6899468b928,True,True,True,safe_validated_frame_vector,26.9,74.2,26.9,74.2,46.4,66.4,26.9,74.2,46.4,66.4,19.5,-7.799999999999997,21.002142747824564,50.25399999999999,Odilon Kossonou,Bayer Leverkusen,,,validated_spatial_anchor,0.0360000000000013,97.2,50.8,positive_0008,2.0,,,,,C04,533862946a73608c134d18b78226b6371ce7173c
3895052,1,12,904,211,00:04:00.301,Ball Receipt*,904,True,unsupported_event_type,False,False,240.301,49,bc772473-a54b-4286-ac90-3e7a2cde57cf,False,False,False,not_leverkusen_pass_carry,,,46.4,66.4,,,,,,,,,,51.500999999999976,Jonas Hofmann,Bayer Leverkusen,,,linked_360_unsupported_semantics,1.2469999999999857,,,,,,,,,C04,533862946a73608c134d18b78226b6371ce7173c
3895052,1,12,904,212,00:04:00.301,Carry,904,True,validated_core_event_team_scope,True,False,240.301,50,abf61b42-aee9-42ec-a079-7587daf41665,True,True,True,safe_validated_frame_vector,46.4,66.4,46.4,66.4,45.0,65.6,46.4,66.4,45.0,65.6,-1.3999999999999986,-0.8000000000000114,1.6124515496597145,51.500999999999976,Jonas Hofmann,Bayer Leverkusen,,,validated_spatial_anchor,0.0,97.2,52.2,,,negative_0006,1.0,nonpositive_0006,1.0,C04,533862946a73608c134d18b78226b6371ce7173c
3895052,1,12,904,213,00:04:00.828,Pressure,182,True,validated_core_event_team_scope,True,False,240.828,51,3c451d86-3acc-459b-b147-66e17620685d,False,False,False,not_leverkusen_pass_carry,46.1,61.9,73.9,18.1,,,,,,,,,,52.02799999999999,Xaver Schlager,RB Leipzig,,,validated_spatial_anchor,0.5270000000000152,,,,,,,,,C04,533862946a73608c134d18b78226b6371ce7173c
3895052,1,12,904,214,00:04:01.198,Pass,904,True,validated_core_event_team_scope,True,False,241.198,52,73248c73-24d7-467d-a8a3-c4460a8a8eda,True,True,True,safe_validated_frame_vector,45.0,65.6,45.0,65.6,56.0,54.2,45.0,65.6,56.0,54.2,11.0,-11.399999999999991,15.841717078650277,52.398,Jonas Hofmann,Bayer Leverkusen,,,validated_spatial_anchor,0.3700000000000045,97.2,41.2,positive_0009,1.0,,,,,C04,533862946a73608c134d18b78226b6371ce7173c
3895052,1,12,904,215,00:04:01.894,Ball Receipt*,904,True,unsupported_event_type,False,False,241.894,53,cff9e25c-04ef-48fa-aa6c-7d6793b46550,False,False,False,not_leverkusen_pass_carry,,,56.0,54.2,,,,,,,,,,53.094,Florian Wirtz,Bayer Leverkusen,,,linked_360_unsupported_semantics,0.695999999999998,,,,,,,,,C04,533862946a73608c134d18b78226b6371ce7173c
3895052,1,12,904,216,00:04:01.894,Carry,904,True,validated_core_event_team_scope,True,False,241.894,54,9cb7e597-9ad0-4bce-86f1-4882ed215819,True,True,True,safe_validated_frame_vector,56.0,54.2,56.0,54.2,79.3,51.9,56.0,54.2,79.3,51.9,23.3,-2.3000000000000043,23.41324411524383,53.094,Florian Wirtz,Bayer Leverkusen,,,validated_spatial_anchor,0.0,97.2,17.900000000000006,positive_0009,2.0,,,,,C04,533862946a73608c134d18b78226b6371ce7173c
3895052,1,12,904,217,00:04:05.203,Pass,904,True,validated_core_event_team_scope,True,False,245.203,55,21dede0b-3592-49ea-a9d5-89ac71b1b282,True,True,True,safe_validated_frame_vector,79.3,51.9,79.3,51.9,109.5,54.6,79.3,51.9,109.5,54.6,30.200000000000003,2.700000000000003,30.32045514170261,56.40299999999999,Florian Wirtz,Bayer Leverkusen,pass.outcome:Incomplete,,validated_spatial_anchor,3.308999999999997,109.5,0.0,positive_0009,3.0,,,,,C04,533862946a73608c134d18b78226b6371ce7173c
3895052,1,12,904,218,00:04:07.779,Pressure,904,True,validated_core_event_team_scope,True,False,247.779,56,e5f06414-6c61-4d30-abea-76dc87ee2f51,False,False,False,not_leverkusen_pass_carry,111.5,56.6,111.5,56.6,,,,,,,,,,58.97899999999999,Jeremie Frimpong,Bayer Leverkusen,,,validated_spatial_anchor,2.5759999999999934,,,,,,,,,C04,533862946a73608c134d18b78226b6371ce7173c
3895052,1,12,904,219,00:04:08.334,Ball Receipt*,904,True,unsupported_event_type,False,False,248.334,57,5bc6657b-a17c-486e-ad59-22672d97b128,False,False,False,not_leverkusen_pass_carry,,,108.1,55.6,,,,,,,,,,59.53399999999999,Jeremie Frimpong,Bayer Leverkusen,ball_receipt.outcome:Incomplete,,linked_360_unsupported_semantics,0.5550000000000068,,,,,,,,,C04,533862946a73608c134d18b78226b6371ce7173c
3895052,2,174,904,3610,00:47:45.116,Pass,904,True,validated_core_event_team_scope,True,False,2865.116,0,9930971f-9db7-4f2f-a380-126606161c4c,True,True,True,safe_validated_frame_vector,70.4,65.6,70.4,65.6,83.2,78.2,70.4,65.6,83.2,78.2,12.799999999999995,12.600000000000009,17.96106901050158,0.0,Odilon Kossonou,Bayer Leverkusen,pass.type:Free Kick,Free Kick,validated_spatial_anchor,,83.2,0.0,positive_0194,1.0,,,,,C05,533862946a73608c134d18b78226b6371ce7173c
3895052,2,174,904,3611,00:47:46.349,Ball Receipt*,904,True,unsupported_event_type,False,False,2866.349,1,3e7b91bb-e222-43f0-af00-0cc4e06a24f0,False,False,False,not_leverkusen_pass_carry,,,83.2,78.2,,,,,,,,,,1.2330000000001746,Arthur Augusto de Matos Soares,Bayer Leverkusen,,,linked_360_unsupported_semantics,1.2330000000001746,,,,,,,,,C05,533862946a73608c134d18b78226b6371ce7173c
3895052,2,174,904,3612,00:47:46.349,Carry,904,True,validated_core_event_team_scope,True,False,2866.349,2,a2903c1b-802e-48ce-b0f6-511f1e153168,True,True,True,safe_validated_frame_vector,83.2,78.2,83.2,78.2,69.1,76.1,83.2,78.2,69.1,76.1,-14.100000000000009,-2.1000000000000085,14.255525244620076,1.2330000000001746,Arthur Augusto de Matos Soares,Bayer Leverkusen,,,validated_spatial_anchor,0.0,83.2,14.100000000000009,,,negative_0157,1.0,nonpositive_0156,1.0,C05,533862946a73608c134d18b78226b6371ce7173c
3895052,2,174,904,3613,00:47:47.117,Pressure,182,True,validated_core_event_team_scope,True,False,2867.117,3,2490134e-4597-4c05-a55b-20352baa6dfd,False,False,False,not_leverkusen_pass_carry,80.6,77.5,39.4,2.5,,,,,,,,,,2.001000000000204,Daniel Olmo Carvajal,RB Leipzig,,,validated_spatial_anchor,0.7680000000000291,,,,,,,,,C05,533862946a73608c134d18b78226b6371ce7173c
3895052,2,174,904,3614,00:47:49.148,Pass,904,True,validated_core_event_team_scope,True,False,2869.148,4,4fb5f3e0-526b-4f39-a9f6-ddbbf1bd0453,True,True,True,safe_validated_frame_vector,69.1,76.1,69.1,76.1,35.3,55.4,69.1,76.1,35.3,55.4,-33.8,-20.7,39.63495931623999,4.032000000000153,Arthur Augusto de Matos Soares,Bayer Leverkusen,,,validated_spatial_anchor,2.030999999999949,83.2,47.900000000000006,,,negative_0157,2.0,nonpositive_0156,2.0,C05,533862946a73608c134d18b78226b6371ce7173c
3895052,2,174,904,3615,00:47:52.083,Ball Receipt*,904,True,unsupported_event_type,False,False,2872.083,5,bc8e04ca-5ee0-40ed-8198-cc395938175e,False,False,False,not_leverkusen_pass_carry,,,35.3,55.4,,,,,,,,,,6.967000000000098,Lukáš Hrádecký,Bayer Leverkusen,,,linked_360_unsupported_semantics,2.934999999999945,,,,,,,,,C05,533862946a73608c134d18b78226b6371ce7173c
3895052,2,174,904,3616,00:47:52.083,Carry,904,True,validated_core_event_team_scope,True,False,2872.083,6,ea1a2dfb-4586-4f93-9232-422f33df8e28,True,True,True,safe_validated_frame_vector,35.3,55.4,35.3,55.4,35.3,55.4,35.3,55.4,35.3,55.4,0.0,0.0,0.0,6.967000000000098,Lukáš Hrádecký,Bayer Leverkusen,,,validated_spatial_anchor,0.0,83.2,47.900000000000006,,,,,nonpositive_0156,3.0,C05,533862946a73608c134d18b78226b6371ce7173c
3895052,2,174,904,3617,00:47:52.123,Pass,904,True,validated_core_event_team_scope,True,False,2872.123,7,7299cd3c-b007-4e48-94fa-07b52ad686fa,True,True,True,safe_validated_frame_vector,35.3,55.4,35.3,55.4,83.7,55.6,35.3,55.4,83.7,55.6,48.400000000000006,0.2000000000000028,48.40041322137653,7.007000000000062,Lukáš Hrádecký,Bayer Leverkusen,,,validated_spatial_anchor,0.0399999999999636,83.7,0.0,positive_0195,1.0,,,,,C05,533862946a73608c134d18b78226b6371ce7173c
3895052,2,174,904,3618,00:47:56.198,Ball Receipt*,904,True,unsupported_event_type,False,False,2876.198,8,d10e0531-6b9a-46ae-ad6b-1610ac07c617,False,False,False,not_leverkusen_pass_carry,,,83.7,55.6,,,,,,,,,,11.08199999999988,Adam Hložek,Bayer Leverkusen,,,linked_360_unsupported_semantics,4.074999999999818,,,,,,,,,C05,533862946a73608c134d18b78226b6371ce7173c
3895052,2,174,904,3619,00:47:56.198,Pass,904,True,validated_core_event_team_scope,True,False,2876.198,9,ff94b494-3e7f-4c71-b077-a3960122a10d,True,True,True,safe_validated_frame_vector,83.7,55.6,83.7,55.6,76.4,74.8,83.7,55.6,76.4,74.8,-7.299999999999997,19.2,20.540934740171878,11.08199999999988,Adam Hložek,Bayer Leverkusen,,,validated_spatial_anchor,0.0,83.7,7.299999999999997,,,negative_0158,1.0,nonpositive_0157,1.0,C05,533862946a73608c134d18b78226b6371ce7173c
3895052,2,174,904,3620,00:47:58.370,Ball Receipt*,904,True,unsupported_event_type,False,False,2878.37,10,f26271f5-8999-4aae-8fd2-e1e39927b227,False,False,False,not_leverkusen_pass_carry,,,76.4,74.8,,,,,,,,,,13.253999999999904,Exequiel Alejandro Palacios,Bayer Leverkusen,,,linked_360_unsupported_semantics,2.172000000000025,,,,,,,,,C05,533862946a73608c134d18b78226b6371ce7173c
3895052,2,174,904,3621,00:47:58.370,Carry,904,True,validated_core_event_team_scope,True,False,2878.37,11,af421287-7ddd-4a4a-8142-6ca903754335,True,True,True,safe_validated_frame_vector,76.4,74.8,76.4,74.8,71.9,75.7,76.4,74.8,71.9,75.7,-4.5,0.9000000000000057,4.589117562233508,13.253999999999904,Exequiel Alejandro Palacios,Bayer Leverkusen,,,validated_spatial_anchor,0.0,83.7,11.799999999999995,,,negative_0158,2.0,nonpositive_0157,2.0,C05,533862946a73608c134d18b78226b6371ce7173c
3895052,2,174,904,3622,00:47:59.602,Pass,904,True,validated_core_event_team_scope,True,False,2879.602,12,80c8f8c2-0193-406e-8c22-ec2a389aa26c,True,True,True,safe_validated_frame_vector,71.9,75.7,71.9,75.7,71.1,65.8,71.9,75.7,71.1,65.8,-0.8000000000000114,-9.900000000000006,9.932270636667132,14.485999999999876,Exequiel Alejandro Palacios,Bayer Leverkusen,,,validated_spatial_anchor,1.231999999999971,83.7,12.600000000000009,,,negative_0158,3.0,nonpositive_0157,3.0,C05,533862946a73608c134d18b78226b6371ce7173c
3895052,2,174,904,3623,00:48:00.255,Ball Receipt*,904,True,unsupported_event_type,False,False,2880.255,13,fcc72bdc-20c0-4af5-b697-a09a591d5a0f,False,False,False,not_leverkusen_pass_carry,,,71.1,65.8,,,,,,,,,,15.139000000000124,Robert Andrich,Bayer Leverkusen,,,linked_360_unsupported_semantics,0.6530000000002474,,,,,,,,,C05,533862946a73608c134d18b78226b6371ce7173c
3895052,2,174,904,3624,00:48:00.255,Pass,904,True,validated_core_event_team_scope,True,False,2880.255,14,7ee65826-1644-481c-9934-ff83ab41ce53,True,True,True,safe_validated_frame_vector,73.6,65.8,73.6,65.8,90.1,74.4,73.6,65.8,90.1,74.4,16.5,8.600000000000009,18.60671921645512,15.139000000000124,Robert Andrich,Bayer Leverkusen,,,validated_spatial_anchor,0.0,90.1,0.0,positive_0196,1.0,,,,,C05,533862946a73608c134d18b78226b6371ce7173c
3895052,2,174,904,3625,00:48:01.406,Ball Receipt*,904,True,unsupported_event_type,False,False,2881.406,15,901a5c15-e7bf-4341-9c83-4c442ddbc3d3,False,False,False,not_leverkusen_pass_carry,,,90.1,74.4,,,,,,,,,,16.289999999999964,Adam Hložek,Bayer Leverkusen,,,linked_360_unsupported_semantics,1.15099999999984,,,,,,,,,C05,533862946a73608c134d18b78226b6371ce7173c
3895052,2,174,904,3626,00:48:01.406,Carry,904,True,validated_core_event_team_scope,True,False,2881.406,16,fdd3d4ce-0475-43c3-8d56-557fbf3fd749,True,True,True,safe_validated_frame_vector,90.1,74.4,90.1,74.4,90.3,74.4,90.1,74.4,90.3,74.4,0.2000000000000028,0.0,0.2000000000000028,16.289999999999964,Adam Hložek,Bayer Leverkusen,,,validated_spatial_anchor,0.0,90.3,0.0,positive_0196,2.0,,,,,C05,533862946a73608c134d18b78226b6371ce7173c
3895052,2,174,904,3627,00:48:01.446,Pass,904,True,validated_core_event_team_scope,True,False,2881.446,17,f842d3e0-72bc-49a3-8189-af2225919a65,True,True,True,safe_validated_frame_vector,90.3,74.4,90.3,74.4,98.4,77.8,90.3,74.4,98.4,77.8,8.100000000000009,3.3999999999999915,8.78464569575803,16.329999999999927,Adam Hložek,Bayer Leverkusen,,,validated_spatial_anchor,0.0399999999999636,98.4,0.0,positive_0196,3.0,,,,,C05,533862946a73608c134d18b78226b6371ce7173c
3895052,2,174,904,3628,00:48:02.414,Ball Receipt*,904,True,unsupported_event_type,False,False,2882.414,18,8a1f615a-43c7-427d-bf30-40b6fda19a09,False,False,False,not_leverkusen_pass_carry,,,98.4,77.8,,,,,,,,,,17.29800000000023,Arthur Augusto de Matos Soares,Bayer Leverkusen,,,linked_360_unsupported_semantics,0.968000000000302,,,,,,,,,C05,533862946a73608c134d18b78226b6371ce7173c
3895052,2,174,904,3629,00:48:02.414,Carry,904,True,validated_core_event_team_scope,True,False,2882.414,19,c50c5dfa-eb82-4edc-b552-f16da90dccc7,True,True,True,safe_validated_frame_vector,98.4,77.8,98.4,77.8,113.0,65.0,98.4,77.8,113.0,65.0,14.599999999999994,-12.799999999999995,19.416487838947592,17.29800000000023,Arthur Augusto de Matos Soares,Bayer Leverkusen,,,validated_spatial_anchor,0.0,113.0,0.0,positive_0196,4.0,,,,,C05,533862946a73608c134d18b78226b6371ce7173c
3895052,2,174,904,3630,00:48:05.525,Pass,904,True,validated_core_event_team_scope,True,False,2885.525,20,17da0ca4-217a-41bf-8e18-ececf6c4f92f,True,True,True,safe_validated_frame_vector,113.0,65.0,113.0,65.0,113.4,46.2,113.0,65.0,113.4,46.2,0.4000000000000057,-18.8,18.804254837669053,20.409000000000106,Arthur Augusto de Matos Soares,Bayer Leverkusen,pass.outcome:Incomplete,,validated_spatial_anchor,3.1109999999998763,113.4,0.0,positive_0196,5.0,,,,,C05,533862946a73608c134d18b78226b6371ce7173c
3895052,2,174,904,3631,00:48:06.402,Clearance,182,True,unsupported_event_type,False,False,2886.402,21,3400128f-c5ee-4d98-9c81-9f06d3647f66,False,False,False,not_leverkusen_pass_carry,,,6.7,33.9,,,,,,,,,,21.286000000000055,Willi Orban,RB Leipzig,type:Clearance,,linked_360_unsupported_semantics,0.8769999999999527,,,,,,,,,C05,533862946a73608c134d18b78226b6371ce7173c
3895060,1,23,904,426,00:10:03.897,Pass,904,False,no_360_frame,False,False,603.897,0,3e0fa8d7-fdbf-4ced-9fea-2438d784defa,False,True,True,unsupported_or_unlinked_frame,,,56.1,0.1,39.6,7.6,,,,,,,,0.0,Alejandro Grimaldo García,Bayer Leverkusen,pass.type:Throw-in,Throw-in,no_360_frame,,,,,,,,,,C06,533862946a73608c134d18b78226b6371ce7173c
3895060,1,23,904,427,00:10:05.268,Ball Receipt*,904,True,unsupported_event_type,False,False,605.268,1,9d753300-15ff-4691-a1ad-2ee352640440,False,False,False,not_leverkusen_pass_carry,,,39.6,7.6,,,,,,,,,,1.370999999999981,Edmond Fayçal Tapsoba,Bayer Leverkusen,,,linked_360_unsupported_semantics,1.370999999999981,,,,,,,,,C06,533862946a73608c134d18b78226b6371ce7173c
3895060,1,23,904,428,00:10:05.268,Carry,904,True,validated_core_event_team_scope,True,False,605.268,2,e83b45ba-b473-4cfa-876c-e3377fd1b26d,True,True,True,safe_validated_frame_vector,39.6,7.6,39.6,7.6,45.9,15.5,39.6,7.6,45.9,15.5,6.299999999999997,7.9,10.1044544632553,1.370999999999981,Edmond Fayçal Tapsoba,Bayer Leverkusen,,,validated_spatial_anchor,0.0,45.9,0.0,positive_0001,1.0,,,,,C06,533862946a73608c134d18b78226b6371ce7173c
3895060,1,23,904,429,00:10:08.248,Pass,904,True,validated_core_event_team_scope,True,False,608.248,3,f5dabc96-ca2f-4fd7-b4b4-d28b0641bd6f,True,True,True,safe_validated_frame_vector,45.9,15.5,45.9,15.5,56.2,35.3,45.9,15.5,56.2,35.3,10.300000000000004,19.8,22.31882613400624,4.350999999999999,Edmond Fayçal Tapsoba,Bayer Leverkusen,,,validated_spatial_anchor,2.980000000000018,56.2,0.0,positive_0001,2.0,,,,,C06,533862946a73608c134d18b78226b6371ce7173c
3895060,1,23,904,430,00:10:08.953,Ball Receipt*,904,True,unsupported_event_type,False,False,608.953,4,386d1e25-a7bf-4dea-8554-157dfa688ece,False,False,False,not_leverkusen_pass_carry,,,56.2,35.3,,,,,,,,,,5.055999999999926,Exequiel Alejandro Palacios,Bayer Leverkusen,,,linked_360_unsupported_semantics,0.7049999999999272,,,,,,,,,C06,533862946a73608c134d18b78226b6371ce7173c
3895060,1,23,904,431,00:10:08.953,Carry,904,True,validated_core_event_team_scope,True,False,608.953,5,082448ef-0e2c-4c4f-9e76-ee10a1ddb7f9,True,True,True,safe_validated_frame_vector,56.2,35.3,56.2,35.3,56.5,43.2,56.2,35.3,56.5,43.2,0.2999999999999971,7.900000000000006,7.9056941504209535,5.055999999999926,Exequiel Alejandro Palacios,Bayer Leverkusen,,,validated_spatial_anchor,0.0,56.5,0.0,positive_0001,3.0,,,,,C06,533862946a73608c134d18b78226b6371ce7173c
3895060,1,23,904,432,00:10:15.930,Pass,904,True,validated_core_event_team_scope,True,False,615.93,6,df9bbaa2-bee6-445f-be84-367e9f0921ea,True,True,True,safe_validated_frame_vector,56.5,43.2,56.5,43.2,69.0,20.9,56.5,43.2,69.0,20.9,12.5,-22.300000000000004,25.5644284113688,12.032999999999902,Exequiel Alejandro Palacios,Bayer Leverkusen,,,validated_spatial_anchor,6.976999999999975,69.0,0.0,positive_0001,4.0,,,,,C06,533862946a73608c134d18b78226b6371ce7173c
3895060,1,23,904,433,00:10:16.900,Ball Receipt*,904,True,unsupported_event_type,False,False,616.9,7,5de8a7c2-1696-4304-a97a-81ae02ab44b3,False,False,False,not_leverkusen_pass_carry,,,69.0,20.9,,,,,,,,,,13.002999999999927,Alejandro Grimaldo García,Bayer Leverkusen,,,linked_360_unsupported_semantics,0.9700000000000272,,,,,,,,,C06,533862946a73608c134d18b78226b6371ce7173c
3895060,1,23,904,434,00:10:16.900,Carry,904,True,validated_core_event_team_scope,True,False,616.9,8,45fc878b-2ce7-46a4-9d8c-52f468190dab,True,True,True,safe_validated_frame_vector,69.0,20.9,69.0,20.9,75.0,18.8,69.0,20.9,75.0,18.8,6.0,-2.099999999999998,6.356886030125127,13.002999999999927,Alejandro Grimaldo García,Bayer Leverkusen,,,validated_spatial_anchor,0.0,75.0,0.0,positive_0001,5.0,,,,,C06,533862946a73608c134d18b78226b6371ce7173c
3895060,1,23,904,435,00:10:17.927,Pass,904,True,validated_core_event_team_scope,True,False,617.927,9,98a33fa6-2d4a-433e-8948-b4a634e0284b,True,True,True,safe_validated_frame_vector,75.0,18.8,75.0,18.8,80.8,4.0,75.0,18.8,80.8,4.0,5.799999999999997,-14.8,15.895911424010892,14.029999999999973,Alejandro Grimaldo García,Bayer Leverkusen,,,validated_spatial_anchor,1.0270000000000437,80.8,0.0,positive_0001,6.0,,,,,C06,533862946a73608c134d18b78226b6371ce7173c
3895060,1,23,904,436,00:10:19.186,Ball Receipt*,904,False,no_360_frame,False,False,619.186,10,25065f98-c6a6-41ab-8dec-6aa9e7d300f2,False,False,False,not_leverkusen_pass_carry,,,80.8,4.0,,,,,,,,,,15.288999999999987,Florian Wirtz,Bayer Leverkusen,,,no_360_frame,1.2590000000000146,,,,,,,,,C06,533862946a73608c134d18b78226b6371ce7173c
3895060,1,23,904,437,00:10:19.186,Carry,904,False,no_360_frame,False,False,619.186,11,630add12-6930-4817-97ae-23c92facca39,False,True,True,unsupported_or_unlinked_frame,,,80.8,4.0,80.5,4.4,,,,,,,,15.288999999999987,Florian Wirtz,Bayer Leverkusen,,,no_360_frame,0.0,,,,,,,,,C06,533862946a73608c134d18b78226b6371ce7173c
3895060,1,23,904,438,00:10:20.974,Pass,904,True,validated_core_event_team_scope,True,False,620.974,12,40f7698c-ad94-4928-b3ff-0ee00596fdbe,True,True,True,safe_validated_frame_vector,80.5,4.4,80.5,4.4,104.7,34.3,80.5,4.4,104.7,34.3,24.200000000000003,29.9,38.46621894597908,17.076999999999998,Florian Wirtz,Bayer Leverkusen,pass.outcome:Incomplete,,validated_spatial_anchor,1.788000000000011,104.7,0.0,positive_0001,7.0,,,,,C06,533862946a73608c134d18b78226b6371ce7173c
3895060,1,23,904,439,00:10:23.090,Ball Receipt*,904,False,no_360_frame,False,False,623.09,13,afec380e-01f6-474d-9e26-44d18f8d46d9,False,False,False,not_leverkusen_pass_carry,,,115.7,37.5,,,,,,,,,,19.192999999999984,Victor Okoh Boniface,Bayer Leverkusen,ball_receipt.outcome:Incomplete,,no_360_frame,2.115999999999985,,,,,,,,,C06,533862946a73608c134d18b78226b6371ce7173c
3895060,1,23,904,440,00:10:23.090,Ball Recovery,185,False,no_360_frame,False,False,623.09,14,2b93b670-beda-49a2-a67f-3afdf209d4d2,False,False,False,not_leverkusen_pass_carry,,,15.4,45.8,,,,,,,,,,19.192999999999984,Jonas Omlin,Borussia Mönchengladbach,type:Ball Recovery,,no_360_frame,0.0,,,,,,,,,C06,533862946a73608c134d18b78226b6371ce7173c
3895060,1,23,904,441,00:10:23.090,Carry,185,False,no_360_frame,False,False,623.09,15,2e3be925-a0ef-4344-9462-be280a0f746b,False,False,False,not_leverkusen_pass_carry,,,15.4,45.8,,,,,,,,,,19.192999999999984,Jonas Omlin,Borussia Mönchengladbach,,,no_360_frame,0.0,,,,,,,,,C06,533862946a73608c134d18b78226b6371ce7173c
3895060,1,23,904,442,00:10:37.167,Pass,185,True,validated_core_event_team_scope,True,False,637.167,16,5cba0e1e-2836-4a7d-9520-e6c2ec6ab537,False,False,False,not_leverkusen_pass_carry,114.2,44.9,5.8,35.1,,,,,,,,,,33.26999999999998,Jonas Omlin,Borussia Mönchengladbach,,,validated_spatial_anchor,14.076999999999998,,,,,,,,,C06,533862946a73608c134d18b78226b6371ce7173c
3895060,1,23,904,443,00:10:40.237,Ball Receipt*,185,True,unsupported_event_type,False,False,640.237,17,050ca2a0-9f6a-4948-8f87-b48674069934,False,False,False,not_leverkusen_pass_carry,,,64.0,62.7,,,,,,,,,,36.33999999999992,Tomáš Čvančara,Borussia Mönchengladbach,,,linked_360_unsupported_semantics,3.0699999999999363,,,,,,,,,C06,533862946a73608c134d18b78226b6371ce7173c
3895060,1,23,904,444,00:10:40.237,Duel,904,True,unsupported_event_type,False,False,640.237,18,e3ea7bab-0bcf-45a3-be11-fc822b6caf21,False,False,False,not_leverkusen_pass_carry,,,56.1,16.5,,,,,,,,,,36.33999999999992,Edmond Fayçal Tapsoba,Bayer Leverkusen,type:Duel;counterpress:true,,linked_360_unsupported_semantics,0.0,,,,,,,,,C06,533862946a73608c134d18b78226b6371ce7173c
3895060,1,23,904,445,00:10:40.237,Pass,185,True,validated_core_event_team_scope,True,False,640.237,19,82660486-852c-4364-a51f-2391d50fa19c,False,False,False,not_leverkusen_pass_carry,56.0,16.4,64.0,63.6,,,,,,,,,,36.33999999999992,Tomáš Čvančara,Borussia Mönchengladbach,pass.outcome:Incomplete,,validated_spatial_anchor,0.0,,,,,,,,,C06,533862946a73608c134d18b78226b6371ce7173c
3895060,1,23,904,446,00:10:42.425,Ball Receipt*,185,True,unsupported_event_type,False,False,642.425,20,f9521267-ae0a-45eb-b89c-5759ec9e3a44,False,False,False,not_leverkusen_pass_carry,,,76.0,65.7,,,,,,,,,,38.52799999999991,Nathan Ngoumou Minpole,Borussia Mönchengladbach,ball_receipt.outcome:Incomplete,,linked_360_unsupported_semantics,2.187999999999988,,,,,,,,,C06,533862946a73608c134d18b78226b6371ce7173c
3895060,1,23,904,447,00:10:42.425,Duel,185,True,unsupported_event_type,False,False,642.425,21,42dce3fa-a1df-430c-8b9d-1cc3708ca69e,False,False,False,not_leverkusen_pass_carry,,,78.9,66.6,,,,,,,,,,38.52799999999991,Nathan Ngoumou Minpole,Borussia Mönchengladbach,type:Duel,,linked_360_unsupported_semantics,0.0,,,,,,,,,C06,533862946a73608c134d18b78226b6371ce7173c
3895060,1,23,904,448,00:10:42.425,Pass,904,True,validated_core_event_team_scope,True,False,642.425,22,62ea8df6-4ead-4a05-ae55-6bd33b0febed,True,True,True,safe_validated_frame_vector,41.2,13.5,41.2,13.5,27.6,24.7,41.2,13.5,27.6,24.7,-13.6,11.2,17.618172436436193,38.52799999999991,Alejandro Grimaldo García,Bayer Leverkusen,pass.type:Recovery,,validated_spatial_anchor,0.0,104.7,77.1,,,negative_0001,1.0,nonpositive_0001,1.0,C06,533862946a73608c134d18b78226b6371ce7173c
3895060,1,23,904,449,00:10:43.901,Ball Receipt*,904,True,unsupported_event_type,False,False,643.901,23,965abd0d-c63e-4f11-b260-cca80837bb12,False,False,False,not_leverkusen_pass_carry,,,27.6,24.7,,,,,,,,,,40.00399999999991,Jonathan Tah,Bayer Leverkusen,,,linked_360_unsupported_semantics,1.475999999999999,,,,,,,,,C06,533862946a73608c134d18b78226b6371ce7173c
3895060,1,23,904,450,00:10:43.901,Carry,904,True,validated_core_event_team_scope,True,False,643.901,24,94c8e69f-df1e-4210-90a3-3eb048f494be,True,True,True,safe_validated_frame_vector,27.6,24.7,27.6,24.7,27.6,24.7,27.6,24.7,27.6,24.7,0.0,0.0,0.0,40.00399999999991,Jonathan Tah,Bayer Leverkusen,,,validated_spatial_anchor,0.0,104.7,77.1,,,,,nonpositive_0001,2.0,C06,533862946a73608c134d18b78226b6371ce7173c
3895060,1,23,904,451,00:10:44.538,Pass,904,True,validated_core_event_team_scope,True,False,644.538,25,fec0b8d0-798d-4997-ba2f-75926eceece9,True,True,True,safe_validated_frame_vector,27.6,24.7,27.6,24.7,7.2,39.8,27.6,24.7,7.2,39.8,-20.4,15.099999999999998,25.380504329110565,40.64099999999996,Jonathan Tah,Bayer Leverkusen,,,validated_spatial_anchor,0.6370000000000573,104.7,97.5,,,negative_0002,1.0,nonpositive_0001,3.0,C06,533862946a73608c134d18b78226b6371ce7173c
3895060,1,23,904,452,00:10:45.914,Ball Receipt*,904,True,unsupported_event_type,False,False,645.914,26,12e5405e-c9e7-426e-bdb9-a6625180bf8d,False,False,False,not_leverkusen_pass_carry,,,7.2,39.8,,,,,,,,,,42.01699999999994,Lukáš Hrádecký,Bayer Leverkusen,,,linked_360_unsupported_semantics,1.3759999999999764,,,,,,,,,C06,533862946a73608c134d18b78226b6371ce7173c
3895060,1,23,904,453,00:10:45.914,Carry,904,True,validated_core_event_team_scope,True,False,645.914,27,5a1ba4ad-77e3-4e2a-9745-771e4b6d7db2,True,True,True,safe_validated_frame_vector,7.2,39.8,7.2,39.8,7.5,39.5,7.2,39.8,7.5,39.5,0.2999999999999998,-0.2999999999999971,0.4242640687119264,42.01699999999994,Lukáš Hrádecký,Bayer Leverkusen,,,validated_spatial_anchor,0.0,104.7,97.2,positive_0002,1.0,,,,,C06,533862946a73608c134d18b78226b6371ce7173c
3895060,1,23,904,454,00:10:46.165,Pass,904,True,validated_core_event_team_scope,True,False,646.165,28,49822df0-3b2c-4624-a429-88eaae725214,True,True,True,safe_validated_frame_vector,7.5,39.5,7.5,39.5,20.6,72.7,7.5,39.5,20.6,72.7,13.1,33.2,35.691035288991,42.26799999999992,Lukáš Hrádecký,Bayer Leverkusen,,,validated_spatial_anchor,0.2509999999999763,104.7,84.1,positive_0002,2.0,,,,,C06,533862946a73608c134d18b78226b6371ce7173c
3895060,1,23,904,455,00:10:48.566,Ball Receipt*,904,False,no_360_frame,False,False,648.566,29,704758b2-a855-4aec-9db3-1f14460337cc,False,False,False,not_leverkusen_pass_carry,,,20.6,72.7,,,,,,,,,,44.66899999999998,Odilon Kossonou,Bayer Leverkusen,,,no_360_frame,2.4010000000000677,,,,,,,,,C06,533862946a73608c134d18b78226b6371ce7173c
3895060,1,23,904,456,00:10:48.566,Carry,904,False,no_360_frame,False,False,648.566,30,18011fd0-f04b-4d73-a239-c487d54e4ed5,False,True,True,unsupported_or_unlinked_frame,,,20.6,72.7,20.6,72.7,,,,,,,,44.66899999999998,Odilon Kossonou,Bayer Leverkusen,,,no_360_frame,0.0,,,,,,,,,C06,533862946a73608c134d18b78226b6371ce7173c
3895060,1,23,904,457,00:10:49.716,Pass,904,False,no_360_frame,False,False,649.716,31,b12a58e2-2376-420c-9bb2-c04aea779508,False,True,True,unsupported_or_unlinked_frame,,,20.6,72.7,35.9,75.9,,,,,,,,45.81899999999996,Odilon Kossonou,Bayer Leverkusen,,,no_360_frame,1.1499999999999773,,,,,,,,,C06,533862946a73608c134d18b78226b6371ce7173c
3895060,1,23,904,458,00:10:50.673,Pressure,185,False,no_360_frame,False,False,650.673,32,742952a1-b5a1-4faa-97da-d9c1a6918376,False,False,False,not_leverkusen_pass_carry,,,81.5,5.2,,,,,,,,,,46.775999999999954,Joseph Scally,Borussia Mönchengladbach,,,no_360_frame,0.9569999999999936,,,,,,,,,C06,533862946a73608c134d18b78226b6371ce7173c
3895060,1,23,904,459,00:10:50.805,Ball Receipt*,904,False,no_360_frame,False,False,650.805,33,a70f23ac-5b4e-480e-9789-21772d4d1160,False,False,False,not_leverkusen_pass_carry,,,35.9,75.9,,,,,,,,,,46.9079999999999,Jeremie Frimpong,Bayer Leverkusen,,,no_360_frame,0.1319999999999481,,,,,,,,,C06,533862946a73608c134d18b78226b6371ce7173c
3895060,1,23,904,460,00:10:50.805,Carry,904,False,no_360_frame,False,False,650.805,34,1d25908f-d749-45cc-8e66-98264d0bd48d,False,True,True,unsupported_or_unlinked_frame,,,35.9,75.9,16.0,72.4,,,,,,,,46.9079999999999,Jeremie Frimpong,Bayer Leverkusen,,,no_360_frame,0.0,,,,,,,,,C06,533862946a73608c134d18b78226b6371ce7173c
3895060,1,23,904,461,00:10:52.526,Pass,904,False,no_360_frame,False,False,652.526,35,0e209cee-2115-48cc-ad48-dee895bfb36f,False,True,True,unsupported_or_unlinked_frame,,,16.0,72.4,5.3,57.0,,,,,,,,48.62899999999991,Jeremie Frimpong,Bayer Leverkusen,,,no_360_frame,1.7210000000000036,,,,,,,,,C06,533862946a73608c134d18b78226b6371ce7173c
3895060,1,23,904,462,00:10:53.514,Ball Receipt*,904,True,unsupported_event_type,False,False,653.514,36,8c64e28a-e9ef-42ff-9cb1-1c515fc20e44,False,False,False,not_leverkusen_pass_carry,,,5.3,57.0,,,,,,,,,,49.61699999999996,Lukáš Hrádecký,Bayer Leverkusen,,,linked_360_unsupported_semantics,0.9880000000000564,,,,,,,,,C06,533862946a73608c134d18b78226b6371ce7173c
3895060,1,23,904,463,00:10:53.514,Carry,904,True,validated_core_event_team_scope,True,False,653.514,37,fe9800ba-e57b-4612-89e9-93be82687b90,True,True,True,safe_validated_frame_vector,5.3,57.0,5.3,57.0,5.3,57.0,5.3,57.0,5.3,57.0,0.0,0.0,0.0,49.61699999999996,Lukáš Hrádecký,Bayer Leverkusen,,,validated_spatial_anchor,0.0,104.7,99.4,,,,,,,C06,533862946a73608c134d18b78226b6371ce7173c
3895060,1,23,904,464,00:10:53.736,Pass,904,True,validated_core_event_team_scope,True,False,653.736,38,33c1d56f-72bd-45e3-90f4-bf877a645dd8,True,True,True,safe_validated_frame_vector,5.3,57.0,5.3,57.0,52.5,49.5,5.3,57.0,52.5,49.5,47.2,-7.5,47.79215416781295,49.83899999999994,Lukáš Hrádecký,Bayer Leverkusen,,,validated_spatial_anchor,0.22199999999998,104.7,52.2,positive_0003,1.0,,,,,C06,533862946a73608c134d18b78226b6371ce7173c
3895060,1,23,904,465,00:10:55.482,Pressure,185,True,validated_core_event_team_scope,True,False,655.482,39,6b842943-b721-43c5-b4ef-d4bb8473ab35,False,False,False,not_leverkusen_pass_carry,54.6,48.7,65.4,31.3,,,,,,,,,,51.58499999999992,Ko Itakura,Borussia Mönchengladbach,,,validated_spatial_anchor,1.745999999999981,,,,,,,,,C06,533862946a73608c134d18b78226b6371ce7173c
3895060,1,23,904,466,00:10:55.581,Ball Receipt*,904,True,unsupported_event_type,False,False,655.581,40,51f03098-833f-4830-96c6-7666aa5520b6,False,False,False,not_leverkusen_pass_carry,,,52.5,49.5,,,,,,,,,,51.68399999999997,Victor Okoh Boniface,Bayer Leverkusen,,,linked_360_unsupported_semantics,0.0990000000000463,,,,,,,,,C06,533862946a73608c134d18b78226b6371ce7173c
3895060,1,23,904,467,00:10:55.581,Carry,904,True,validated_core_event_team_scope,True,False,655.581,41,591a9b33-a27e-43a3-adb6-8ba7132e6fdc,True,True,True,safe_validated_frame_vector,52.5,49.5,52.5,49.5,52.5,50.4,52.5,49.5,52.5,50.4,0.0,0.8999999999999986,0.8999999999999986,51.68399999999997,Victor Okoh Boniface,Bayer Leverkusen,,,validated_spatial_anchor,0.0,104.7,52.2,,,,,,,C06,533862946a73608c134d18b78226b6371ce7173c
3895060,1,23,904,468,00:10:55.611,Miscontrol,904,True,unsupported_event_type,False,False,655.611,42,00443f26-8974-4f2f-82aa-5c789eb6f420,False,False,False,not_leverkusen_pass_carry,,,52.5,50.4,,,,,,,,,,51.71399999999994,Victor Okoh Boniface,Bayer Leverkusen,type:Miscontrol,,linked_360_unsupported_semantics,0.0299999999999727,,,,,,,,,C06,533862946a73608c134d18b78226b6371ce7173c
3895060,1,23,904,469,00:10:56.535,Pass,185,True,validated_core_event_team_scope,True,False,656.535,43,0a1eb277-b5c0-40c1-bb87-fbe8f2c32805,False,False,False,not_leverkusen_pass_carry,51.0,55.1,69.0,24.9,,,,,,,,,,52.63799999999992,Maximilian Wöber,Borussia Mönchengladbach,pass.outcome:Incomplete;pass.type:Recovery,,validated_spatial_anchor,0.9239999999999782,,,,,,,,,C06,533862946a73608c134d18b78226b6371ce7173c
3895060,1,23,904,470,00:10:58.605,Ball Receipt*,185,True,unsupported_event_type,False,False,658.605,44,bf4552b4-6aff-45e9-b8e3-b6f79dc365c8,False,False,False,not_leverkusen_pass_carry,,,86.9,32.7,,,,,,,,,,54.70799999999997,Nathan Ngoumou Minpole,Borussia Mönchengladbach,ball_receipt.outcome:Incomplete,,linked_360_unsupported_semantics,2.07000000000005,,,,,,,,,C06,533862946a73608c134d18b78226b6371ce7173c
3895060,1,23,904,471,00:10:58.605,Pass,904,True,validated_core_event_team_scope,True,False,658.605,45,309d172e-804e-4cab-b08c-c32d2dab9684,True,True,True,safe_validated_frame_vector,34.8,50.9,34.8,50.9,49.1,57.9,34.8,50.9,49.1,57.9,14.300000000000004,7.0,15.921369287847076,54.70799999999997,Exequiel Alejandro Palacios,Bayer Leverkusen,pass.type:Recovery,,validated_spatial_anchor,0.0,104.7,55.6,positive_0004,1.0,,,,,C06,533862946a73608c134d18b78226b6371ce7173c
3895060,1,23,904,472,00:10:59.551,Pressure,185,True,validated_core_event_team_scope,True,False,659.551,46,a23509fd-f662-40af-b413-e672c11611f0,False,False,False,not_leverkusen_pass_carry,50.5,57.3,69.5,22.7,,,,,,,,,,55.654,Maximilian Wöber,Borussia Mönchengladbach,,,validated_spatial_anchor,0.9460000000000264,,,,,,,,,C06,533862946a73608c134d18b78226b6371ce7173c
3895060,1,23,904,473,00:10:59.586,Ball Receipt*,904,True,unsupported_event_type,False,False,659.586,47,8af13c55-ff5d-4cbe-87e9-159033f2da5a,False,False,False,not_leverkusen_pass_carry,,,49.1,57.9,,,,,,,,,,55.688999999999965,Victor Okoh Boniface,Bayer Leverkusen,,,linked_360_unsupported_semantics,0.0349999999999681,,,,,,,,,C06,533862946a73608c134d18b78226b6371ce7173c
3895060,1,23,904,474,00:10:59.586,Carry,904,True,validated_core_event_team_scope,True,False,659.586,48,26c442bc-a51e-49ef-9dce-2a580347148c,True,True,True,safe_validated_frame_vector,49.1,57.9,49.1,57.9,49.7,57.4,49.1,57.9,49.7,57.4,0.6000000000000014,-0.5,0.7810249675906665,55.688999999999965,Victor Okoh Boniface,Bayer Leverkusen,,,validated_spatial_anchor,0.0,104.7,55.0,positive_0004,2.0,,,,,C06,533862946a73608c134d18b78226b6371ce7173c
3895060,1,23,904,475,00:10:59.942,Miscontrol,904,True,unsupported_event_type,False,False,659.942,49,63c5df4c-501b-4a12-a8f5-c2243bbfcce9,False,False,False,not_leverkusen_pass_carry,,,49.7,57.4,,,,,,,,,,56.04499999999996,Victor Okoh Boniface,Bayer Leverkusen,type:Miscontrol,,linked_360_unsupported_semantics,0.3559999999999945,,,,,,,,,C06,533862946a73608c134d18b78226b6371ce7173c
3895060,1,36,904,642,00:16:38.513,Duel,904,True,unsupported_event_type,False,False,998.513,0,563340ce-ecb8-451e-ba51-e071a2ec888a,False,False,False,not_leverkusen_pass_carry,,,29.0,16.2,,,,,,,,,,0.0,Granit Xhaka,Bayer Leverkusen,type:Duel;counterpress:true;duel.outcome:Success In Play,,linked_360_unsupported_semantics,,,,,,,,,,C07,533862946a73608c134d18b78226b6371ce7173c
3895060,1,36,904,643,00:16:39.268,Pass,904,True,validated_core_event_team_scope,True,False,999.268,1,a2ffb398-33ae-4f50-96e2-876f5dc37033,True,True,True,safe_validated_frame_vector,21.1,15.5,21.1,15.5,34.5,5.4,21.1,15.5,34.5,5.4,13.4,-10.1,16.7800476757368,0.7549999999999955,Edmond Fayçal Tapsoba,Bayer Leverkusen,pass.type:Recovery,,validated_spatial_anchor,0.7549999999999955,34.5,0.0,positive_0005,1.0,,,,,C07,533862946a73608c134d18b78226b6371ce7173c
3895060,1,36,904,644,00:16:40.361,Ball Receipt*,904,True,unsupported_event_type,False,False,1000.361,2,50cdc927-dd2e-4859-9d6d-095a8b46b80e,False,False,False,not_leverkusen_pass_carry,,,34.5,5.4,,,,,,,,,,1.8479999999999563,Alejandro Grimaldo García,Bayer Leverkusen,,,linked_360_unsupported_semantics,1.092999999999961,,,,,,,,,C07,533862946a73608c134d18b78226b6371ce7173c
3895060,1,36,904,645,00:16:40.361,Carry,904,True,validated_core_event_team_scope,True,False,1000.361,3,6c2d2ac9-0dc5-4d8a-8607-55dacfa48800,True,True,True,safe_validated_frame_vector,34.5,5.4,34.5,5.4,41.4,5.4,34.5,5.4,41.4,5.4,6.899999999999999,0.0,6.899999999999999,1.8479999999999563,Alejandro Grimaldo García,Bayer Leverkusen,,,validated_spatial_anchor,0.0,41.4,0.0,positive_0005,2.0,,,,,C07,533862946a73608c134d18b78226b6371ce7173c
3895060,1,36,904,646,00:16:43.938,Pressure,185,True,validated_core_event_team_scope,True,False,1003.938,4,c64fcb3a-7d14-4031-9819-1577ac4335fa,False,False,False,not_leverkusen_pass_carry,48.1,5.700000000000003,71.9,74.3,,,,,,,,,,5.4249999999999545,Franck Honorat,Borussia Mönchengladbach,,,validated_spatial_anchor,3.576999999999998,,,,,,,,,C07,533862946a73608c134d18b78226b6371ce7173c
3895060,1,36,904,647,00:16:45.408,Pass,904,True,validated_core_event_team_scope,True,False,1005.408,5,e0d06db2-f9db-4a58-8d81-d3c01d927d69,True,True,True,safe_validated_frame_vector,41.4,5.4,41.4,5.4,30.0,22.7,41.4,5.4,30.0,22.7,-11.4,17.299999999999997,20.71834935510066,6.894999999999982,Alejandro Grimaldo García,Bayer Leverkusen,,,validated_spatial_anchor,1.4700000000000273,41.4,11.4,,,negative_0003,1.0,nonpositive_0002,1.0,C07,533862946a73608c134d18b78226b6371ce7173c
3895060,1,36,904,648,00:16:46.381,Ball Receipt*,904,True,unsupported_event_type,False,False,1006.381,6,45bace8a-6ee0-40b7-b54d-50b86f53244a,False,False,False,not_leverkusen_pass_carry,,,30.0,22.7,,,,,,,,,,7.867999999999938,Edmond Fayçal Tapsoba,Bayer Leverkusen,,,linked_360_unsupported_semantics,0.9729999999999565,,,,,,,,,C07,533862946a73608c134d18b78226b6371ce7173c
3895060,1,36,904,649,00:16:46.381,Carry,904,True,validated_core_event_team_scope,True,False,1006.381,7,78a4a85c-4c59-46e7-a89e-66ede6be13fe,True,True,True,safe_validated_frame_vector,30.0,22.7,30.0,22.7,40.4,31.6,30.0,22.7,40.4,31.6,10.4,8.900000000000002,13.688316185711082,7.867999999999938,Edmond Fayçal Tapsoba,Bayer Leverkusen,,,validated_spatial_anchor,0.0,41.4,1.0,positive_0006,1.0,,,,,C07,533862946a73608c134d18b78226b6371ce7173c
3895060,1,36,904,650,00:16:50.779,Pass,904,True,validated_core_event_team_scope,True,False,1010.779,8,7d8f991e-0124-4825-9274-17ed8347fa92,True,True,True,safe_validated_frame_vector,40.4,31.6,40.4,31.6,54.4,40.9,40.4,31.6,54.4,40.9,14.0,9.299999999999995,16.807438829280326,12.265999999999964,Edmond Fayçal Tapsoba,Bayer Leverkusen,,,validated_spatial_anchor,4.398000000000025,54.4,0.0,positive_0006,2.0,,,,,C07,533862946a73608c134d18b78226b6371ce7173c
3895060,1,36,904,651,00:16:51.750,Ball Receipt*,904,True,unsupported_event_type,False,False,1011.75,9,fc4dd0a0-46eb-4572-ab65-82e669a654bd,False,False,False,not_leverkusen_pass_carry,,,54.4,40.9,,,,,,,,,,13.236999999999966,Jonas Hofmann,Bayer Leverkusen,,,linked_360_unsupported_semantics,0.9710000000000036,,,,,,,,,C07,533862946a73608c134d18b78226b6371ce7173c
3895060,1,36,904,652,00:16:51.750,Carry,904,True,validated_core_event_team_scope,True,False,1011.75,10,9873fe76-0b37-4c91-8262-acef9a7e4a63,True,True,True,safe_validated_frame_vector,54.4,40.9,54.4,40.9,54.8,40.8,54.4,40.9,54.8,40.8,0.3999999999999986,-0.1000000000000014,0.412310562561765,13.236999999999966,Jonas Hofmann,Bayer Leverkusen,,,validated_spatial_anchor,0.0,54.8,0.0,positive_0006,3.0,,,,,C07,533862946a73608c134d18b78226b6371ce7173c
3895060,1,36,904,653,00:16:51.845,Pass,904,True,validated_core_event_team_scope,True,False,1011.845,11,26a96003-261d-4e33-b5c7-a659ed20db00,True,True,True,safe_validated_frame_vector,54.8,40.8,54.8,40.8,40.4,47.8,54.8,40.8,40.4,47.8,-14.4,7.0,16.011246047700347,13.331999999999994,Jonas Hofmann,Bayer Leverkusen,,,validated_spatial_anchor,0.0950000000000272,54.8,14.4,,,negative_0004,1.0,nonpositive_0003,1.0,C07,533862946a73608c134d18b78226b6371ce7173c
3895060,1,36,904,654,00:16:52.942,Ball Receipt*,904,True,unsupported_event_type,False,False,1012.942,12,8bdbdd89-9bbb-4543-a8c5-d3356ac9404b,False,False,False,not_leverkusen_pass_carry,,,40.4,47.8,,,,,,,,,,14.428999999999974,Jonathan Tah,Bayer Leverkusen,,,linked_360_unsupported_semantics,1.09699999999998,,,,,,,,,C07,533862946a73608c134d18b78226b6371ce7173c
3895060,1,36,904,655,00:16:52.942,Carry,904,True,validated_core_event_team_scope,True,False,1012.942,13,8885f762-9ae7-4132-a384-1c2800ab1245,True,True,True,safe_validated_frame_vector,40.4,47.8,40.4,47.8,50.0,49.2,40.4,47.8,50.0,49.2,9.6,1.4000000000000057,9.701546268507926,14.428999999999974,Jonathan Tah,Bayer Leverkusen,,,validated_spatial_anchor,0.0,54.8,4.799999999999997,positive_0007,1.0,,,,,C07,533862946a73608c134d18b78226b6371ce7173c
3895060,1,36,904,656,00:16:56.921,Pass,904,True,validated_core_event_team_scope,True,False,1016.921,14,5d354eb2-2313-4948-880a-1d8ae462da31,True,True,True,safe_validated_frame_vector,50.0,49.2,50.0,49.2,52.5,36.7,50.0,49.2,52.5,36.7,2.5,-12.5,12.747548783981962,18.408000000000012,Jonathan Tah,Bayer Leverkusen,,,validated_spatial_anchor,3.979000000000042,54.8,2.299999999999997,positive_0007,2.0,,,,,C07,533862946a73608c134d18b78226b6371ce7173c
3895060,1,36,904,657,00:16:57.906,Ball Receipt*,904,True,unsupported_event_type,False,False,1017.906,15,c5a8bcdc-c100-41bc-9ed2-859255169f87,False,False,False,not_leverkusen_pass_carry,,,52.5,36.7,,,,,,,,,,19.392999999999915,Granit Xhaka,Bayer Leverkusen,,,linked_360_unsupported_semantics,0.9849999999999,,,,,,,,,C07,533862946a73608c134d18b78226b6371ce7173c
3895060,1,36,904,658,00:16:57.906,Carry,904,True,validated_core_event_team_scope,True,False,1017.906,16,2c1e8f2c-03be-4e80-9650-174ef2df93f3,True,True,True,safe_validated_frame_vector,52.5,36.7,52.5,36.7,61.3,34.9,52.5,36.7,61.3,34.9,8.799999999999997,-1.8000000000000045,8.982204629154246,19.392999999999915,Granit Xhaka,Bayer Leverkusen,,,validated_spatial_anchor,0.0,61.3,0.0,positive_0007,3.0,,,,,C07,533862946a73608c134d18b78226b6371ce7173c
3895060,1,36,904,659,00:17:02.871,Pass,904,True,validated_core_event_team_scope,True,False,1022.871,17,44d1c541-ffa3-454e-b570-62e71de0e0c1,True,True,True,safe_validated_frame_vector,61.3,34.9,61.3,34.9,68.2,36.7,61.3,34.9,68.2,36.7,6.900000000000006,1.8000000000000045,7.130918594402834,24.357999999999947,Granit Xhaka,Bayer Leverkusen,,,validated_spatial_anchor,4.965000000000032,68.2,0.0,positive_0007,4.0,,,,,C07,533862946a73608c134d18b78226b6371ce7173c
3895060,1,36,904,660,00:17:03.345,Ball Receipt*,904,True,unsupported_event_type,False,False,1023.345,18,11431804-3061-4149-ae5b-574a6fd46e36,False,False,False,not_leverkusen_pass_carry,,,68.2,36.7,,,,,,,,,,24.831999999999997,Jonas Hofmann,Bayer Leverkusen,,,linked_360_unsupported_semantics,0.4740000000000464,,,,,,,,,C07,533862946a73608c134d18b78226b6371ce7173c
3895060,1,36,904,661,00:17:03.345,Carry,904,True,validated_core_event_team_scope,True,False,1023.345,19,b9872879-8692-459d-9f76-be10faa80f21,True,True,True,safe_validated_frame_vector,68.2,36.7,68.2,36.7,68.2,36.7,68.2,36.7,68.2,36.7,0.0,0.0,0.0,24.831999999999997,Jonas Hofmann,Bayer Leverkusen,,,validated_spatial_anchor,0.0,68.2,0.0,,,,,nonpositive_0004,1.0,C07,533862946a73608c134d18b78226b6371ce7173c
3895060,1,36,904,662,00:17:03.465,Pass,904,True,validated_core_event_team_scope,True,False,1023.465,20,c7271034-1533-45b5-a68a-00ed13351542,True,True,True,safe_validated_frame_vector,68.2,36.7,68.2,36.7,61.1,33.9,68.2,36.7,61.1,33.9,-7.100000000000001,-2.8000000000000043,7.632168761236877,24.952,Jonas Hofmann,Bayer Leverkusen,,,validated_spatial_anchor,0.1200000000000045,68.2,7.100000000000001,,,negative_0005,1.0,nonpositive_0004,2.0,C07,533862946a73608c134d18b78226b6371ce7173c
3895060,1,36,904,663,00:17:04.076,Ball Receipt*,904,True,unsupported_event_type,False,False,1024.076,21,515cb933-3142-46c3-9f66-277560ca49f3,False,False,False,not_leverkusen_pass_carry,,,61.1,33.9,,,,,,,,,,25.562999999999988,Granit Xhaka,Bayer Leverkusen,,,linked_360_unsupported_semantics,0.61099999999999,,,,,,,,,C07,533862946a73608c134d18b78226b6371ce7173c
3895060,1,36,904,664,00:17:04.076,Carry,904,True,validated_core_event_team_scope,True,False,1024.076,22,42416377-ff6e-46cf-ac01-40da2225af0e,True,True,True,safe_validated_frame_vector,61.1,33.9,61.1,33.9,64.0,30.8,61.1,33.9,64.0,30.8,2.8999999999999986,-3.099999999999998,4.244997055358223,25.562999999999988,Granit Xhaka,Bayer Leverkusen,,,validated_spatial_anchor,0.0,68.2,4.200000000000003,positive_0008,1.0,,,,,C07,533862946a73608c134d18b78226b6371ce7173c
3895060,1,36,904,665,00:17:05.483,Pass,904,True,validated_core_event_team_scope,True,False,1025.483,23,7428dcfe-33c4-4558-bfe7-38a869e5d432,True,True,True,safe_validated_frame_vector,64.0,30.8,64.0,30.8,61.6,45.3,64.0,30.8,61.6,45.3,-2.3999999999999986,14.499999999999996,14.697278659670296,26.969999999999917,Granit Xhaka,Bayer Leverkusen,,,validated_spatial_anchor,1.4069999999999254,68.2,6.600000000000001,,,negative_0006,1.0,nonpositive_0005,1.0,C07,533862946a73608c134d18b78226b6371ce7173c
3895060,1,36,904,666,00:17:06.712,Ball Receipt*,904,True,unsupported_event_type,False,False,1026.712,24,2e5f0ed3-43cb-4416-8d51-1b5234541dde,False,False,False,not_leverkusen_pass_carry,,,61.6,45.3,,,,,,,,,,28.198999999999955,Exequiel Alejandro Palacios,Bayer Leverkusen,,,linked_360_unsupported_semantics,1.2290000000000418,,,,,,,,,C07,533862946a73608c134d18b78226b6371ce7173c
3895060,1,36,904,667,00:17:06.712,Carry,904,True,validated_core_event_team_scope,True,False,1026.712,25,720d3733-6a6a-4089-9021-1ad7c2f617a1,True,True,True,safe_validated_frame_vector,61.6,45.3,61.6,45.3,66.6,50.6,61.6,45.3,66.6,50.6,4.999999999999993,5.300000000000004,7.286288492778747,28.198999999999955,Exequiel Alejandro Palacios,Bayer Leverkusen,,,validated_spatial_anchor,0.0,68.2,1.6000000000000083,positive_0009,1.0,,,,,C07,533862946a73608c134d18b78226b6371ce7173c
3895060,1,36,904,668,00:17:08.427,Pass,904,True,validated_core_event_team_scope,True,False,1028.427,26,b60521e0-88a9-4731-839e-ce481fb253c9,True,True,True,safe_validated_frame_vector,66.6,50.6,66.6,50.6,77.9,65.4,66.6,50.6,77.9,65.4,11.300000000000011,14.800000000000004,18.62068742017868,29.913999999999877,Exequiel Alejandro Palacios,Bayer Leverkusen,,,validated_spatial_anchor,1.714999999999918,77.9,0.0,positive_0009,2.0,,,,,C07,533862946a73608c134d18b78226b6371ce7173c
3895060,1,36,904,669,00:17:09.805,Ball Receipt*,904,False,no_360_frame,False,False,1029.805,27,a650483e-4f7a-4ef9-8629-442de6cc1f74,False,False,False,not_leverkusen_pass_carry,,,77.9,65.4,,,,,,,,,,31.29200000000003,Odilon Kossonou,Bayer Leverkusen,,,no_360_frame,1.3780000000001564,,,,,,,,,C07,533862946a73608c134d18b78226b6371ce7173c
3895060,1,36,904,670,00:17:09.805,Carry,904,False,no_360_frame,False,False,1029.805,28,85cc723d-1184-469e-977e-e5e91d96d264,False,True,True,unsupported_or_unlinked_frame,,,77.9,65.4,77.9,65.4,,,,,,,,31.29200000000003,Odilon Kossonou,Bayer Leverkusen,,,no_360_frame,0.0,,,,,,,,,C07,533862946a73608c134d18b78226b6371ce7173c
3895060,1,36,904,671,00:17:10.747,Pass,904,False,no_360_frame,False,False,1030.747,29,cfa6957a-ae56-41bf-9792-39d7d2e00e5e,False,True,True,unsupported_or_unlinked_frame,,,77.9,65.4,74.9,50.6,,,,,,,,32.23400000000004,Odilon Kossonou,Bayer Leverkusen,,,no_360_frame,0.9420000000000072,,,,,,,,,C07,533862946a73608c134d18b78226b6371ce7173c
3895060,1,36,904,672,00:17:11.612,Ball Receipt*,904,True,unsupported_event_type,False,False,1031.612,30,33663bad-7e26-494d-99f3-3ee6447bc7ea,False,False,False,not_leverkusen_pass_carry,,,74.9,50.6,,,,,,,,,,33.099000000000046,Exequiel Alejandro Palacios,Bayer Leverkusen,,,linked_360_unsupported_semantics,0.8650000000000091,,,,,,,,,C07,533862946a73608c134d18b78226b6371ce7173c
3895060,1,36,904,673,00:17:11.612,Carry,904,True,validated_core_event_team_scope,True,False,1031.612,31,151c2891-3d7a-4807-b675-23c29b6a5a67,True,True,True,safe_validated_frame_vector,74.9,50.6,74.9,50.6,75.6,51.3,74.9,50.6,75.6,51.3,0.6999999999999886,0.6999999999999957,0.9899494936611556,33.099000000000046,Exequiel Alejandro Palacios,Bayer Leverkusen,,,validated_spatial_anchor,0.0,77.9,2.300000000000012,positive_0009,3.0,,,,,C07,533862946a73608c134d18b78226b6371ce7173c
3895060,1,36,904,674,00:17:12.848,Pass,904,True,validated_core_event_team_scope,True,False,1032.848,32,a83ebfd1-6b67-49d8-995f-9f3ac2b1ac84,True,True,True,safe_validated_frame_vector,75.6,51.3,75.6,51.3,77.7,39.3,75.6,51.3,77.7,39.3,2.1000000000000085,-12.0,12.182364302548171,34.33499999999992,Exequiel Alejandro Palacios,Bayer Leverkusen,,,validated_spatial_anchor,1.2359999999998763,77.9,0.2000000000000028,positive_0009,4.0,,,,,C07,533862946a73608c134d18b78226b6371ce7173c
3895060,1,36,904,675,00:17:13.598,Ball Receipt*,904,True,unsupported_event_type,False,False,1033.598,33,69f583cb-fdc0-4928-9fe3-336175b3d744,False,False,False,not_leverkusen_pass_carry,,,77.7,39.3,,,,,,,,,,35.08499999999992,Granit Xhaka,Bayer Leverkusen,,,linked_360_unsupported_semantics,0.75,,,,,,,,,C07,533862946a73608c134d18b78226b6371ce7173c
3895060,1,36,904,676,00:17:13.598,Carry,904,True,validated_core_event_team_scope,True,False,1033.598,34,09905fcc-e2c8-4658-b5b0-eec6a14f9f40,True,True,True,safe_validated_frame_vector,77.7,39.3,77.7,39.3,78.8,38.4,77.7,39.3,78.8,38.4,1.0999999999999943,-0.8999999999999986,1.421267040355184,35.08499999999992,Granit Xhaka,Bayer Leverkusen,,,validated_spatial_anchor,0.0,78.8,0.0,positive_0009,5.0,,,,,C07,533862946a73608c134d18b78226b6371ce7173c
3895060,1,36,904,677,00:17:13.738,Pass,904,True,validated_core_event_team_scope,True,False,1033.738,35,984964bd-88df-4ae5-9226-1ca63bd2b5be,True,True,True,safe_validated_frame_vector,78.8,38.4,78.8,38.4,90.8,56.0,78.8,38.4,90.8,56.0,12.0,17.6,21.30164312911096,35.22500000000002,Granit Xhaka,Bayer Leverkusen,,,validated_spatial_anchor,0.1400000000001,90.8,0.0,positive_0009,6.0,,,,,C07,533862946a73608c134d18b78226b6371ce7173c
3895060,1,36,904,678,00:17:14.492,Ball Receipt*,904,True,unsupported_event_type,False,False,1034.492,36,4faf135e-5728-4963-9435-7cc0b28c961e,False,False,False,not_leverkusen_pass_carry,,,90.8,56.0,,,,,,,,,,35.97899999999993,Florian Wirtz,Bayer Leverkusen,,,linked_360_unsupported_semantics,0.7539999999999054,,,,,,,,,C07,533862946a73608c134d18b78226b6371ce7173c
3895060,1,36,904,679,00:17:14.492,Carry,904,True,validated_core_event_team_scope,True,False,1034.492,37,be8af23c-e6b8-490b-a407-a5d8ce9c3c7d,True,True,True,safe_validated_frame_vector,90.8,56.0,90.8,56.0,90.3,51.9,90.8,56.0,90.3,51.9,-0.5,-4.100000000000001,4.130375285612678,35.97899999999993,Florian Wirtz,Bayer Leverkusen,,,validated_spatial_anchor,0.0,90.8,0.5,,,negative_0007,1.0,nonpositive_0006,1.0,C07,533862946a73608c134d18b78226b6371ce7173c
3895060,1,36,904,680,00:17:14.636,Pressure,185,True,validated_core_event_team_scope,True,False,1034.636,38,ff83de56-7899-415d-9017-557991ca5e9f,False,False,False,not_leverkusen_pass_carry,92.4,52.7,27.6,27.3,,,,,,,,,,36.122999999999934,Maximilian Wöber,Borussia Mönchengladbach,,,validated_spatial_anchor,0.1440000000000054,,,,,,,,,C07,533862946a73608c134d18b78226b6371ce7173c
3895060,1,36,904,681,00:17:15.395,Dispossessed,904,True,unsupported_event_type,False,False,1035.395,39,4a8e7a99-aa27-4e13-a629-e55a0185e8ed,False,False,False,not_leverkusen_pass_carry,,,90.3,51.9,,,,,,,,,,36.88199999999995,Florian Wirtz,Bayer Leverkusen,type:Dispossessed,,linked_360_unsupported_semantics,0.7590000000000146,,,,,,,,,C07,533862946a73608c134d18b78226b6371ce7173c
3895060,1,36,904,682,00:17:15.395,Duel,185,True,unsupported_event_type,False,False,1035.395,40,6f335b91-6a74-4811-967e-01b1325ce51e,False,False,False,not_leverkusen_pass_carry,,,29.8,28.2,,,,,,,,,,36.88199999999995,Ko Itakura,Borussia Mönchengladbach,type:Duel;duel.outcome:Lost In Play,,linked_360_unsupported_semantics,0.0,,,,,,,,,C07,533862946a73608c134d18b78226b6371ce7173c
3895060,1,36,904,683,00:17:15.683,Pressure,185,True,validated_core_event_team_scope,True,False,1035.683,41,1d282ca9-fdb0-471f-a4da-644d253e6ec8,False,False,False,not_leverkusen_pass_carry,90.7,51.7,29.3,28.3,,,,,,,,,,37.16999999999996,Ko Itakura,Borussia Mönchengladbach,,,validated_spatial_anchor,0.2880000000000109,,,,,,,,,C07,533862946a73608c134d18b78226b6371ce7173c
3895060,1,36,904,684,00:17:16.757,Ball Recovery,904,True,unsupported_event_type,False,False,1036.757,42,5849590d-24c2-488a-9e4d-52601a4767fb,False,False,False,not_leverkusen_pass_carry,,,90.8,51.5,,,,,,,,,,38.24400000000003,Florian Wirtz,Bayer Leverkusen,type:Ball Recovery,,linked_360_unsupported_semantics,1.0740000000000691,,,,,,,,,C07,533862946a73608c134d18b78226b6371ce7173c
3895060,1,36,904,685,00:17:16.757,Carry,904,True,validated_core_event_team_scope,True,False,1036.757,43,3deae7bb-59ed-417d-bca1-719f22b2e8db,True,True,True,safe_validated_frame_vector,90.8,51.5,90.8,51.5,101.7,64.7,90.8,51.5,101.7,64.7,10.900000000000006,13.200000000000005,17.118703221914917,38.24400000000003,Florian Wirtz,Bayer Leverkusen,,,validated_spatial_anchor,0.0,101.7,0.0,positive_0010,1.0,,,,,C07,533862946a73608c134d18b78226b6371ce7173c
3895060,1,36,904,686,00:17:20.019,Pass,904,False,no_360_frame,False,False,1040.019,44,74e1bc78-6e17-4ca6-b771-4676620242f2,False,True,True,unsupported_or_unlinked_frame,,,101.7,64.7,105.7,70.1,,,,,,,,41.50599999999997,Florian Wirtz,Bayer Leverkusen,,,no_360_frame,3.261999999999944,,,,,,,,,C07,533862946a73608c134d18b78226b6371ce7173c
3895060,1,36,904,687,00:17:20.601,Ball Receipt*,904,False,no_360_frame,False,False,1040.601,45,be4903bc-6c15-4ef1-8d21-8040609efab3,False,False,False,not_leverkusen_pass_carry,,,105.7,70.1,,,,,,,,,,42.08800000000008,Jeremie Frimpong,Bayer Leverkusen,,,no_360_frame,0.5820000000001073,,,,,,,,,C07,533862946a73608c134d18b78226b6371ce7173c
3895060,1,36,904,688,00:17:20.601,Carry,904,False,no_360_frame,False,False,1040.601,46,43e579a0-6cea-416a-a79e-9fbd0ac6794b,False,True,True,unsupported_or_unlinked_frame,,,105.7,70.1,105.3,70.5,,,,,,,,42.08800000000008,Jeremie Frimpong,Bayer Leverkusen,,,no_360_frame,0.0,,,,,,,,,C07,533862946a73608c134d18b78226b6371ce7173c
3895060,1,36,904,689,00:17:21.881,Pass,904,True,validated_core_event_team_scope,True,False,1041.881,47,afd5aac3-1922-49f4-af08-c6aea08f73be,True,True,True,safe_validated_frame_vector,105.3,70.5,105.3,70.5,85.2,61.5,105.3,70.5,85.2,61.5,-20.099999999999994,-9.0,22.02294258267954,43.36800000000005,Jeremie Frimpong,Bayer Leverkusen,,,validated_spatial_anchor,1.2799999999999727,105.3,20.099999999999994,,,negative_0008,1.0,nonpositive_0007,1.0,C07,533862946a73608c134d18b78226b6371ce7173c
3895060,1,36,904,690,00:17:23.003,Ball Receipt*,904,True,unsupported_event_type,False,False,1043.003,48,49bc5447-328c-4b68-bcf6-3ae4ec26b285,False,False,False,not_leverkusen_pass_carry,,,85.2,61.5,,,,,,,,,,44.489999999999895,Exequiel Alejandro Palacios,Bayer Leverkusen,,,linked_360_unsupported_semantics,1.1219999999998436,,,,,,,,,C07,533862946a73608c134d18b78226b6371ce7173c
3895060,1,36,904,691,00:17:23.003,Carry,904,True,validated_core_event_team_scope,True,False,1043.003,49,57b54add-a164-478d-9903-bc355e1ec0ad,True,True,True,safe_validated_frame_vector,85.2,61.5,85.2,61.5,84.8,55.3,85.2,61.5,84.8,55.3,-0.4000000000000057,-6.200000000000003,6.21288982680363,44.489999999999895,Exequiel Alejandro Palacios,Bayer Leverkusen,,,validated_spatial_anchor,0.0,105.3,20.5,,,negative_0008,2.0,nonpositive_0007,2.0,C07,533862946a73608c134d18b78226b6371ce7173c
3895060,1,36,904,692,00:17:24.350,Pass,904,True,validated_core_event_team_scope,True,False,1044.35,50,123e9fd4-2b8c-4ab9-a12e-fb993814e5ad,True,True,True,safe_validated_frame_vector,84.8,55.3,84.8,55.3,82.8,26.9,84.8,55.3,82.8,26.9,-2.0,-28.4,28.47033543883879,45.83699999999988,Exequiel Alejandro Palacios,Bayer Leverkusen,,,validated_spatial_anchor,1.34699999999998,105.3,22.5,,,negative_0008,3.0,nonpositive_0007,3.0,C07,533862946a73608c134d18b78226b6371ce7173c
3895060,1,36,904,693,00:17:25.600,Ball Receipt*,904,True,unsupported_event_type,False,False,1045.6,51,9aeb29a5-fc95-412f-8074-79490355e936,False,False,False,not_leverkusen_pass_carry,,,82.8,26.9,,,,,,,,,,47.08699999999988,Edmond Fayçal Tapsoba,Bayer Leverkusen,,,linked_360_unsupported_semantics,1.25,,,,,,,,,C07,533862946a73608c134d18b78226b6371ce7173c
3895060,1,36,904,694,00:17:25.600,Carry,904,True,validated_core_event_team_scope,True,False,1045.6,52,a0a24471-fbe0-4c49-bf67-8885480a682d,True,True,True,safe_validated_frame_vector,82.8,26.9,82.8,26.9,81.6,31.7,82.8,26.9,81.6,31.7,-1.2000000000000028,4.800000000000001,4.947726750741194,47.08699999999988,Edmond Fayçal Tapsoba,Bayer Leverkusen,,,validated_spatial_anchor,0.0,105.3,23.700000000000003,,,negative_0008,4.0,nonpositive_0007,4.0,C07,533862946a73608c134d18b78226b6371ce7173c
3895060,1,36,904,695,00:17:27.702,Pass,904,True,validated_core_event_team_scope,True,False,1047.702,53,11651cfd-0455-4957-90a7-fc5d4ce61a2b,True,True,True,safe_validated_frame_vector,81.6,31.7,81.6,31.7,86.7,39.4,81.6,31.7,86.7,39.4,5.1000000000000085,7.699999999999999,9.23579991121506,49.188999999999965,Edmond Fayçal Tapsoba,Bayer Leverkusen,,,validated_spatial_anchor,2.102000000000089,105.3,18.599999999999994,positive_0011,1.0,,,,,C07,533862946a73608c134d18b78226b6371ce7173c
3895060,1,36,904,696,00:17:28.178,Ball Receipt*,904,True,unsupported_event_type,False,False,1048.178,54,3c2b4853-f3c6-4671-abd7-4718fe0a2217,False,False,False,not_leverkusen_pass_carry,,,86.7,39.4,,,,,,,,,,49.66500000000008,Granit Xhaka,Bayer Leverkusen,,,linked_360_unsupported_semantics,0.4760000000001128,,,,,,,,,C07,533862946a73608c134d18b78226b6371ce7173c
3895060,1,36,904,697,00:17:28.178,Carry,904,True,validated_core_event_team_scope,True,False,1048.178,55,4ad4b23e-eb90-4c76-980a-b12954cf7cd8,True,True,True,safe_validated_frame_vector,86.7,39.4,86.7,39.4,84.0,43.0,86.7,39.4,84.0,43.0,-2.700000000000003,3.6000000000000014,4.500000000000003,49.66500000000008,Granit Xhaka,Bayer Leverkusen,,,validated_spatial_anchor,0.0,105.3,21.3,,,negative_0009,1.0,nonpositive_0008,1.0,C07,533862946a73608c134d18b78226b6371ce7173c
3895060,1,36,904,698,00:17:28.675,Pressure,185,True,validated_core_event_team_scope,True,False,1048.675,56,4e16db52-aaa1-4742-9159-e8caee727f18,False,False,False,not_leverkusen_pass_carry,87.3,37.2,32.7,42.8,,,,,,,,,,50.16199999999992,Julian Weigl,Borussia Mönchengladbach,,,validated_spatial_anchor,0.4969999999998435,,,,,,,,,C07,533862946a73608c134d18b78226b6371ce7173c
3895060,1,36,904,699,00:17:29.111,Pass,904,True,validated_core_event_team_scope,True,False,1049.111,57,181d39c1-4288-40d9-ad1e-ee739abe58d3,True,True,True,safe_validated_frame_vector,84.0,43.0,84.0,43.0,74.1,45.3,84.0,43.0,74.1,45.3,-9.900000000000006,2.299999999999997,10.163660757817537,50.59800000000007,Granit Xhaka,Bayer Leverkusen,,,validated_spatial_anchor,0.4360000000001491,105.3,31.200000000000003,,,negative_0009,2.0,nonpositive_0008,2.0,C07,533862946a73608c134d18b78226b6371ce7173c
3895060,1,36,904,700,00:17:29.947,Ball Receipt*,904,True,unsupported_event_type,False,False,1049.947,58,e8d07f88-a68d-4954-885b-230cb4035063,False,False,False,not_leverkusen_pass_carry,,,74.1,45.3,,,,,,,,,,51.433999999999855,Jonathan Tah,Bayer Leverkusen,,,linked_360_unsupported_semantics,0.8359999999997854,,,,,,,,,C07,533862946a73608c134d18b78226b6371ce7173c
3895060,1,36,904,701,00:17:29.947,Carry,904,True,validated_core_event_team_scope,True,False,1049.947,59,b56587a6-7b42-4d9b-9620-bfeb82afc81c,True,True,True,safe_validated_frame_vector,74.1,45.3,74.1,45.3,76.9,47.8,74.1,45.3,76.9,47.8,2.800000000000012,2.5,3.753664875824701,51.433999999999855,Jonathan Tah,Bayer Leverkusen,,,validated_spatial_anchor,0.0,105.3,28.39999999999999,positive_0012,1.0,,,,,C07,533862946a73608c134d18b78226b6371ce7173c
3895060,1,36,904,702,00:17:32.461,Pass,904,True,validated_core_event_team_scope,True,False,1052.461,60,800b2903-4c7f-4aa3-8e44-64030b31d4d4,True,True,True,safe_validated_frame_vector,76.9,47.8,76.9,47.8,83.9,60.9,76.9,47.8,83.9,60.9,7.0,13.1,14.852945835759318,53.94799999999998,Jonathan Tah,Bayer Leverkusen,,,validated_spatial_anchor,2.514000000000124,105.3,21.39999999999999,positive_0012,2.0,,,,,C07,533862946a73608c134d18b78226b6371ce7173c
3895060,1,36,904,703,00:17:33.192,Ball Receipt*,904,True,unsupported_event_type,False,False,1053.192,61,ece2b488-ba05-4bfd-9c06-b91aa41640f1,False,False,False,not_leverkusen_pass_carry,,,83.9,60.9,,,,,,,,,,54.67899999999997,Odilon Kossonou,Bayer Leverkusen,,,linked_360_unsupported_semantics,0.7309999999999945,,,,,,,,,C07,533862946a73608c134d18b78226b6371ce7173c
3895060,1,36,904,704,00:17:33.192,Carry,904,True,validated_core_event_team_scope,True,False,1053.192,62,d47d28da-e66f-42d9-8df8-74f455535816,True,True,True,safe_validated_frame_vector,83.9,60.9,83.9,60.9,83.7,61.7,83.9,60.9,83.7,61.7,-0.2000000000000028,0.8000000000000043,0.8246211251235369,54.67899999999997,Odilon Kossonou,Bayer Leverkusen,,,validated_spatial_anchor,0.0,105.3,21.599999999999994,,,negative_0010,1.0,nonpositive_0009,1.0,C07,533862946a73608c134d18b78226b6371ce7173c
3895060,1,36,904,705,00:17:33.959,Pass,904,True,validated_core_event_team_scope,True,False,1053.959,63,d8232f8f-204d-4349-ae94-6034b4a55ebe,True,True,True,safe_validated_frame_vector,83.7,61.7,83.7,61.7,92.2,61.1,83.7,61.7,92.2,61.1,8.5,-0.6000000000000014,8.521150157109075,55.446000000000026,Odilon Kossonou,Bayer Leverkusen,,,validated_spatial_anchor,0.7670000000000528,105.3,13.099999999999994,positive_0013,1.0,,,,,C07,533862946a73608c134d18b78226b6371ce7173c
3895060,1,36,904,706,00:17:34.410,Ball Receipt*,904,True,unsupported_event_type,False,False,1054.41,64,6bcebc2b-a7f3-41cd-ad1c-c9a67f9ecfd1,False,False,False,not_leverkusen_pass_carry,,,92.2,61.1,,,,,,,,,,55.89700000000005,Jonas Hofmann,Bayer Leverkusen,,,linked_360_unsupported_semantics,0.4510000000000218,,,,,,,,,C07,533862946a73608c134d18b78226b6371ce7173c
3895060,1,36,904,707,00:17:34.410,Carry,904,True,validated_core_event_team_scope,True,False,1054.41,65,4cbcbadd-8702-4529-a9e1-3bbb3ae342cb,True,True,True,safe_validated_frame_vector,92.2,61.1,92.2,61.1,92.2,61.1,92.2,61.1,92.2,61.1,0.0,0.0,0.0,55.89700000000005,Jonas Hofmann,Bayer Leverkusen,,,validated_spatial_anchor,0.0,105.3,13.099999999999994,,,,,nonpositive_0010,1.0,C07,533862946a73608c134d18b78226b6371ce7173c
3895060,1,36,904,708,00:17:34.530,Pass,904,True,validated_core_event_team_scope,True,False,1054.53,66,3e34e005-aafd-42ab-b7f5-1c8725eff315,True,True,True,safe_validated_frame_vector,92.2,61.1,92.2,61.1,91.3,71.4,92.2,61.1,91.3,71.4,-0.9000000000000057,10.300000000000004,10.33924562045027,56.01699999999994,Jonas Hofmann,Bayer Leverkusen,,,validated_spatial_anchor,0.1199999999998908,105.3,14.0,,,negative_0011,1.0,nonpositive_0010,2.0,C07,533862946a73608c134d18b78226b6371ce7173c
3895060,1,36,904,709,00:17:35.374,Ball Receipt*,904,True,unsupported_event_type,False,False,1055.374,67,a64f082f-1621-459a-ad24-65be18a5e7a2,False,False,False,not_leverkusen_pass_carry,,,91.3,71.4,,,,,,,,,,56.86099999999999,Jeremie Frimpong,Bayer Leverkusen,,,linked_360_unsupported_semantics,0.8440000000000509,,,,,,,,,C07,533862946a73608c134d18b78226b6371ce7173c
3895060,1,36,904,710,00:17:35.374,Carry,904,True,validated_core_event_team_scope,True,False,1055.374,68,13a25f9b-49cf-448a-836f-0eb3eebd0cb7,True,True,True,safe_validated_frame_vector,91.3,71.4,91.3,71.4,92.2,69.4,91.3,71.4,92.2,69.4,0.9000000000000057,-2.0,2.1931712199461333,56.86099999999999,Jeremie Frimpong,Bayer Leverkusen,,,validated_spatial_anchor,0.0,105.3,13.099999999999994,positive_0014,1.0,,,,,C07,533862946a73608c134d18b78226b6371ce7173c
3895060,1,36,904,711,00:17:38.949,Pass,904,True,validated_core_event_team_scope,True,False,1058.949,69,29623675-9421-434b-9c55-8fb9ada37ecd,True,True,True,safe_validated_frame_vector,92.2,69.4,92.2,69.4,70.3,55.0,92.2,69.4,70.3,55.0,-21.90000000000001,-14.400000000000006,26.21011255221924,60.43600000000004,Jeremie Frimpong,Bayer Leverkusen,,,validated_spatial_anchor,3.575000000000045,105.3,35.0,,,negative_0012,1.0,nonpositive_0011,1.0,C07,533862946a73608c134d18b78226b6371ce7173c
3895060,1,36,904,712,00:17:40.430,Ball Receipt*,904,True,unsupported_event_type,False,False,1060.43,70,a143d320-6d2c-4e98-842f-9954f2c2560f,False,False,False,not_leverkusen_pass_carry,,,70.3,55.0,,,,,,,,,,61.91700000000003,Jonathan Tah,Bayer Leverkusen,,,linked_360_unsupported_semantics,1.4809999999999943,,,,,,,,,C07,533862946a73608c134d18b78226b6371ce7173c
3895060,1,36,904,713,00:17:40.430,Carry,904,True,validated_core_event_team_scope,True,False,1060.43,71,53d93a12-70de-4ce4-9e4d-f503ba828d3a,True,True,True,safe_validated_frame_vector,70.3,55.0,70.3,55.0,70.3,55.0,70.3,55.0,70.3,55.0,0.0,0.0,0.0,61.91700000000003,Jonathan Tah,Bayer Leverkusen,,,validated_spatial_anchor,0.0,105.3,35.0,,,,,nonpositive_0011,2.0,C07,533862946a73608c134d18b78226b6371ce7173c
3895060,1,36,904,714,00:17:41.547,Pass,904,True,validated_core_event_team_scope,True,False,1061.547,72,fe99df35-92b7-4d81-ba80-b3ae4c2317b9,True,True,True,safe_validated_frame_vector,70.3,55.0,70.3,55.0,72.3,37.1,70.3,55.0,72.3,37.1,2.0,-17.9,18.011385288200348,63.03399999999999,Jonathan Tah,Bayer Leverkusen,,,validated_spatial_anchor,1.1169999999999618,105.3,33.0,positive_0015,1.0,,,,,C07,533862946a73608c134d18b78226b6371ce7173c
3895060,1,36,904,715,00:17:42.415,Ball Receipt*,904,True,unsupported_event_type,False,False,1062.415,73,ba897166-17e1-4c1c-b3b7-7e1eeb15773d,False,False,False,not_leverkusen_pass_carry,,,72.3,37.1,,,,,,,,,,63.90199999999993,Edmond Fayçal Tapsoba,Bayer Leverkusen,,,linked_360_unsupported_semantics,0.8679999999999382,,,,,,,,,C07,533862946a73608c134d18b78226b6371ce7173c
3895060,1,36,904,716,00:17:42.415,Carry,904,True,validated_core_event_team_scope,True,False,1062.415,74,d94e1888-15d1-4a37-9bd6-964c29c6da5d,True,True,True,safe_validated_frame_vector,72.3,37.1,72.3,37.1,74.7,36.5,72.3,37.1,74.7,36.5,2.4000000000000057,-0.6000000000000014,2.4738633753706023,63.90199999999993,Edmond Fayçal Tapsoba,Bayer Leverkusen,,,validated_spatial_anchor,0.0,105.3,30.599999999999994,positive_0015,2.0,,,,,C07,533862946a73608c134d18b78226b6371ce7173c
3895060,1,36,904,717,00:17:45.604,Pass,904,True,validated_core_event_team_scope,True,False,1065.604,75,7c122a18-b801-4526-ae1b-2dfddf5fede4,True,True,True,safe_validated_frame_vector,74.7,36.5,74.7,36.5,78.2,49.1,74.7,36.5,78.2,49.1,3.5,12.6,13.077079184588586,67.09100000000001,Edmond Fayçal Tapsoba,Bayer Leverkusen,,,validated_spatial_anchor,3.189000000000078,105.3,27.099999999999994,positive_0015,3.0,,,,,C07,533862946a73608c134d18b78226b6371ce7173c
3895060,1,36,904,718,00:17:46.443,Ball Receipt*,904,True,unsupported_event_type,False,False,1066.443,76,d0ffd241-248a-42ca-b507-b98ef7571901,False,False,False,not_leverkusen_pass_carry,,,78.2,49.1,,,,,,,,,,67.92999999999995,Granit Xhaka,Bayer Leverkusen,,,linked_360_unsupported_semantics,0.8389999999999418,,,,,,,,,C07,533862946a73608c134d18b78226b6371ce7173c
3895060,1,36,904,719,00:17:46.443,Carry,904,True,validated_core_event_team_scope,True,False,1066.443,77,c3a2df67-62d6-41bd-a617-4dd53fe38549,True,True,True,safe_validated_frame_vector,78.2,49.1,78.2,49.1,79.3,52.1,78.2,49.1,79.3,52.1,1.0999999999999943,3.0,3.1953090617340894,67.92999999999995,Granit Xhaka,Bayer Leverkusen,,,validated_spatial_anchor,0.0,105.3,26.0,positive_0015,4.0,,,,,C07,533862946a73608c134d18b78226b6371ce7173c
3895060,1,36,904,720,00:17:48.937,Pass,904,True,validated_core_event_team_scope,True,False,1068.937,78,05f3ab9c-66fa-46bf-973b-cb3cf4e2719d,True,True,True,safe_validated_frame_vector,79.3,52.1,79.3,52.1,98.1,73.7,79.3,52.1,98.1,73.7,18.8,21.6,28.635642126552707,70.42399999999986,Granit Xhaka,Bayer Leverkusen,,,validated_spatial_anchor,2.4939999999999145,105.3,7.200000000000003,positive_0015,5.0,,,,,C07,533862946a73608c134d18b78226b6371ce7173c
3895060,1,36,904,721,00:17:49.919,Ball Receipt*,904,True,unsupported_event_type,False,False,1069.919,79,4ad8c331-0312-4580-b113-c47d0c5fb7d4,False,False,False,not_leverkusen_pass_carry,,,98.1,73.7,,,,,,,,,,71.40600000000006,Jeremie Frimpong,Bayer Leverkusen,,,linked_360_unsupported_semantics,0.9820000000001984,,,,,,,,,C07,533862946a73608c134d18b78226b6371ce7173c
3895060,1,36,904,722,00:17:49.919,Carry,904,True,validated_core_event_team_scope,True,False,1069.919,80,c86fb431-c1ce-4a46-8fee-17867545e19e,True,True,True,safe_validated_frame_vector,98.1,73.7,98.1,73.7,101.5,66.6,98.1,73.7,101.5,66.6,3.4000000000000057,-7.1000000000000085,7.87210264160727,71.40600000000006,Jeremie Frimpong,Bayer Leverkusen,,,validated_spatial_anchor,0.0,105.3,3.799999999999997,positive_0015,6.0,,,,,C07,533862946a73608c134d18b78226b6371ce7173c
3895060,1,36,904,723,00:17:52.058,Pass,904,True,validated_core_event_team_scope,True,False,1072.058,81,cca36f65-1ac2-435e-8ab0-a4b17e29260e,True,True,True,safe_validated_frame_vector,101.5,66.6,101.5,66.6,91.2,52.9,101.5,66.6,91.2,52.9,-10.299999999999995,-13.699999999999996,17.14001166860746,73.54499999999996,Jeremie Frimpong,Bayer Leverkusen,,,validated_spatial_anchor,2.1389999999998963,105.3,14.099999999999994,,,negative_0013,1.0,nonpositive_0012,1.0,C07,533862946a73608c134d18b78226b6371ce7173c
3895060,1,36,904,724,00:17:52.927,Ball Receipt*,904,True,unsupported_event_type,False,False,1072.927,82,14ecf07c-5668-45da-9bdb-b97e274634fc,False,False,False,not_leverkusen_pass_carry,,,91.2,52.9,,,,,,,,,,74.41399999999987,Granit Xhaka,Bayer Leverkusen,,,linked_360_unsupported_semantics,0.8689999999999145,,,,,,,,,C07,533862946a73608c134d18b78226b6371ce7173c
3895060,1,36,904,725,00:17:52.927,Carry,904,True,validated_core_event_team_scope,True,False,1072.927,83,0c59ff41-b284-4ac3-b0b1-1c66505389fd,True,True,True,safe_validated_frame_vector,91.2,52.9,91.2,52.9,90.9,52.3,91.2,52.9,90.9,52.3,-0.2999999999999971,-0.6000000000000014,0.6708203932499369,74.41399999999987,Granit Xhaka,Bayer Leverkusen,,,validated_spatial_anchor,0.0,105.3,14.399999999999991,,,negative_0013,2.0,nonpositive_0012,2.0,C07,533862946a73608c134d18b78226b6371ce7173c
3895060,1,36,904,726,00:17:53.829,Pressure,185,True,validated_core_event_team_scope,True,False,1073.829,84,3623cad4-94cf-41b6-b928-c11c7f4a2a8b,False,False,False,not_leverkusen_pass_carry,93.4,53.7,26.6,26.3,,,,,,,,,,75.31599999999992,Florian Neuhaus,Borussia Mönchengladbach,,,validated_spatial_anchor,0.9020000000000435,,,,,,,,,C07,533862946a73608c134d18b78226b6371ce7173c
3895060,1,36,904,727,00:17:54.312,Pass,904,False,no_360_frame,False,False,1074.312,85,1e6d64b2-0efe-47a6-a3cc-00384bfc4fd1,False,True,True,unsupported_or_unlinked_frame,,,90.9,52.3,108.7,26.0,,,,,,,,75.79899999999986,Granit Xhaka,Bayer Leverkusen,,,no_360_frame,0.4829999999999472,,,,,,,,,C07,533862946a73608c134d18b78226b6371ce7173c
3895060,1,36,904,728,00:17:55.511,Ball Receipt*,904,False,no_360_frame,False,False,1075.511,86,99dab039-5e01-400a-a2b9-997adf03ca2a,False,False,False,not_leverkusen_pass_carry,,,108.7,26.0,,,,,,,,,,76.99799999999993,Alejandro Grimaldo García,Bayer Leverkusen,,,no_360_frame,1.1990000000000691,,,,,,,,,C07,533862946a73608c134d18b78226b6371ce7173c
3895060,1,36,904,729,00:17:55.762,Pass,904,True,validated_core_event_team_scope,True,False,1075.762,87,05fd4a8e-a4e1-4361-95f1-92553c385174,True,True,True,safe_validated_frame_vector,111.4,24.7,111.4,24.7,113.2,35.7,111.4,24.7,113.2,35.7,1.7999999999999972,11.000000000000004,11.146299834474222,77.24899999999991,Alejandro Grimaldo García,Bayer Leverkusen,,,validated_spatial_anchor,0.2509999999999763,113.2,0.0,positive_0016,1.0,,,,,C07,533862946a73608c134d18b78226b6371ce7173c
3895060,1,36,904,730,00:17:57.099,Ball Receipt*,904,True,unsupported_event_type,False,False,1077.099,88,ee930a80-356f-45d7-aab2-8256692186ee,False,False,False,not_leverkusen_pass_carry,,,113.2,35.7,,,,,,,,,,78.5859999999999,Victor Okoh Boniface,Bayer Leverkusen,,,linked_360_unsupported_semantics,1.336999999999989,,,,,,,,,C07,533862946a73608c134d18b78226b6371ce7173c
3895060,1,36,904,731,00:17:57.111,Shot,904,True,validated_core_event_team_scope,True,True,1077.111,89,25b25579-2f18-4333-a5a6-8571e4212871,False,False,False,not_leverkusen_pass_carry,113.2,35.7,113.2,35.7,,,,,,,,,,78.59800000000007,Victor Okoh Boniface,Bayer Leverkusen,type:Shot,,validated_spatial_anchor,0.0120000000001709,,,,,,,,,C07,533862946a73608c134d18b78226b6371ce7173c
3895060,1,36,904,732,00:17:57.693,Goal Keeper,185,False,no_360_frame,False,False,1077.693,90,3d051a47-5745-4a04-a9cd-260e33c5b7e5,False,False,False,not_leverkusen_pass_carry,,,1.7,41.9,,,,,,,,,,79.17999999999995,Jonas Omlin,Borussia Mönchengladbach,,,no_360_frame,0.58199999999988,,,,,,,,,C07,533862946a73608c134d18b78226b6371ce7173c
3895067,2,102,904,2749,00:17:39.669,Ball Recovery,904,True,unsupported_event_type,False,False,1059.669,0,9759f942-0563-4e9a-b364-8b69988285a3,False,False,False,not_leverkusen_pass_carry,,,35.5,20.9,,,,,,,,,,0.0,Jonathan Tah,Bayer Leverkusen,type:Ball Recovery,,linked_360_unsupported_semantics,,,,,,,,,,C08,533862946a73608c134d18b78226b6371ce7173c
3895067,2,102,904,2750,00:17:39.669,Carry,904,True,validated_core_event_team_scope,True,False,1059.669,1,6a0af499-8d16-4376-b9d3-62a320b922d4,True,True,True,safe_validated_frame_vector,35.5,20.9,35.5,20.9,44.3,27.7,35.5,20.9,44.3,27.7,8.799999999999997,6.800000000000001,11.121151019566272,0.0,Jonathan Tah,Bayer Leverkusen,,,validated_spatial_anchor,0.0,44.3,0.0,positive_0013,1.0,,,,,C08,533862946a73608c134d18b78226b6371ce7173c
3895067,2,102,904,2751,00:17:46.073,Pass,904,True,validated_core_event_team_scope,True,False,1066.073,2,2a8e562b-7e7f-42c5-b6e6-3a0c0c6ed3fb,True,True,True,safe_validated_frame_vector,44.3,27.7,44.3,27.7,52.8,46.3,44.3,27.7,52.8,46.3,8.5,18.6,20.450183373260984,6.403999999999996,Jonathan Tah,Bayer Leverkusen,,,validated_spatial_anchor,6.403999999999996,52.8,0.0,positive_0013,2.0,,,,,C08,533862946a73608c134d18b78226b6371ce7173c
3895067,2,102,904,2752,00:17:47.255,Ball Receipt*,904,True,unsupported_event_type,False,False,1067.255,3,056c57e9-85ae-4a8a-876f-18ad6f1af3ca,False,False,False,not_leverkusen_pass_carry,,,52.8,46.3,,,,,,,,,,7.586000000000013,Granit Xhaka,Bayer Leverkusen,,,linked_360_unsupported_semantics,1.1820000000000164,,,,,,,,,C08,533862946a73608c134d18b78226b6371ce7173c
3895067,2,102,904,2753,00:17:47.255,Carry,904,True,validated_core_event_team_scope,True,False,1067.255,4,eb50680f-4c07-4fdf-b3b9-18914b095cd0,True,True,True,safe_validated_frame_vector,52.8,46.3,52.8,46.3,52.8,46.3,52.8,46.3,52.8,46.3,0.0,0.0,0.0,7.586000000000013,Granit Xhaka,Bayer Leverkusen,,,validated_spatial_anchor,0.0,52.8,0.0,,,,,,,C08,533862946a73608c134d18b78226b6371ce7173c
3895067,2,102,904,2754,00:17:49.588,Pass,904,True,validated_core_event_team_scope,True,False,1069.588,5,b30dc2c0-7061-4acd-a771-37814acae003,True,True,True,safe_validated_frame_vector,52.8,46.3,52.8,46.3,58.8,39.7,52.8,46.3,58.8,39.7,6.0,-6.599999999999994,8.919641248391098,9.918999999999867,Granit Xhaka,Bayer Leverkusen,,,validated_spatial_anchor,2.3329999999998563,58.8,0.0,positive_0014,1.0,,,,,C08,533862946a73608c134d18b78226b6371ce7173c
3895067,2,102,904,2755,00:17:50.312,Ball Receipt*,904,True,unsupported_event_type,False,False,1070.312,6,5bd96fc8-aa0b-4011-911e-692eb31f03cf,False,False,False,not_leverkusen_pass_carry,,,58.8,39.7,,,,,,,,,,10.642999999999802,Jonas Hofmann,Bayer Leverkusen,,,linked_360_unsupported_semantics,0.7239999999999327,,,,,,,,,C08,533862946a73608c134d18b78226b6371ce7173c
3895067,2,102,904,2756,00:17:50.312,Carry,904,True,validated_core_event_team_scope,True,False,1070.312,7,61fd3fbb-5201-4340-b3ab-436c0accaf2a,True,True,True,safe_validated_frame_vector,58.8,39.7,58.8,39.7,61.2,38.1,58.8,39.7,61.2,38.1,2.4000000000000057,-1.6000000000000014,2.884441020371197,10.642999999999802,Jonas Hofmann,Bayer Leverkusen,,,validated_spatial_anchor,0.0,61.2,0.0,positive_0014,2.0,,,,,C08,533862946a73608c134d18b78226b6371ce7173c
3895067,2,102,904,2757,00:17:52.332,Pass,904,True,validated_core_event_team_scope,True,False,1072.332,8,161cdcb8-3e69-4132-ac7f-24966385caea,True,True,True,safe_validated_frame_vector,61.2,38.1,61.2,38.1,59.3,34.0,61.2,38.1,59.3,34.0,-1.9000000000000057,-4.100000000000001,4.518849411078005,12.663000000000013,Jonas Hofmann,Bayer Leverkusen,,,validated_spatial_anchor,2.020000000000209,61.2,1.9000000000000057,,,negative_0012,1.0,nonpositive_0011,1.0,C08,533862946a73608c134d18b78226b6371ce7173c
3895067,2,102,904,2758,00:17:52.702,Ball Receipt*,904,True,unsupported_event_type,False,False,1072.702,9,fe5c23f4-ef19-4837-935a-79fb23111d14,False,False,False,not_leverkusen_pass_carry,,,59.3,34.0,,,,,,,,,,13.032999999999902,Exequiel Alejandro Palacios,Bayer Leverkusen,,,linked_360_unsupported_semantics,0.3699999999998908,,,,,,,,,C08,533862946a73608c134d18b78226b6371ce7173c
3895067,2,102,904,2759,00:17:52.702,Carry,904,True,validated_core_event_team_scope,True,False,1072.702,10,191e9429-d2c1-4dd0-aeaa-1df152cf41ce,True,True,True,safe_validated_frame_vector,59.3,34.0,59.3,34.0,59.3,34.0,59.3,34.0,59.3,34.0,0.0,0.0,0.0,13.032999999999902,Exequiel Alejandro Palacios,Bayer Leverkusen,,,validated_spatial_anchor,0.0,61.2,1.9000000000000057,,,,,nonpositive_0011,2.0,C08,533862946a73608c134d18b78226b6371ce7173c
3895067,2,102,904,2760,00:17:52.782,Pass,904,True,validated_core_event_team_scope,True,False,1072.782,11,36063d61-d582-4225-b6d2-d84f59d142f4,True,True,True,safe_validated_frame_vector,59.3,34.0,59.3,34.0,56.0,44.4,59.3,34.0,56.0,44.4,-3.299999999999997,10.4,10.911003620199196,13.112999999999827,Exequiel Alejandro Palacios,Bayer Leverkusen,,,validated_spatial_anchor,0.0799999999999272,61.2,5.200000000000003,,,negative_0013,1.0,nonpositive_0011,3.0,C08,533862946a73608c134d18b78226b6371ce7173c
3895067,2,102,904,2761,00:17:53.698,Ball Receipt*,904,True,unsupported_event_type,False,False,1073.698,12,2ae363d2-5c48-4411-83c9-5c5069716828,False,False,False,not_leverkusen_pass_carry,,,56.0,44.4,,,,,,,,,,14.028999999999996,Granit Xhaka,Bayer Leverkusen,,,linked_360_unsupported_semantics,0.9160000000001672,,,,,,,,,C08,533862946a73608c134d18b78226b6371ce7173c
3895067,2,102,904,2762,00:17:53.698,Carry,904,True,validated_core_event_team_scope,True,False,1073.698,13,301924ad-8684-456f-92b7-d7d88e834a16,True,True,True,safe_validated_frame_vector,56.0,44.4,56.0,44.4,55.6,49.6,56.0,44.4,55.6,49.6,-0.3999999999999986,5.200000000000003,5.215361924162122,14.028999999999996,Granit Xhaka,Bayer Leverkusen,,,validated_spatial_anchor,0.0,61.2,5.600000000000001,,,negative_0013,2.0,nonpositive_0011,4.0,C08,533862946a73608c134d18b78226b6371ce7173c
3895067,2,102,904,2763,00:17:57.180,Pass,904,True,validated_core_event_team_scope,True,False,1077.18,14,9a6d4665-7482-4e43-bc3c-716c42a3382f,True,True,True,safe_validated_frame_vector,55.6,49.6,55.6,49.6,57.1,74.9,55.6,49.6,57.1,74.9,1.5,25.300000000000004,25.344427395386155,17.510999999999967,Granit Xhaka,Bayer Leverkusen,,,validated_spatial_anchor,3.481999999999971,61.2,4.100000000000001,positive_0015,1.0,,,,,C08,533862946a73608c134d18b78226b6371ce7173c
3895067,2,102,904,2764,00:18:01.195,Ball Receipt*,904,True,unsupported_event_type,False,False,1081.195,15,e58f3ccd-a7d6-454e-9aab-c12b532f207c,False,False,False,not_leverkusen_pass_carry,,,57.1,74.9,,,,,,,,,,21.52599999999984,Odilon Kossonou,Bayer Leverkusen,,,linked_360_unsupported_semantics,4.014999999999873,,,,,,,,,C08,533862946a73608c134d18b78226b6371ce7173c
3895067,2,102,904,2765,00:18:01.195,Carry,904,True,validated_core_event_team_scope,True,False,1081.195,16,20bed771-42a5-40dd-919d-89b70a8672d8,True,True,True,safe_validated_frame_vector,57.1,74.9,57.1,74.9,55.0,77.5,57.1,74.9,55.0,77.5,-2.1000000000000014,2.5999999999999943,3.3421549934136774,21.52599999999984,Odilon Kossonou,Bayer Leverkusen,,,validated_spatial_anchor,0.0,61.2,6.200000000000003,,,negative_0014,1.0,nonpositive_0012,1.0,C08,533862946a73608c134d18b78226b6371ce7173c
3895067,2,102,904,2766,00:18:01.224,Pass,904,True,validated_core_event_team_scope,True,False,1081.224,17,fb883b66-0ee3-41bc-b93a-229d454184cd,True,True,True,safe_validated_frame_vector,55.0,77.5,55.0,77.5,48.2,69.9,55.0,77.5,48.2,69.9,-6.799999999999997,-7.599999999999994,10.198039027185564,21.55499999999984,Odilon Kossonou,Bayer Leverkusen,,,validated_spatial_anchor,0.0289999999999963,61.2,13.0,,,negative_0014,2.0,nonpositive_0012,2.0,C08,533862946a73608c134d18b78226b6371ce7173c
3895067,2,102,904,2767,00:18:03.017,Ball Receipt*,904,True,unsupported_event_type,False,False,1083.017,18,ce302151-83d5-4971-9816-6ec0582e8169,False,False,False,not_leverkusen_pass_carry,,,48.2,69.9,,,,,,,,,,23.34799999999996,Granit Xhaka,Bayer Leverkusen,,,linked_360_unsupported_semantics,1.79300000000012,,,,,,,,,C08,533862946a73608c134d18b78226b6371ce7173c
3895067,2,102,904,2768,00:18:03.017,Carry,904,True,validated_core_event_team_scope,True,False,1083.017,19,a6b3af3c-a84a-494b-b35d-fcc8bf5abd49,True,True,True,safe_validated_frame_vector,48.2,69.9,48.2,69.9,41.5,68.5,48.2,69.9,41.5,68.5,-6.700000000000003,-1.4000000000000057,6.844705983459045,23.34799999999996,Granit Xhaka,Bayer Leverkusen,,,validated_spatial_anchor,0.0,61.2,19.700000000000003,,,negative_0014,3.0,nonpositive_0012,3.0,C08,533862946a73608c134d18b78226b6371ce7173c
3895067,2,102,904,2769,00:18:04.407,Pressure,872,True,validated_core_event_team_scope,True,False,1084.407,20,674527ce-a691-48a8-b9d7-8f2ad84a7eef,False,False,False,not_leverkusen_pass_carry,46.1,69.8,73.9,10.2,,,,,,,,,,24.73799999999983,Fabian Holland,Darmstadt 98,,,validated_spatial_anchor,1.389999999999873,,,,,,,,,C08,533862946a73608c134d18b78226b6371ce7173c
3895067,2,102,904,2770,00:18:04.840,Pass,904,True,validated_core_event_team_scope,True,False,1084.84,21,a5e2ea60-4a6c-4329-b23b-90c276bb8699,True,True,True,safe_validated_frame_vector,41.5,68.5,41.5,68.5,39.6,15.9,41.5,68.5,39.6,15.9,-1.8999999999999984,-52.6,52.63430440311718,25.17099999999982,Granit Xhaka,Bayer Leverkusen,,,validated_spatial_anchor,0.4329999999999927,61.2,21.6,,,negative_0014,4.0,nonpositive_0012,4.0,C08,533862946a73608c134d18b78226b6371ce7173c
3895067,2,102,904,2771,00:18:07.235,Ball Receipt*,904,True,unsupported_event_type,False,False,1087.235,22,0c5ec6bd-fc3c-43de-a171-7dd542d08644,False,False,False,not_leverkusen_pass_carry,,,39.6,15.9,,,,,,,,,,27.565999999999804,Edmond Fayçal Tapsoba,Bayer Leverkusen,,,linked_360_unsupported_semantics,2.394999999999982,,,,,,,,,C08,533862946a73608c134d18b78226b6371ce7173c
3895067,2,102,904,2772,00:18:07.235,Carry,904,True,validated_core_event_team_scope,True,False,1087.235,23,91ecb7f2-874c-427b-9c95-203e4320037c,True,True,True,safe_validated_frame_vector,39.6,15.9,39.6,15.9,15.8,6.9,39.6,15.9,15.8,6.9,-23.8,-9.0,25.444842306447885,27.565999999999804,Edmond Fayçal Tapsoba,Bayer Leverkusen,,,validated_spatial_anchor,0.0,61.2,45.400000000000006,,,negative_0014,5.0,nonpositive_0012,5.0,C08,533862946a73608c134d18b78226b6371ce7173c
3895067,2,102,904,2773,00:18:12.461,Pass,904,True,validated_core_event_team_scope,True,False,1092.461,24,1a35ccbd-8b11-4377-86c4-010bcdceb835,True,True,True,safe_validated_frame_vector,15.8,6.9,15.8,6.9,35.0,21.5,15.8,6.9,35.0,21.5,19.2,14.6,24.120530674095875,32.79199999999992,Edmond Fayçal Tapsoba,Bayer Leverkusen,,,validated_spatial_anchor,5.226000000000113,61.2,26.200000000000003,positive_0016,1.0,,,,,C08,533862946a73608c134d18b78226b6371ce7173c
3895067,2,102,904,2774,00:18:13.925,Ball Receipt*,904,True,unsupported_event_type,False,False,1093.925,25,b8e8a1bf-3d6f-4b17-a9fd-72d2767e6d56,False,False,False,not_leverkusen_pass_carry,,,35.0,21.5,,,,,,,,,,34.25599999999986,Exequiel Alejandro Palacios,Bayer Leverkusen,,,linked_360_unsupported_semantics,1.4639999999999418,,,,,,,,,C08,533862946a73608c134d18b78226b6371ce7173c
3895067,2,102,904,2775,00:18:13.925,Carry,904,True,validated_core_event_team_scope,True,False,1093.925,26,935ff73d-2f91-4f39-ab38-913d4e67ca5a,True,True,True,safe_validated_frame_vector,35.0,21.5,35.0,21.5,35.0,21.5,35.0,21.5,35.0,21.5,0.0,0.0,0.0,34.25599999999986,Exequiel Alejandro Palacios,Bayer Leverkusen,,,validated_spatial_anchor,0.0,61.2,26.200000000000003,,,,,nonpositive_0013,1.0,C08,533862946a73608c134d18b78226b6371ce7173c
3895067,2,102,904,2776,00:18:14.772,Pass,904,True,validated_core_event_team_scope,True,False,1094.772,27,e9398e69-8449-49c3-80fb-3f446b5cc574,True,True,True,safe_validated_frame_vector,35.0,21.5,35.0,21.5,24.5,20.9,35.0,21.5,24.5,20.9,-10.5,-0.6000000000000014,10.517128885774865,35.10299999999984,Exequiel Alejandro Palacios,Bayer Leverkusen,,,validated_spatial_anchor,0.84699999999998,61.2,36.7,,,negative_0015,1.0,nonpositive_0013,2.0,C08,533862946a73608c134d18b78226b6371ce7173c
3895067,2,102,904,2777,00:18:15.825,Ball Receipt*,904,True,unsupported_event_type,False,False,1095.825,28,97cf9af4-7c18-46e7-8155-609fb924b2df,False,False,False,not_leverkusen_pass_carry,,,24.5,20.9,,,,,,,,,,36.15599999999995,Edmond Fayçal Tapsoba,Bayer Leverkusen,,,linked_360_unsupported_semantics,1.053000000000111,,,,,,,,,C08,533862946a73608c134d18b78226b6371ce7173c
3895067,2,102,904,2778,00:18:15.825,Carry,904,True,validated_core_event_team_scope,True,False,1095.825,29,7f7de91d-32d4-45f6-9966-f4349b2b7a01,True,True,True,safe_validated_frame_vector,24.5,20.9,24.5,20.9,24.5,20.9,24.5,20.9,24.5,20.9,0.0,0.0,0.0,36.15599999999995,Edmond Fayçal Tapsoba,Bayer Leverkusen,,,validated_spatial_anchor,0.0,61.2,36.7,,,,,nonpositive_0013,3.0,C08,533862946a73608c134d18b78226b6371ce7173c
3895067,2,102,904,2779,00:18:15.865,Pass,904,True,validated_core_event_team_scope,True,False,1095.865,30,06eaee05-a669-42b9-8140-a1adc8feaf23,True,True,True,safe_validated_frame_vector,24.5,20.9,24.5,20.9,56.4,35.1,24.5,20.9,56.4,35.1,31.9,14.200000000000005,34.91776052383658,36.19599999999991,Edmond Fayçal Tapsoba,Bayer Leverkusen,,,validated_spatial_anchor,0.0399999999999636,61.2,4.800000000000004,positive_0017,1.0,,,,,C08,533862946a73608c134d18b78226b6371ce7173c
3895067,2,102,904,2780,00:18:17.823,Ball Receipt*,904,True,unsupported_event_type,False,False,1097.823,31,95ef4ea2-4a10-4da2-b2fd-887abec37143,False,False,False,not_leverkusen_pass_carry,,,56.4,35.1,,,,,,,,,,38.154,Jonas Hofmann,Bayer Leverkusen,,,linked_360_unsupported_semantics,1.958000000000084,,,,,,,,,C08,533862946a73608c134d18b78226b6371ce7173c
3895067,2,102,904,2781,00:18:17.823,Carry,904,True,validated_core_event_team_scope,True,False,1097.823,32,6059e159-28e4-4b75-98d1-d8914adcfbe2,True,True,True,safe_validated_frame_vector,56.4,35.1,56.4,35.1,55.2,35.3,56.4,35.1,55.2,35.3,-1.1999999999999955,0.1999999999999957,1.216552506059639,38.154,Jonas Hofmann,Bayer Leverkusen,,,validated_spatial_anchor,0.0,61.2,6.0,,,negative_0016,1.0,nonpositive_0014,1.0,C08,533862946a73608c134d18b78226b6371ce7173c
3895067,2,102,904,2782,00:18:18.090,Dribbled Past,872,True,unsupported_event_type,False,False,1098.09,33,7f063f38-0676-4f7c-a6b6-5be3592b1ef9,False,False,False,not_leverkusen_pass_carry,,,64.9,44.8,,,,,,,,,,38.42099999999982,Bartol Franjić,Darmstadt 98,,,linked_360_unsupported_semantics,0.2669999999998254,,,,,,,,,C08,533862946a73608c134d18b78226b6371ce7173c
3895067,2,102,904,2783,00:18:18.090,Dribble,904,True,unsupported_event_type,False,False,1098.09,34,bc342acb-5f6c-469f-87b7-c35266a09648,False,False,False,not_leverkusen_pass_carry,,,55.2,35.3,,,,,,,,,,38.42099999999982,Jonas Hofmann,Bayer Leverkusen,,,linked_360_unsupported_semantics,0.0,,,,,,,,,C08,533862946a73608c134d18b78226b6371ce7173c
3895067,2,102,904,2784,00:18:18.090,Carry,904,True,validated_core_event_team_scope,True,False,1098.09,35,abce1b0a-5fed-4869-b6db-b0619c0d2cea,True,True,True,safe_validated_frame_vector,55.2,35.3,55.2,35.3,55.8,44.2,55.2,35.3,55.8,44.2,0.5999999999999943,8.900000000000006,8.92020179143948,38.42099999999982,Jonas Hofmann,Bayer Leverkusen,,,validated_spatial_anchor,0.0,61.2,5.400000000000006,positive_0018,1.0,,,,,C08,533862946a73608c134d18b78226b6371ce7173c
3895067,2,102,904,2785,00:18:24.083,Pressure,872,True,validated_core_event_team_scope,True,False,1104.083,36,1352bc12-0cc9-45f2-927a-dc3a096da599,False,False,False,not_leverkusen_pass_carry,55.3,45.5,64.7,34.5,,,,,,,,,,44.41399999999999,Fabian Holland,Darmstadt 98,,,validated_spatial_anchor,5.9930000000001655,,,,,,,,,C08,533862946a73608c134d18b78226b6371ce7173c
3895067,2,102,904,2786,00:18:24.792,Pass,904,True,validated_core_event_team_scope,True,False,1104.792,37,36454912-1159-4e71-bd61-441c6777116c,True,True,True,safe_validated_frame_vector,55.8,44.2,55.8,44.2,46.7,27.5,55.8,44.2,46.7,27.5,-9.099999999999994,-16.700000000000003,19.018412131405714,45.12299999999982,Jonas Hofmann,Bayer Leverkusen,,,validated_spatial_anchor,0.7089999999998327,61.2,14.5,,,negative_0017,1.0,nonpositive_0015,1.0,C08,533862946a73608c134d18b78226b6371ce7173c
3895067,2,102,904,2787,00:18:25.677,Ball Receipt*,904,True,unsupported_event_type,False,False,1105.677,38,c9fb0cf3-2a18-41b5-806d-11d5a0f7a5a1,False,False,False,not_leverkusen_pass_carry,,,46.7,27.5,,,,,,,,,,46.00799999999981,Edmond Fayçal Tapsoba,Bayer Leverkusen,,,linked_360_unsupported_semantics,0.8849999999999909,,,,,,,,,C08,533862946a73608c134d18b78226b6371ce7173c
3895067,2,102,904,2788,00:18:25.677,Carry,904,True,validated_core_event_team_scope,True,False,1105.677,39,4e094e1e-9708-4090-8eb7-4fbd787628ff,True,True,True,safe_validated_frame_vector,46.7,27.5,46.7,27.5,46.8,28.5,46.7,27.5,46.8,28.5,0.0999999999999943,1.0,1.0049875621120885,46.00799999999981,Edmond Fayçal Tapsoba,Bayer Leverkusen,,,validated_spatial_anchor,0.0,61.2,14.400000000000006,positive_0019,1.0,,,,,C08,533862946a73608c134d18b78226b6371ce7173c
3895067,2,102,904,2789,00:18:28.085,Pass,904,True,validated_core_event_team_scope,True,False,1108.085,40,3926f232-81de-4090-a253-5616a6f5941f,True,True,True,safe_validated_frame_vector,46.8,28.5,46.8,28.5,62.1,38.9,46.8,28.5,62.1,38.9,15.300000000000004,10.4,18.500000000000004,48.41599999999994,Edmond Fayçal Tapsoba,Bayer Leverkusen,,,validated_spatial_anchor,2.408000000000129,62.1,0.0,positive_0019,2.0,,,,,C08,533862946a73608c134d18b78226b6371ce7173c
3895067,2,102,904,2790,00:18:28.945,Ball Receipt*,904,True,unsupported_event_type,False,False,1108.945,41,25939aba-0ada-4a9e-8c02-a0703dd93e5f,False,False,False,not_leverkusen_pass_carry,,,62.1,38.9,,,,,,,,,,49.27599999999984,Jonas Hofmann,Bayer Leverkusen,,,linked_360_unsupported_semantics,0.8599999999999,,,,,,,,,C08,533862946a73608c134d18b78226b6371ce7173c
3895067,2,102,904,2791,00:18:28.945,Carry,904,True,validated_core_event_team_scope,True,False,1108.945,42,1901209d-02fc-4419-ba8a-c302df290ae2,True,True,True,safe_validated_frame_vector,62.1,38.9,62.1,38.9,58.8,39.0,62.1,38.9,58.8,39.0,-3.3000000000000043,0.1000000000000014,3.30151480384384,49.27599999999984,Jonas Hofmann,Bayer Leverkusen,,,validated_spatial_anchor,0.0,62.1,3.3000000000000043,,,negative_0018,1.0,nonpositive_0016,1.0,C08,533862946a73608c134d18b78226b6371ce7173c
3895067,2,102,904,2792,00:18:30.478,Pass,904,True,validated_core_event_team_scope,True,False,1110.478,43,501dc000-e47e-48ed-b60a-0932172329a7,True,True,True,safe_validated_frame_vector,58.8,39.0,58.8,39.0,58.0,44.6,58.8,39.0,58.0,44.6,-0.7999999999999972,5.600000000000001,5.6568542494923815,50.80899999999997,Jonas Hofmann,Bayer Leverkusen,,,validated_spatial_anchor,1.5330000000001291,62.1,4.100000000000001,,,negative_0018,2.0,nonpositive_0016,2.0,C08,533862946a73608c134d18b78226b6371ce7173c
3895067,2,102,904,2793,00:18:31.139,Ball Receipt*,904,True,unsupported_event_type,False,False,1111.139,44,2cac5d72-f9e0-472e-9aef-f62b8f90eece,False,False,False,not_leverkusen_pass_carry,,,58.0,44.6,,,,,,,,,,51.4699999999998,Granit Xhaka,Bayer Leverkusen,,,linked_360_unsupported_semantics,0.6609999999998308,,,,,,,,,C08,533862946a73608c134d18b78226b6371ce7173c
3895067,2,102,904,2794,00:18:31.139,Carry,904,True,validated_core_event_team_scope,True,False,1111.139,45,db459f90-bcde-4d48-987c-de02b9664c86,True,True,True,safe_validated_frame_vector,58.0,44.6,58.0,44.6,70.6,37.6,58.0,44.6,70.6,37.6,12.599999999999994,-7.0,14.413882197381795,51.4699999999998,Granit Xhaka,Bayer Leverkusen,,,validated_spatial_anchor,0.0,70.6,0.0,positive_0020,1.0,,,,,C08,533862946a73608c134d18b78226b6371ce7173c
3895067,2,102,904,2795,00:18:34.937,Pass,904,True,validated_core_event_team_scope,True,False,1114.937,46,8cb9404e-89bd-4327-858d-923e256296be,True,True,True,safe_validated_frame_vector,70.6,37.6,70.6,37.6,82.7,34.5,70.6,37.6,82.7,34.5,12.100000000000009,-3.1000000000000014,12.490796611905912,55.2679999999998,Granit Xhaka,Bayer Leverkusen,,,validated_spatial_anchor,3.798000000000002,82.7,0.0,positive_0020,2.0,,,,,C08,533862946a73608c134d18b78226b6371ce7173c
3895067,2,102,904,2796,00:18:35.751,Ball Receipt*,904,True,unsupported_event_type,False,False,1115.751,47,906694da-4197-45ed-93dd-b1e46f25b415,False,False,False,not_leverkusen_pass_carry,,,82.7,34.5,,,,,,,,,,56.08199999999988,Florian Wirtz,Bayer Leverkusen,,,linked_360_unsupported_semantics,0.8140000000000782,,,,,,,,,C08,533862946a73608c134d18b78226b6371ce7173c
3895067,2,102,904,2797,00:18:35.751,Carry,904,True,validated_core_event_team_scope,True,False,1115.751,48,5e44656f-0094-491c-9120-99a95e385169,True,True,True,safe_validated_frame_vector,82.7,34.5,82.7,34.5,85.1,35.4,82.7,34.5,85.1,35.4,2.3999999999999915,0.8999999999999986,2.5632011235952508,56.08199999999988,Florian Wirtz,Bayer Leverkusen,,,validated_spatial_anchor,0.0,85.1,0.0,positive_0020,3.0,,,,,C08,533862946a73608c134d18b78226b6371ce7173c
3895067,2,102,904,2798,00:18:36.577,Pass,904,True,validated_core_event_team_scope,True,False,1116.577,49,633e4f5c-93eb-463b-94d0-65adac1fc798,True,True,True,safe_validated_frame_vector,85.1,35.4,85.1,35.4,104.0,31.6,85.1,35.4,104.0,31.6,18.90000000000001,-3.799999999999997,19.278226059469272,56.9079999999999,Florian Wirtz,Bayer Leverkusen,,,validated_spatial_anchor,0.8260000000000218,104.0,0.0,positive_0020,4.0,,,,,C08,533862946a73608c134d18b78226b6371ce7173c
3895067,2,102,904,2799,00:18:37.508,Ball Receipt*,904,True,unsupported_event_type,False,False,1117.508,50,b3c8a800-c3f4-4eb6-9187-7be3d44a931c,False,False,False,not_leverkusen_pass_carry,,,104.0,31.6,,,,,,,,,,57.83899999999994,Victor Okoh Boniface,Bayer Leverkusen,,,linked_360_unsupported_semantics,0.93100000000004,,,,,,,,,C08,533862946a73608c134d18b78226b6371ce7173c
3895067,2,102,904,2800,00:18:37.508,Carry,904,True,validated_core_event_team_scope,True,False,1117.508,51,31ce5fb3-a055-4baa-9050-b76f013ab44d,True,True,True,safe_validated_frame_vector,104.0,31.6,104.0,31.6,105.9,30.9,104.0,31.6,105.9,30.9,1.9000000000000057,-0.7000000000000028,2.024845673131665,57.83899999999994,Victor Okoh Boniface,Bayer Leverkusen,,,validated_spatial_anchor,0.0,105.9,0.0,positive_0020,5.0,,,,,C08,533862946a73608c134d18b78226b6371ce7173c
3895067,2,102,904,2801,00:18:38.739,Dribbled Past,872,True,unsupported_event_type,False,False,1118.739,52,e26088eb-1a68-431a-947e-ae36b5e1b227,False,False,False,not_leverkusen_pass_carry,,,14.2,49.2,,,,,,,,,,59.069999999999936,Christoph Zimmermann,Darmstadt 98,,,linked_360_unsupported_semantics,1.2309999999999943,,,,,,,,,C08,533862946a73608c134d18b78226b6371ce7173c
3895067,2,102,904,2802,00:18:38.739,Dribble,904,True,unsupported_event_type,False,False,1118.739,53,83aaf2b8-ada5-4864-ae29-57885bf106fd,False,False,False,not_leverkusen_pass_carry,,,105.9,30.9,,,,,,,,,,59.069999999999936,Victor Okoh Boniface,Bayer Leverkusen,,,linked_360_unsupported_semantics,0.0,,,,,,,,,C08,533862946a73608c134d18b78226b6371ce7173c
3895067,2,102,904,2803,00:18:38.739,Carry,904,True,validated_core_event_team_scope,True,False,1118.739,54,8da2665a-4aaf-4ea1-a00e-a3a8a6f884eb,True,True,True,safe_validated_frame_vector,105.9,30.9,105.9,30.9,116.4,28.7,105.9,30.9,116.4,28.7,10.5,-2.1999999999999997,10.72800074571213,59.069999999999936,Victor Okoh Boniface,Bayer Leverkusen,,,validated_spatial_anchor,0.0,116.4,0.0,positive_0020,6.0,,,,,C08,533862946a73608c134d18b78226b6371ce7173c
3895067,2,102,904,2804,00:18:40.239,Shot,904,True,validated_core_event_team_scope,True,True,1120.239,55,db5479ef-0a0d-4c34-a06a-bce5104675b7,False,False,False,not_leverkusen_pass_carry,116.4,28.7,116.4,28.7,,,,,,,,,,60.569999999999936,Victor Okoh Boniface,Bayer Leverkusen,type:Shot,,validated_spatial_anchor,1.5,,,,,,,,,C08,533862946a73608c134d18b78226b6371ce7173c
3895067,2,102,904,2805,00:18:40.725,Goal Keeper,872,False,no_360_frame,False,False,1120.725,56,c38443e8-4ab4-41e8-8d57-e453985a0dbd,False,False,False,not_leverkusen_pass_carry,,,2.8,48.4,,,,,,,,,,61.05599999999981,Marcel Schuhen,Darmstadt 98,,,no_360_frame,0.4859999999998763,,,,,,,,,C08,533862946a73608c134d18b78226b6371ce7173c
3895067,2,102,904,2806,00:19:48.122,Injury Stoppage,872,False,no_360_frame,False,False,1188.122,57,710dee03-e0ca-4462-952d-06bfdba69afe,False,False,False,not_leverkusen_pass_carry,,,,,,,,,,,,,,128.45299999999995,Christoph Zimmermann,Darmstadt 98,type:Injury Stoppage,,no_360_frame,67.39700000000016,,,,,,,,,C08,533862946a73608c134d18b78226b6371ce7173c
3895067,2,102,904,2807,00:20:38.815,Player Off,872,False,no_360_frame,False,False,1238.815,58,b42c624d-b18c-4cb5-a7e9-709fc4a545a0,False,False,False,not_leverkusen_pass_carry,,,,,,,,,,,,,,179.14599999999996,Christoph Zimmermann,Darmstadt 98,,,no_360_frame,50.692999999999984,,,,,,,,,C08,533862946a73608c134d18b78226b6371ce7173c
3895153,1,21,904,574,00:10:37.848,Pass,904,True,validated_core_event_team_scope,True,False,637.848,0,94d3190f-6d0b-441b-8661-4281050c7f25,True,True,True,safe_validated_frame_vector,120.0,0.1,120.0,0.1,115.5,30.5,120.0,0.1,115.5,30.5,-4.5,30.4,30.731254448850603,0.0,Jonas Hofmann,Bayer Leverkusen,pass.outcome:Incomplete;pass.type:Corner,Corner,validated_spatial_anchor,,120.0,4.5,,,negative_0001,1.0,nonpositive_0001,1.0,C09,533862946a73608c134d18b78226b6371ce7173c
3895153,1,21,904,575,00:10:38.968,Clearance,176,True,unsupported_event_type,False,False,638.968,1,a687781c-ec2a-4550-9265-34c654ced016,False,False,False,not_leverkusen_pass_carry,,,4.6,49.6,,,,,,,,,,1.1200000000000043,Marvin Ducksch,Werder Bremen,type:Clearance,,linked_360_unsupported_semantics,1.1200000000000043,,,,,,,,,C09,533862946a73608c134d18b78226b6371ce7173c
3895153,1,21,904,576,00:10:43.170,Pass,904,True,validated_core_event_team_scope,True,False,643.17,2,b47fdd50-aad3-4cbb-a49b-31c6a86a3a33,True,True,True,safe_validated_frame_vector,71.7,42.0,71.7,42.0,31.3,54.2,71.7,42.0,31.3,54.2,-40.400000000000006,12.200000000000005,42.2018956920184,5.322000000000003,Jeremie Frimpong,Bayer Leverkusen,pass.type:Recovery,,validated_spatial_anchor,4.201999999999998,120.0,88.7,,,negative_0001,2.0,nonpositive_0001,2.0,C09,533862946a73608c134d18b78226b6371ce7173c
3895153,1,21,904,577,00:10:46.830,Ball Receipt*,904,True,unsupported_event_type,False,False,646.83,3,6335ff6f-e56b-41da-b5b7-78e5cac7a9e4,False,False,False,not_leverkusen_pass_carry,,,31.3,54.2,,,,,,,,,,8.982000000000085,Lukáš Hrádecký,Bayer Leverkusen,,,linked_360_unsupported_semantics,3.660000000000082,,,,,,,,,C09,533862946a73608c134d18b78226b6371ce7173c
3895153,1,21,904,578,00:10:46.830,Carry,904,True,validated_core_event_team_scope,True,False,646.83,4,723bb9cf-1144-4640-a449-8028dbdfc1d2,True,True,True,safe_validated_frame_vector,31.3,54.2,31.3,54.2,31.3,54.2,31.3,54.2,31.3,54.2,0.0,0.0,0.0,8.982000000000085,Lukáš Hrádecký,Bayer Leverkusen,,,validated_spatial_anchor,0.0,120.0,88.7,,,,,nonpositive_0001,3.0,C09,533862946a73608c134d18b78226b6371ce7173c
3895153,1,21,904,579,00:10:47.179,Pass,904,True,validated_core_event_team_scope,True,False,647.179,5,a4a4ac2b-c014-4d5f-89b8-3ba89a6d8362,True,True,True,safe_validated_frame_vector,31.3,54.2,31.3,54.2,44.7,73.0,31.3,54.2,44.7,73.0,13.400000000000002,18.8,23.08679276123039,9.331000000000016,Lukáš Hrádecký,Bayer Leverkusen,,,validated_spatial_anchor,0.3489999999999327,120.0,75.3,positive_0001,1.0,,,,,C09,533862946a73608c134d18b78226b6371ce7173c
3895153,1,21,904,580,00:10:49.227,Ball Receipt*,904,True,unsupported_event_type,False,False,649.227,6,f401d10c-5b69-47c5-8da2-b6e1e5a24ddc,False,False,False,not_leverkusen_pass_carry,,,44.7,73.0,,,,,,,,,,11.37900000000002,Granit Xhaka,Bayer Leverkusen,,,linked_360_unsupported_semantics,2.048000000000002,,,,,,,,,C09,533862946a73608c134d18b78226b6371ce7173c
3895153,1,21,904,581,00:10:49.227,Carry,904,True,validated_core_event_team_scope,True,False,649.227,7,a2f7f752-959d-436e-a77c-f0f901dee890,True,True,True,safe_validated_frame_vector,44.7,73.0,44.7,73.0,46.8,67.2,44.7,73.0,46.8,67.2,2.0999999999999943,-5.799999999999997,6.16846820531645,11.37900000000002,Granit Xhaka,Bayer Leverkusen,,,validated_spatial_anchor,0.0,120.0,73.2,positive_0001,2.0,,,,,C09,533862946a73608c134d18b78226b6371ce7173c
3895153,1,21,904,582,00:10:53.310,Pass,904,True,validated_core_event_team_scope,True,False,653.31,8,b95d1140-b34c-4e48-a799-5062fc3d7f6c,True,True,True,safe_validated_frame_vector,46.8,67.2,46.8,67.2,48.9,53.4,46.8,67.2,48.9,53.4,2.1000000000000014,-13.800000000000004,13.958868148958214,15.461999999999987,Granit Xhaka,Bayer Leverkusen,,,validated_spatial_anchor,4.08299999999997,120.0,71.1,positive_0001,3.0,,,,,C09,533862946a73608c134d18b78226b6371ce7173c
3895153,1,21,904,583,00:10:54.117,Ball Receipt*,904,True,unsupported_event_type,False,False,654.117,9,d6ec0a34-b657-4a6d-8ab4-5c57222839dc,False,False,False,not_leverkusen_pass_carry,,,48.9,53.4,,,,,,,,,,16.269000000000005,Exequiel Alejandro Palacios,Bayer Leverkusen,,,linked_360_unsupported_semantics,0.8070000000000164,,,,,,,,,C09,533862946a73608c134d18b78226b6371ce7173c
3895153,1,21,904,584,00:10:54.117,Carry,904,True,validated_core_event_team_scope,True,False,654.117,10,db9cb89b-cb43-4236-855d-f9a1d9fc95a8,True,True,True,safe_validated_frame_vector,48.9,53.4,48.9,53.4,50.5,53.4,48.9,53.4,50.5,53.4,1.6000000000000014,0.0,1.6000000000000014,16.269000000000005,Exequiel Alejandro Palacios,Bayer Leverkusen,,,validated_spatial_anchor,0.0,120.0,69.5,positive_0001,4.0,,,,,C09,533862946a73608c134d18b78226b6371ce7173c
3895153,1,21,904,585,00:10:56.250,Pass,904,True,validated_core_event_team_scope,True,False,656.25,11,f0a1d25d-6657-476e-a889-786b13d800a0,True,True,True,safe_validated_frame_vector,50.5,53.4,50.5,53.4,39.7,31.5,50.5,53.4,39.7,31.5,-10.799999999999995,-21.9,24.41823089414956,18.402000000000044,Exequiel Alejandro Palacios,Bayer Leverkusen,,,validated_spatial_anchor,2.133000000000038,120.0,80.3,,,negative_0002,1.0,nonpositive_0002,1.0,C09,533862946a73608c134d18b78226b6371ce7173c
3895153,1,21,904,586,00:10:57.860,Ball Receipt*,904,True,unsupported_event_type,False,False,657.86,12,adb62539-c6f8-441f-a928-cb2206a541dd,False,False,False,not_leverkusen_pass_carry,,,39.7,31.5,,,,,,,,,,20.012000000000057,Piero Martín Hincapié Reyna,Bayer Leverkusen,,,linked_360_unsupported_semantics,1.6100000000000136,,,,,,,,,C09,533862946a73608c134d18b78226b6371ce7173c
3895153,1,21,904,587,00:10:57.860,Carry,904,True,validated_core_event_team_scope,True,False,657.86,13,714374f0-0a86-4756-9bd4-17c22df8defb,True,True,True,safe_validated_frame_vector,39.7,31.5,39.7,31.5,39.7,31.5,39.7,31.5,39.7,31.5,0.0,0.0,0.0,20.012000000000057,Piero Martín Hincapié Reyna,Bayer Leverkusen,,,validated_spatial_anchor,0.0,120.0,80.3,,,,,nonpositive_0002,2.0,C09,533862946a73608c134d18b78226b6371ce7173c
3895153,1,21,904,588,00:11:00.857,Pass,904,True,validated_core_event_team_scope,True,False,660.857,14,c06c2cb3-2872-4dd8-a38c-3477333b66ff,True,True,True,safe_validated_frame_vector,39.7,31.5,39.7,31.5,40.6,50.2,39.7,31.5,40.6,50.2,0.8999999999999986,18.700000000000003,18.72164522684906,23.00900000000001,Piero Martín Hincapié Reyna,Bayer Leverkusen,,,validated_spatial_anchor,2.9969999999999573,120.0,79.4,positive_0002,1.0,,,,,C09,533862946a73608c134d18b78226b6371ce7173c
3895153,1,21,904,589,00:11:01.808,Ball Receipt*,904,True,unsupported_event_type,False,False,661.808,15,3ccb9168-dec1-412f-bb3d-8d4954c1ff50,False,False,False,not_leverkusen_pass_carry,,,40.6,50.2,,,,,,,,,,23.96000000000004,Robert Andrich,Bayer Leverkusen,,,linked_360_unsupported_semantics,0.9510000000000218,,,,,,,,,C09,533862946a73608c134d18b78226b6371ce7173c
3895153,1,21,904,590,00:11:01.808,Carry,904,True,validated_core_event_team_scope,True,False,661.808,16,4414e890-2191-43bd-8097-3f62534b413f,True,True,True,safe_validated_frame_vector,40.6,50.2,40.6,50.2,40.6,50.2,40.6,50.2,40.6,50.2,0.0,0.0,0.0,23.96000000000004,Robert Andrich,Bayer Leverkusen,,,validated_spatial_anchor,0.0,120.0,79.4,,,,,,,C09,533862946a73608c134d18b78226b6371ce7173c
3895153,1,21,904,591,00:11:03.347,Pass,904,False,no_360_frame,False,False,663.347,17,fca9968a-9e35-4d59-94f7-764ee72c5d82,False,True,True,unsupported_or_unlinked_frame,,,40.6,50.2,42.9,32.8,,,,,,,,25.499000000000024,Robert Andrich,Bayer Leverkusen,,,no_360_frame,1.5389999999999873,,,,,,,,,C09,533862946a73608c134d18b78226b6371ce7173c
3895153,1,21,904,592,00:11:04.418,Ball Receipt*,904,True,unsupported_event_type,False,False,664.418,18,74a58804-91b6-4e58-83d3-804f4552be94,False,False,False,not_leverkusen_pass_carry,,,42.9,32.8,,,,,,,,,,26.57000000000005,Piero Martín Hincapié Reyna,Bayer Leverkusen,,,linked_360_unsupported_semantics,1.0710000000000264,,,,,,,,,C09,533862946a73608c134d18b78226b6371ce7173c
3895153,1,21,904,593,00:11:04.418,Carry,904,True,validated_core_event_team_scope,True,False,664.418,19,8ed7a077-2156-4f74-b822-3f6f97519907,True,True,True,safe_validated_frame_vector,42.9,32.8,42.9,32.8,45.5,29.2,42.9,32.8,45.5,29.2,2.6000000000000014,-3.599999999999998,4.440720662234902,26.57000000000005,Piero Martín Hincapié Reyna,Bayer Leverkusen,,,validated_spatial_anchor,0.0,120.0,74.5,positive_0003,1.0,,,,,C09,533862946a73608c134d18b78226b6371ce7173c
3895153,1,21,904,594,00:11:05.933,Pass,904,True,validated_core_event_team_scope,True,False,665.933,20,daaafb69-bb4a-44bb-85ed-669f04ab9d0c,True,True,True,safe_validated_frame_vector,45.5,29.2,45.5,29.2,53.9,37.9,45.5,29.2,53.9,37.9,8.399999999999999,8.7,12.093386622447822,28.08500000000004,Piero Martín Hincapié Reyna,Bayer Leverkusen,,,validated_spatial_anchor,1.5149999999999864,120.0,66.1,positive_0003,2.0,,,,,C09,533862946a73608c134d18b78226b6371ce7173c
3895153,1,21,904,595,00:11:06.633,Ball Receipt*,904,True,unsupported_event_type,False,False,666.633,21,6b7a6641-9ad5-4cc3-8712-c6caa3dbe918,False,False,False,not_leverkusen_pass_carry,,,53.9,37.9,,,,,,,,,,28.78500000000008,Exequiel Alejandro Palacios,Bayer Leverkusen,,,linked_360_unsupported_semantics,0.7000000000000455,,,,,,,,,C09,533862946a73608c134d18b78226b6371ce7173c
3895153,1,21,904,596,00:11:06.633,Carry,904,True,validated_core_event_team_scope,True,False,666.633,22,1b3016e2-1ae7-407e-b17b-22de570017d0,True,True,True,safe_validated_frame_vector,53.9,37.9,53.9,37.9,54.9,37.4,53.9,37.9,54.9,37.4,1.0,-0.5,1.118033988749895,28.78500000000008,Exequiel Alejandro Palacios,Bayer Leverkusen,,,validated_spatial_anchor,0.0,120.0,65.1,positive_0003,3.0,,,,,C09,533862946a73608c134d18b78226b6371ce7173c
3895153,1,21,904,597,00:11:06.930,Pass,904,True,validated_core_event_team_scope,True,False,666.93,23,429d461b-e838-4f3c-bd43-dfeda7a08078,True,True,True,safe_validated_frame_vector,54.9,37.4,54.9,37.4,54.6,46.0,54.9,37.4,54.6,46.0,-0.2999999999999971,8.600000000000001,8.605230967266365,29.081999999999997,Exequiel Alejandro Palacios,Bayer Leverkusen,,,validated_spatial_anchor,0.2969999999999118,120.0,65.4,,,negative_0003,1.0,nonpositive_0003,1.0,C09,533862946a73608c134d18b78226b6371ce7173c
3895153,1,21,904,598,00:11:07.700,Ball Receipt*,904,True,unsupported_event_type,False,False,667.7,24,a2520f2e-3c25-42ac-b44b-710a5acc60fe,False,False,False,not_leverkusen_pass_carry,,,54.6,46.0,,,,,,,,,,29.85200000000009,Granit Xhaka,Bayer Leverkusen,,,linked_360_unsupported_semantics,0.7700000000000955,,,,,,,,,C09,533862946a73608c134d18b78226b6371ce7173c
3895153,1,21,904,599,00:11:07.700,Carry,904,True,validated_core_event_team_scope,True,False,667.7,25,74009e75-8a24-4ec0-94d4-e0f7b6ff5b2c,True,True,True,safe_validated_frame_vector,54.6,46.0,54.6,46.0,54.6,46.0,54.6,46.0,54.6,46.0,0.0,0.0,0.0,29.85200000000009,Granit Xhaka,Bayer Leverkusen,,,validated_spatial_anchor,0.0,120.0,65.4,,,,,nonpositive_0003,2.0,C09,533862946a73608c134d18b78226b6371ce7173c
3895153,1,21,904,600,00:11:07.890,Pass,904,True,validated_core_event_team_scope,True,False,667.89,26,9c8b714b-db95-4f1a-8b18-264c68885ef0,True,True,True,safe_validated_frame_vector,54.6,46.0,54.6,46.0,44.4,42.8,54.6,46.0,44.4,42.8,-10.200000000000005,-3.200000000000003,10.690182411914218,30.04200000000003,Granit Xhaka,Bayer Leverkusen,,,validated_spatial_anchor,0.1899999999999408,120.0,75.6,,,negative_0004,1.0,nonpositive_0003,3.0,C09,533862946a73608c134d18b78226b6371ce7173c
3895153,1,21,904,601,00:11:08.515,Ball Receipt*,904,True,unsupported_event_type,False,False,668.515,27,a4f9e1a8-eafe-4335-ba3d-3d12ce4199c1,False,False,False,not_leverkusen_pass_carry,,,44.4,42.8,,,,,,,,,,30.66700000000003,Robert Andrich,Bayer Leverkusen,,,linked_360_unsupported_semantics,0.625,,,,,,,,,C09,533862946a73608c134d18b78226b6371ce7173c
3895153,1,21,904,602,00:11:08.515,Carry,904,True,validated_core_event_team_scope,True,False,668.515,28,abbd3ed4-c8aa-467f-aa9c-a9b6a206ac9e,True,True,True,safe_validated_frame_vector,44.4,42.8,44.4,42.8,50.4,47.3,44.4,42.8,50.4,47.3,6.0,4.5,7.5,30.66700000000003,Robert Andrich,Bayer Leverkusen,,,validated_spatial_anchor,0.0,120.0,69.6,positive_0004,1.0,,,,,C09,533862946a73608c134d18b78226b6371ce7173c
3895153,1,21,904,603,00:11:11.774,Pass,904,True,validated_core_event_team_scope,True,False,671.774,29,f7542a8b-b9fb-4aa6-8f73-e18cd10c2092,True,True,True,safe_validated_frame_vector,50.4,47.3,50.4,47.3,55.2,68.0,50.4,47.3,55.2,68.0,4.800000000000004,20.700000000000003,21.24923528035774,33.926000000000045,Robert Andrich,Bayer Leverkusen,,,validated_spatial_anchor,3.2590000000000146,120.0,64.8,positive_0004,2.0,,,,,C09,533862946a73608c134d18b78226b6371ce7173c
3895153,1,21,904,604,00:11:12.794,Ball Receipt*,904,True,unsupported_event_type,False,False,672.794,30,451a0f6b-a241-4716-bc0e-3bbea7720601,False,False,False,not_leverkusen_pass_carry,,,55.2,68.0,,,,,,,,,,34.946000000000026,Odilon Kossonou,Bayer Leverkusen,,,linked_360_unsupported_semantics,1.0199999999999818,,,,,,,,,C09,533862946a73608c134d18b78226b6371ce7173c
3895153,1,21,904,605,00:11:12.794,Carry,904,True,validated_core_event_team_scope,True,False,672.794,31,3f28c71a-790f-444d-a8f8-597f775c313c,True,True,True,safe_validated_frame_vector,55.2,68.0,55.2,68.0,62.2,72.2,55.2,68.0,62.2,72.2,7.0,4.200000000000003,8.163332652783422,34.946000000000026,Odilon Kossonou,Bayer Leverkusen,,,validated_spatial_anchor,0.0,120.0,57.8,positive_0004,3.0,,,,,C09,533862946a73608c134d18b78226b6371ce7173c
3895153,1,21,904,606,00:11:14.088,Pass,904,True,validated_core_event_team_scope,True,False,674.088,32,29be145b-ad34-4a15-a522-94f44e3964e4,True,True,True,safe_validated_frame_vector,62.2,72.2,62.2,72.2,73.6,78.3,62.2,72.2,73.6,78.3,11.399999999999991,6.099999999999994,12.929423807734038,36.24000000000001,Odilon Kossonou,Bayer Leverkusen,,,validated_spatial_anchor,1.2939999999999827,120.0,46.400000000000006,positive_0004,4.0,,,,,C09,533862946a73608c134d18b78226b6371ce7173c
3895153,1,21,904,607,00:11:14.816,Ball Receipt*,904,True,unsupported_event_type,False,False,674.816,33,88dc8dea-4d72-46b8-b2ef-fa16dadf149a,False,False,False,not_leverkusen_pass_carry,,,73.6,78.3,,,,,,,,,,36.96800000000008,Jeremie Frimpong,Bayer Leverkusen,,,linked_360_unsupported_semantics,0.7280000000000655,,,,,,,,,C09,533862946a73608c134d18b78226b6371ce7173c
3895153,1,21,904,608,00:11:14.816,Carry,904,True,validated_core_event_team_scope,True,False,674.816,34,7ea03b92-6eb3-42ee-8e5d-7c6debb5b626,True,True,True,safe_validated_frame_vector,73.6,78.3,73.6,78.3,72.7,76.9,73.6,78.3,72.7,76.9,-0.8999999999999915,-1.3999999999999917,1.664331697709312,36.96800000000008,Jeremie Frimpong,Bayer Leverkusen,,,validated_spatial_anchor,0.0,120.0,47.3,,,negative_0005,1.0,nonpositive_0004,1.0,C09,533862946a73608c134d18b78226b6371ce7173c
3895153,1,21,904,609,00:11:15.561,Pressure,176,True,validated_core_event_team_scope,True,False,675.561,35,2be3b14e-acff-4ce7-80a7-c374854a3be0,False,False,False,not_leverkusen_pass_carry,75.8,78.2,44.2,1.8,,,,,,,,,,37.71300000000008,Olivier Deman,Werder Bremen,,,validated_spatial_anchor,0.7450000000000045,,,,,,,,,C09,533862946a73608c134d18b78226b6371ce7173c
3895153,1,21,904,610,00:11:15.975,Pass,904,True,validated_core_event_team_scope,True,False,675.975,36,49593888-32a8-4d6f-8b49-a5aadaaec6e1,True,True,True,safe_validated_frame_vector,72.7,76.9,72.7,76.9,66.5,68.9,72.7,76.9,66.5,68.9,-6.200000000000003,-8.0,10.121264743103998,38.12700000000007,Jeremie Frimpong,Bayer Leverkusen,,,validated_spatial_anchor,0.4139999999999872,120.0,53.5,,,negative_0005,2.0,nonpositive_0004,2.0,C09,533862946a73608c134d18b78226b6371ce7173c
3895153,1,21,904,611,00:11:16.553,Ball Receipt*,904,True,unsupported_event_type,False,False,676.553,37,ee964d63-11f7-4e6f-baa4-0b70b7615087,False,False,False,not_leverkusen_pass_carry,,,66.5,68.9,,,,,,,,,,38.70500000000004,Granit Xhaka,Bayer Leverkusen,,,linked_360_unsupported_semantics,0.5779999999999745,,,,,,,,,C09,533862946a73608c134d18b78226b6371ce7173c
3895153,1,21,904,612,00:11:16.553,Carry,904,True,validated_core_event_team_scope,True,False,676.553,38,78983ba1-ce47-4460-999b-7e6ccfe29555,True,True,True,safe_validated_frame_vector,66.5,68.9,66.5,68.9,66.2,69.3,66.5,68.9,66.2,69.3,-0.2999999999999971,0.3999999999999915,0.4999999999999914,38.70500000000004,Granit Xhaka,Bayer Leverkusen,,,validated_spatial_anchor,0.0,120.0,53.8,,,negative_0005,3.0,nonpositive_0004,3.0,C09,533862946a73608c134d18b78226b6371ce7173c
3895153,1,21,904,613,00:11:16.875,Pressure,176,True,validated_core_event_team_scope,True,False,676.875,39,024d02ea-fad1-45ee-885a-fafee2a16162,False,False,False,not_leverkusen_pass_carry,70.3,67.7,49.7,12.3,,,,,,,,,,39.02700000000005,Jens Stage,Werder Bremen,,,validated_spatial_anchor,0.3220000000000027,,,,,,,,,C09,533862946a73608c134d18b78226b6371ce7173c
3895153,1,21,904,614,00:11:17.309,Pass,904,True,validated_core_event_team_scope,True,False,677.309,40,83b82f70-c682-44ba-a133-b303e18ecae7,True,True,True,safe_validated_frame_vector,66.2,69.3,66.2,69.3,58.8,77.2,66.2,69.3,58.8,77.2,-7.400000000000006,7.900000000000006,10.824509226750198,39.46100000000001,Granit Xhaka,Bayer Leverkusen,,,validated_spatial_anchor,0.4339999999999691,120.0,61.2,,,negative_0005,4.0,nonpositive_0004,4.0,C09,533862946a73608c134d18b78226b6371ce7173c
3895153,1,21,904,615,00:11:18.074,Ball Receipt*,904,True,unsupported_event_type,False,False,678.074,41,fcab8cc2-17d1-40a1-b463-162e4dc0974a,False,False,False,not_leverkusen_pass_carry,,,58.8,77.2,,,,,,,,,,40.226,Odilon Kossonou,Bayer Leverkusen,,,linked_360_unsupported_semantics,0.7649999999999864,,,,,,,,,C09,533862946a73608c134d18b78226b6371ce7173c
3895153,1,21,904,616,00:11:18.074,Pass,904,True,validated_core_event_team_scope,True,False,678.074,42,f596e73c-0d30-4c52-bbe1-9dbd5be0e9b4,True,True,True,safe_validated_frame_vector,58.8,77.2,58.8,77.2,46.2,70.4,58.8,77.2,46.2,70.4,-12.599999999999994,-6.799999999999997,14.317821063276346,40.226,Odilon Kossonou,Bayer Leverkusen,,,validated_spatial_anchor,0.0,120.0,73.8,,,negative_0005,5.0,nonpositive_0004,5.0,C09,533862946a73608c134d18b78226b6371ce7173c
3895153,1,21,904,617,00:11:18.943,Ball Receipt*,904,True,unsupported_event_type,False,False,678.943,43,4b34d773-4660-438b-9333-887d5dc832db,False,False,False,not_leverkusen_pass_carry,,,46.2,70.4,,,,,,,,,,41.09500000000003,Robert Andrich,Bayer Leverkusen,,,linked_360_unsupported_semantics,0.8690000000000282,,,,,,,,,C09,533862946a73608c134d18b78226b6371ce7173c
3895153,1,21,904,618,00:11:18.943,Carry,904,True,validated_core_event_team_scope,True,False,678.943,44,2e32b723-6e61-4329-8786-38c96495c561,True,True,True,safe_validated_frame_vector,46.2,70.4,46.2,70.4,46.2,70.2,46.2,70.4,46.2,70.2,0.0,-0.2000000000000028,0.2000000000000028,41.09500000000003,Robert Andrich,Bayer Leverkusen,,,validated_spatial_anchor,0.0,120.0,73.8,,,,,nonpositive_0004,6.0,C09,533862946a73608c134d18b78226b6371ce7173c
3895153,1,21,904,619,00:11:19.800,Pass,904,True,validated_core_event_team_scope,True,False,679.8,45,c7b1a185-9435-4316-939a-2a70e6dd1852,True,True,True,safe_validated_frame_vector,46.2,70.2,46.2,70.2,53.9,54.9,46.2,70.2,53.9,54.9,7.699999999999996,-15.300000000000004,17.128339090524804,41.952,Robert Andrich,Bayer Leverkusen,,,validated_spatial_anchor,0.8569999999999709,120.0,66.1,positive_0005,1.0,,,,,C09,533862946a73608c134d18b78226b6371ce7173c
3895153,1,21,904,620,00:11:20.403,Ball Receipt*,904,True,unsupported_event_type,False,False,680.403,46,6d60cef5-e4c0-40b2-839a-57209237d658,False,False,False,not_leverkusen_pass_carry,,,53.9,54.9,,,,,,,,,,42.555000000000064,Exequiel Alejandro Palacios,Bayer Leverkusen,,,linked_360_unsupported_semantics,0.6030000000000655,,,,,,,,,C09,533862946a73608c134d18b78226b6371ce7173c
3895153,1,21,904,621,00:11:20.403,Carry,904,True,validated_core_event_team_scope,True,False,680.403,47,5f8ad356-78ea-4b25-8cce-c88f287d6800,True,True,True,safe_validated_frame_vector,53.9,54.9,53.9,54.9,53.9,54.9,53.9,54.9,53.9,54.9,0.0,0.0,0.0,42.555000000000064,Exequiel Alejandro Palacios,Bayer Leverkusen,,,validated_spatial_anchor,0.0,120.0,66.1,,,,,,,C09,533862946a73608c134d18b78226b6371ce7173c
3895153,1,21,904,622,00:11:20.619,Pass,904,True,validated_core_event_team_scope,True,False,680.619,48,5e2049b5-955e-4051-a02f-42a8abf94531,True,True,True,safe_validated_frame_vector,53.9,54.9,53.9,54.9,54.6,60.7,53.9,54.9,54.6,60.7,0.7000000000000028,5.800000000000004,5.842088667591416,42.77100000000007,Exequiel Alejandro Palacios,Bayer Leverkusen,,,validated_spatial_anchor,0.2160000000000081,120.0,65.4,positive_0006,1.0,,,,,C09,533862946a73608c134d18b78226b6371ce7173c
3895153,1,21,904,623,00:11:21.030,Ball Receipt*,904,True,unsupported_event_type,False,False,681.03,49,e28b7054-b9a6-4330-b696-3627f548b52b,False,False,False,not_leverkusen_pass_carry,,,54.6,60.7,,,,,,,,,,43.182000000000016,Granit Xhaka,Bayer Leverkusen,,,linked_360_unsupported_semantics,0.4109999999999445,,,,,,,,,C09,533862946a73608c134d18b78226b6371ce7173c
3895153,1,21,904,624,00:11:21.030,Carry,904,True,validated_core_event_team_scope,True,False,681.03,50,4d5b0081-2bc7-44c0-9c81-438dfba61664,True,True,True,safe_validated_frame_vector,54.6,60.7,54.6,60.7,51.0,60.1,54.6,60.7,51.0,60.1,-3.6000000000000014,-0.6000000000000014,3.6496575181789335,43.182000000000016,Granit Xhaka,Bayer Leverkusen,,,validated_spatial_anchor,0.0,120.0,69.0,,,negative_0006,1.0,nonpositive_0005,1.0,C09,533862946a73608c134d18b78226b6371ce7173c
3895153,1,21,904,625,00:11:21.772,Pass,904,True,validated_core_event_team_scope,True,False,681.772,51,e59d5a09-096c-49bc-a453-b428dd801eca,True,True,True,safe_validated_frame_vector,51.0,60.1,51.0,60.1,52.1,30.5,51.0,60.1,52.1,30.5,1.1000000000000014,-29.6,29.62043213729334,43.92400000000009,Granit Xhaka,Bayer Leverkusen,,,validated_spatial_anchor,0.7420000000000755,120.0,67.9,positive_0007,1.0,,,,,C09,533862946a73608c134d18b78226b6371ce7173c
3895153,1,21,904,626,00:11:23.263,Ball Receipt*,904,True,unsupported_event_type,False,False,683.263,52,ea7abf0e-2c65-4599-8168-acd2e2685f06,False,False,False,not_leverkusen_pass_carry,,,52.1,30.5,,,,,,,,,,45.41500000000008,Jonas Hofmann,Bayer Leverkusen,,,linked_360_unsupported_semantics,1.4909999999999854,,,,,,,,,C09,533862946a73608c134d18b78226b6371ce7173c
3895153,1,21,904,627,00:11:23.263,Carry,904,True,validated_core_event_team_scope,True,False,683.263,53,75552c3f-65bd-4a87-b5d4-f0d2bd930086,True,True,True,safe_validated_frame_vector,52.1,30.5,52.1,30.5,52.1,30.5,52.1,30.5,52.1,30.5,0.0,0.0,0.0,45.41500000000008,Jonas Hofmann,Bayer Leverkusen,,,validated_spatial_anchor,0.0,120.0,67.9,,,,,nonpositive_0006,1.0,C09,533862946a73608c134d18b78226b6371ce7173c
3895153,1,21,904,628,00:11:23.432,Pass,904,True,validated_core_event_team_scope,True,False,683.432,54,6772ebc2-8cbc-434a-b6b1-49cb85cded6c,True,True,True,safe_validated_frame_vector,52.1,30.5,52.1,30.5,41.0,29.5,52.1,30.5,41.0,29.5,-11.1,-1.0,11.14495401515861,45.58400000000006,Jonas Hofmann,Bayer Leverkusen,,,validated_spatial_anchor,0.1689999999999827,120.0,79.0,,,negative_0007,1.0,nonpositive_0006,2.0,C09,533862946a73608c134d18b78226b6371ce7173c
3895153,1,21,904,629,00:11:24.096,Ball Receipt*,904,True,unsupported_event_type,False,False,684.096,55,58a62391-931a-4ce9-9783-5b5b56edc91e,False,False,False,not_leverkusen_pass_carry,,,41.0,29.5,,,,,,,,,,46.24800000000005,Piero Martín Hincapié Reyna,Bayer Leverkusen,,,linked_360_unsupported_semantics,0.6639999999999873,,,,,,,,,C09,533862946a73608c134d18b78226b6371ce7173c
3895153,1,21,904,630,00:11:24.096,Carry,904,True,validated_core_event_team_scope,True,False,684.096,56,27f2e14a-dde9-484f-8f6d-fa0736460cc7,True,True,True,safe_validated_frame_vector,41.0,29.5,41.0,29.5,38.9,17.7,41.0,29.5,38.9,17.7,-2.1000000000000014,-11.8,11.985407794480754,46.24800000000005,Piero Martín Hincapié Reyna,Bayer Leverkusen,,,validated_spatial_anchor,0.0,120.0,81.1,,,negative_0007,2.0,nonpositive_0006,3.0,C09,533862946a73608c134d18b78226b6371ce7173c
3895153,1,21,904,631,00:11:26.579,Pass,904,False,no_360_frame,False,False,686.579,57,d0404e31-78e9-43e3-a2cb-d3b928796ded,False,True,True,unsupported_or_unlinked_frame,,,38.9,17.7,46.8,5.9,,,,,,,,48.731,Piero Martín Hincapié Reyna,Bayer Leverkusen,,,no_360_frame,2.4829999999999472,,,,,,,,,C09,533862946a73608c134d18b78226b6371ce7173c
3895153,1,21,904,632,00:11:27.769,Ball Receipt*,904,False,no_360_frame,False,False,687.769,58,1c953acb-cae4-4c7d-9296-3f2dae2a68c8,False,False,False,not_leverkusen_pass_carry,,,46.8,5.9,,,,,,,,,,49.92100000000005,Alejandro Grimaldo García,Bayer Leverkusen,,,no_360_frame,1.1900000000000546,,,,,,,,,C09,533862946a73608c134d18b78226b6371ce7173c
3895153,1,21,904,633,00:11:27.769,Carry,904,False,no_360_frame,False,False,687.769,59,b4cfdb06-3c14-480b-9468-68e0b4423693,False,True,True,unsupported_or_unlinked_frame,,,46.8,5.9,46.8,5.9,,,,,,,,49.92100000000005,Alejandro Grimaldo García,Bayer Leverkusen,,,no_360_frame,0.0,,,,,,,,,C09,533862946a73608c134d18b78226b6371ce7173c
3895153,1,21,904,634,00:11:27.783,Pass,904,False,no_360_frame,False,False,687.783,60,7f457ca5-a627-4d5d-b13c-79e543860aa0,False,True,True,unsupported_or_unlinked_frame,,,46.8,5.9,51.3,15.5,,,,,,,,49.93500000000006,Alejandro Grimaldo García,Bayer Leverkusen,,,no_360_frame,0.01400000000001,,,,,,,,,C09,533862946a73608c134d18b78226b6371ce7173c
3895153,1,21,904,635,00:11:28.572,Pressure,176,False,no_360_frame,False,False,688.572,61,f3c17ec6-ad4f-4421-8fce-98caffbd0b92,False,False,False,not_leverkusen_pass_carry,,,63.6,58.3,,,,,,,,,,50.724000000000046,Milos Veljkovic,Werder Bremen,,,no_360_frame,0.7889999999999873,,,,,,,,,C09,533862946a73608c134d18b78226b6371ce7173c
3895153,1,21,904,636,00:11:28.701,Ball Receipt*,904,False,no_360_frame,False,False,688.701,62,11669924-813b-4dd6-9d19-5c28e9cc6987,False,False,False,not_leverkusen_pass_carry,,,51.3,15.5,,,,,,,,,,50.85300000000007,Jonas Hofmann,Bayer Leverkusen,,,no_360_frame,0.1290000000000191,,,,,,,,,C09,533862946a73608c134d18b78226b6371ce7173c
3895153,1,21,904,637,00:11:28.701,Carry,904,False,no_360_frame,False,False,688.701,63,d6eb01c6-b23b-4aa6-8027-3d49cc90daf4,False,True,True,unsupported_or_unlinked_frame,,,51.3,15.5,52.3,15.3,,,,,,,,50.85300000000007,Jonas Hofmann,Bayer Leverkusen,,,no_360_frame,0.0,,,,,,,,,C09,533862946a73608c134d18b78226b6371ce7173c
3895153,1,21,904,638,00:11:28.803,Pass,904,True,validated_core_event_team_scope,True,False,688.803,64,bc0f9c39-17c1-4d53-9208-3dd84a7540c3,True,True,True,safe_validated_frame_vector,52.3,15.3,52.3,15.3,48.1,6.3,52.3,15.3,48.1,6.3,-4.199999999999996,-9.0,9.931767214348106,50.95500000000004,Jonas Hofmann,Bayer Leverkusen,,,validated_spatial_anchor,0.1019999999999754,120.0,71.9,,,negative_0007,3.0,nonpositive_0006,4.0,C09,533862946a73608c134d18b78226b6371ce7173c
3895153,1,21,904,639,00:11:29.456,Ball Receipt*,904,True,unsupported_event_type,False,False,689.456,65,8567d36b-1a16-4cf9-8837-07be8e8b57c2,False,False,False,not_leverkusen_pass_carry,,,48.1,6.3,,,,,,,,,,51.60800000000006,Alejandro Grimaldo García,Bayer Leverkusen,,,linked_360_unsupported_semantics,0.65300000000002,,,,,,,,,C09,533862946a73608c134d18b78226b6371ce7173c
3895153,1,21,904,640,00:11:29.456,Carry,904,True,validated_core_event_team_scope,True,False,689.456,66,8574c8f1-2d42-45c2-b370-19db3a61eb2e,True,True,True,safe_validated_frame_vector,48.1,6.3,48.1,6.3,46.5,6.6,48.1,6.3,46.5,6.6,-1.6000000000000014,0.2999999999999998,1.627882059609972,51.60800000000006,Alejandro Grimaldo García,Bayer Leverkusen,,,validated_spatial_anchor,0.0,120.0,73.5,,,negative_0007,4.0,nonpositive_0006,5.0,C09,533862946a73608c134d18b78226b6371ce7173c
3895153,1,21,904,641,00:11:29.850,Pressure,176,True,validated_core_event_team_scope,True,False,689.85,67,48e2041e-e293-4d4b-8eda-65148e8e6860,False,False,False,not_leverkusen_pass_carry,52.2,8.599999999999994,67.8,71.4,,,,,,,,,,52.00200000000007,Mitchell Weiser,Werder Bremen,,,validated_spatial_anchor,0.3940000000000054,,,,,,,,,C09,533862946a73608c134d18b78226b6371ce7173c
3895153,1,21,904,642,00:11:30.010,Pass,904,True,validated_core_event_team_scope,True,False,690.01,68,a9b5ac6e-01a4-400b-b870-a38725cdc694,True,True,True,safe_validated_frame_vector,46.5,6.6,46.5,6.6,26.1,2.8,46.5,6.6,26.1,2.8,-20.4,-3.8,20.75090359478353,52.16200000000004,Alejandro Grimaldo García,Bayer Leverkusen,,,validated_spatial_anchor,0.1599999999999681,120.0,93.9,,,negative_0007,5.0,nonpositive_0006,6.0,C09,533862946a73608c134d18b78226b6371ce7173c
3895153,1,21,904,643,00:11:31.314,Ball Receipt*,904,True,unsupported_event_type,False,False,691.314,69,bbda01f4-0b86-445d-a60e-6d1e327f0365,False,False,False,not_leverkusen_pass_carry,,,26.1,2.8,,,,,,,,,,53.46600000000001,Piero Martín Hincapié Reyna,Bayer Leverkusen,,,linked_360_unsupported_semantics,1.3039999999999736,,,,,,,,,C09,533862946a73608c134d18b78226b6371ce7173c
3895153,1,21,904,644,00:11:31.314,Carry,904,True,validated_core_event_team_scope,True,False,691.314,70,df7add55-ccae-4def-91c9-71592b4161cd,True,True,True,safe_validated_frame_vector,26.1,2.8,26.1,2.8,26.1,2.8,26.1,2.8,26.1,2.8,0.0,0.0,0.0,53.46600000000001,Piero Martín Hincapié Reyna,Bayer Leverkusen,,,validated_spatial_anchor,0.0,120.0,93.9,,,,,nonpositive_0006,7.0,C09,533862946a73608c134d18b78226b6371ce7173c
3895153,1,21,904,645,00:11:31.774,Pass,904,True,validated_core_event_team_scope,True,False,691.774,71,c347b92c-fd87-4be7-b415-9f9f566551db,True,True,True,safe_validated_frame_vector,26.1,2.8,26.1,2.8,30.0,17.7,26.1,2.8,30.0,17.7,3.899999999999999,14.9,15.401947928752389,53.926000000000045,Piero Martín Hincapié Reyna,Bayer Leverkusen,,,validated_spatial_anchor,0.4600000000000364,120.0,90.0,positive_0008,1.0,,,,,C09,533862946a73608c134d18b78226b6371ce7173c
3895153,1,21,904,646,00:11:32.868,Ball Receipt*,904,True,unsupported_event_type,False,False,692.868,72,71fb283c-1fef-4c14-acae-76f0ac81ae9e,False,False,False,not_leverkusen_pass_carry,,,30.0,17.7,,,,,,,,,,55.020000000000095,Exequiel Alejandro Palacios,Bayer Leverkusen,,,linked_360_unsupported_semantics,1.094000000000051,,,,,,,,,C09,533862946a73608c134d18b78226b6371ce7173c
3895153,1,21,904,647,00:11:32.868,Carry,904,True,validated_core_event_team_scope,True,False,692.868,73,6d75eb49-8a7a-4d09-95f3-8b5c76bd42fa,True,True,True,safe_validated_frame_vector,30.0,17.7,30.0,17.7,30.0,17.7,30.0,17.7,30.0,17.7,0.0,0.0,0.0,55.020000000000095,Exequiel Alejandro Palacios,Bayer Leverkusen,,,validated_spatial_anchor,0.0,120.0,90.0,,,,,nonpositive_0007,1.0,C09,533862946a73608c134d18b78226b6371ce7173c
3895153,1,21,904,648,00:11:33.084,Pass,904,True,validated_core_event_team_scope,True,False,693.084,74,074da2e8-16ea-4a89-8eeb-5d1b97346660,True,True,True,safe_validated_frame_vector,30.0,17.7,30.0,17.7,7.0,25.5,30.0,17.7,7.0,25.5,-23.0,7.800000000000001,24.28662183178221,55.23599999999999,Exequiel Alejandro Palacios,Bayer Leverkusen,,,validated_spatial_anchor,0.2159999999998945,120.0,113.0,,,negative_0008,1.0,nonpositive_0007,2.0,C09,533862946a73608c134d18b78226b6371ce7173c
3895153,1,21,904,649,00:11:34.817,Ball Receipt*,904,True,unsupported_event_type,False,False,694.817,75,f31c4639-8231-46b4-b60c-f518d01c7048,False,False,False,not_leverkusen_pass_carry,,,7.0,25.5,,,,,,,,,,56.96900000000005,Lukáš Hrádecký,Bayer Leverkusen,,,linked_360_unsupported_semantics,1.733000000000061,,,,,,,,,C09,533862946a73608c134d18b78226b6371ce7173c
3895153,1,21,904,650,00:11:34.817,Carry,904,True,validated_core_event_team_scope,True,False,694.817,76,acf0d937-e5ca-4b50-b5af-1569382e61e9,True,True,True,safe_validated_frame_vector,7.0,25.5,7.0,25.5,7.0,25.5,7.0,25.5,7.0,25.5,0.0,0.0,0.0,56.96900000000005,Lukáš Hrádecký,Bayer Leverkusen,,,validated_spatial_anchor,0.0,120.0,113.0,,,,,nonpositive_0007,3.0,C09,533862946a73608c134d18b78226b6371ce7173c
3895153,1,21,904,651,00:11:35.800,Pass,904,True,validated_core_event_team_scope,True,False,695.8,77,1b8a5642-bde7-4d99-bb41-12426868d965,True,True,True,safe_validated_frame_vector,7.0,25.5,7.0,25.5,13.5,12.0,7.0,25.5,13.5,12.0,6.5,-13.5,14.983324063771695,57.952,Lukáš Hrádecký,Bayer Leverkusen,,,validated_spatial_anchor,0.9829999999999472,120.0,106.5,positive_0009,1.0,,,,,C09,533862946a73608c134d18b78226b6371ce7173c
3895153,1,21,904,652,00:11:36.419,Ball Receipt*,904,True,unsupported_event_type,False,False,696.419,78,ec6bee40-fdef-4e29-99af-c6a65a1777a7,False,False,False,not_leverkusen_pass_carry,,,13.5,12.0,,,,,,,,,,58.571000000000026,Exequiel Alejandro Palacios,Bayer Leverkusen,,,linked_360_unsupported_semantics,0.6190000000000282,,,,,,,,,C09,533862946a73608c134d18b78226b6371ce7173c
3895153,1,21,904,653,00:11:36.419,Carry,904,True,validated_core_event_team_scope,True,False,696.419,79,bdaa8565-18eb-4dd2-94d0-68d041598796,True,True,True,safe_validated_frame_vector,13.5,12.0,13.5,12.0,14.0,9.9,13.5,12.0,14.0,9.9,0.5,-2.1,2.15870331449229,58.571000000000026,Exequiel Alejandro Palacios,Bayer Leverkusen,,,validated_spatial_anchor,0.0,120.0,106.0,positive_0009,2.0,,,,,C09,533862946a73608c134d18b78226b6371ce7173c
3895153,1,21,904,654,00:11:38.265,Pressure,176,True,validated_core_event_team_scope,True,False,698.265,80,e27ec1ba-1b8e-4955-907b-b4127a64839a,False,False,False,not_leverkusen_pass_carry,17.400000000000006,14.900000000000006,102.6,65.1,,,,,,,,,,60.41700000000003,Leonardo Bittencourt,Werder Bremen,,,validated_spatial_anchor,1.846000000000004,,,,,,,,,C09,533862946a73608c134d18b78226b6371ce7173c
3895153,1,21,904,655,00:11:38.962,Pass,904,True,validated_core_event_team_scope,True,False,698.962,81,43be6630-1c8b-47a6-9bcd-53b93b23c9eb,True,True,True,safe_validated_frame_vector,14.0,9.9,14.0,9.9,32.6,13.9,14.0,9.9,32.6,13.9,18.6,4.0,19.02524638473836,61.11400000000003,Exequiel Alejandro Palacios,Bayer Leverkusen,,,validated_spatial_anchor,0.6970000000000027,120.0,87.4,positive_0009,3.0,,,,,C09,533862946a73608c134d18b78226b6371ce7173c
3895153,1,21,904,656,00:11:39.907,Ball Receipt*,904,True,unsupported_event_type,False,False,699.907,82,f8380204-567b-4b43-ac7a-ffd3dd23172d,False,False,False,not_leverkusen_pass_carry,,,32.6,13.9,,,,,,,,,,62.05900000000008,Jonas Hofmann,Bayer Leverkusen,,,linked_360_unsupported_semantics,0.94500000000005,,,,,,,,,C09,533862946a73608c134d18b78226b6371ce7173c
3895153,1,21,904,657,00:11:39.907,Carry,904,True,validated_core_event_team_scope,True,False,699.907,83,ff6a27f1-f9b0-4415-a6af-9ede615b3535,True,True,True,safe_validated_frame_vector,32.6,13.9,32.6,13.9,32.6,13.9,32.6,13.9,32.6,13.9,0.0,0.0,0.0,62.05900000000008,Jonas Hofmann,Bayer Leverkusen,,,validated_spatial_anchor,0.0,120.0,87.4,,,,,,,C09,533862946a73608c134d18b78226b6371ce7173c
3895153,1,21,904,658,00:11:39.977,Pass,904,True,validated_core_event_team_scope,True,False,699.977,84,23d91c0a-6abc-49fb-8378-adce212dbc29,True,True,True,safe_validated_frame_vector,32.6,13.9,32.6,13.9,46.3,14.1,32.6,13.9,46.3,14.1,13.699999999999996,0.1999999999999993,13.701459776242816,62.12900000000002,Jonas Hofmann,Bayer Leverkusen,,,validated_spatial_anchor,0.0699999999999363,120.0,73.7,positive_0010,1.0,,,,,C09,533862946a73608c134d18b78226b6371ce7173c
3895153,1,21,904,659,00:11:41.613,Pressure,176,True,validated_core_event_team_scope,True,False,701.613,85,205391ea-2fda-4b2e-91ff-fca2b230be4b,False,False,False,not_leverkusen_pass_carry,49.900000000000006,12.299999999999995,70.1,67.7,,,,,,,,,,63.7650000000001,Marco Friedl,Werder Bremen,,,validated_spatial_anchor,1.636000000000081,,,,,,,,,C09,533862946a73608c134d18b78226b6371ce7173c
3895153,1,21,904,660,00:11:41.824,Ball Receipt*,904,True,unsupported_event_type,False,False,701.824,86,208ecf84-013d-460a-8175-5b801916f49d,False,False,False,not_leverkusen_pass_carry,,,46.3,14.1,,,,,,,,,,63.976,Victor Okoh Boniface,Bayer Leverkusen,,,linked_360_unsupported_semantics,0.210999999999899,,,,,,,,,C09,533862946a73608c134d18b78226b6371ce7173c
3895153,1,21,904,661,00:11:41.824,Carry,904,True,validated_core_event_team_scope,True,False,701.824,87,4189da4c-f06e-4e33-a667-64c1efbc466d,True,True,True,safe_validated_frame_vector,46.3,14.1,46.3,14.1,44.4,13.9,46.3,14.1,44.4,13.9,-1.8999999999999984,-0.1999999999999993,1.9104973174542783,63.976,Victor Okoh Boniface,Bayer Leverkusen,,,validated_spatial_anchor,0.0,120.0,75.6,,,negative_0009,1.0,nonpositive_0008,1.0,C09,533862946a73608c134d18b78226b6371ce7173c
3895153,1,21,904,662,00:11:41.883,Pass,904,True,validated_core_event_team_scope,True,False,701.883,88,b2944d1b-daf3-4392-946d-c42e994a071d,True,True,True,safe_validated_frame_vector,44.4,13.9,44.4,13.9,43.3,26.0,44.4,13.9,43.3,26.0,-1.1000000000000014,12.1,12.149897118905988,64.03500000000008,Victor Okoh Boniface,Bayer Leverkusen,pass.outcome:Incomplete,,validated_spatial_anchor,0.0590000000000827,120.0,76.7,,,negative_0009,2.0,nonpositive_0008,2.0,C09,533862946a73608c134d18b78226b6371ce7173c
3895153,1,21,904,663,00:11:43.264,Ball Receipt*,904,True,unsupported_event_type,False,False,703.264,89,9b98c2e3-9595-4a1d-921f-7b6e54f7d066,False,False,False,not_leverkusen_pass_carry,,,46.8,22.9,,,,,,,,,,65.41600000000005,Alejandro Grimaldo García,Bayer Leverkusen,ball_receipt.outcome:Incomplete,,linked_360_unsupported_semantics,1.3809999999999718,,,,,,,,,C09,533862946a73608c134d18b78226b6371ce7173c
3895167,2,106,904,2412,00:07:55.441,Pass,904,False,no_360_frame,False,False,475.441,0,736d10be-a3d1-4075-b44b-541696755f25,False,True,True,unsupported_or_unlinked_frame,,,87.0,0.1,87.3,18.8,,,,,,,,0.0,Alejandro Grimaldo García,Bayer Leverkusen,pass.type:Throw-in,Throw-in,no_360_frame,,,,,,,,,,C10,533862946a73608c134d18b78226b6371ce7173c
3895167,2,106,904,2413,00:07:57.669,Ball Receipt*,904,True,unsupported_event_type,False,False,477.669,1,c1b3ba98-c001-4d17-9042-7d13a9a5d5ac,False,False,False,not_leverkusen_pass_carry,,,87.3,18.8,,,,,,,,,,2.2280000000000086,Florian Wirtz,Bayer Leverkusen,,,linked_360_unsupported_semantics,2.2280000000000086,,,,,,,,,C10,533862946a73608c134d18b78226b6371ce7173c
3895167,2,106,904,2414,00:07:57.669,Carry,904,True,validated_core_event_team_scope,True,False,477.669,2,1b44f928-ee52-43eb-9ae0-83697538c62e,True,True,True,safe_validated_frame_vector,87.3,18.8,87.3,18.8,85.1,21.3,87.3,18.8,85.1,21.3,-2.200000000000003,2.5,3.330165161069345,2.2280000000000086,Florian Wirtz,Bayer Leverkusen,,,validated_spatial_anchor,0.0,87.3,2.200000000000003,,,negative_0001,1.0,nonpositive_0001,1.0,C10,533862946a73608c134d18b78226b6371ce7173c
3895167,2,106,904,2415,00:07:57.864,Pressure,174,True,validated_core_event_team_scope,True,False,477.864,3,227fd5db-fb37-4cc4-8786-abe407c05fcd,False,False,False,not_leverkusen_pass_carry,87.6,12.700000000000005,32.4,67.3,,,,,,,,,,2.423000000000002,Enzo Millot,VfB Stuttgart,,,validated_spatial_anchor,0.1949999999999931,,,,,,,,,C10,533862946a73608c134d18b78226b6371ce7173c
3895167,2,106,904,2416,00:07:58.330,Pass,904,True,validated_core_event_team_scope,True,False,478.33,4,a40e5d5e-2ea9-4a06-9568-49926b2c473b,True,True,True,safe_validated_frame_vector,85.1,21.3,85.1,21.3,62.9,12.8,85.1,21.3,62.9,12.8,-22.2,-8.5,23.77162173685253,2.88900000000001,Florian Wirtz,Bayer Leverkusen,,,validated_spatial_anchor,0.4660000000000082,87.3,24.4,,,negative_0001,2.0,nonpositive_0001,2.0,C10,533862946a73608c134d18b78226b6371ce7173c
3895167,2,106,904,2417,00:08:00.546,Ball Receipt*,904,True,unsupported_event_type,False,False,480.546,5,9c9bbc25-cf96-437a-a098-91c088c628d7,False,False,False,not_leverkusen_pass_carry,,,62.9,12.8,,,,,,,,,,5.105000000000018,Edmond Fayçal Tapsoba,Bayer Leverkusen,,,linked_360_unsupported_semantics,2.216000000000008,,,,,,,,,C10,533862946a73608c134d18b78226b6371ce7173c
3895167,2,106,904,2418,00:08:00.546,Carry,904,True,validated_core_event_team_scope,True,False,480.546,6,cf6f05b6-f02b-46a0-bd73-cb12ee9072e7,True,True,True,safe_validated_frame_vector,62.9,12.8,62.9,12.8,50.0,7.5,62.9,12.8,50.0,7.5,-12.9,-5.300000000000001,13.946325680981351,5.105000000000018,Edmond Fayçal Tapsoba,Bayer Leverkusen,,,validated_spatial_anchor,0.0,87.3,37.3,,,negative_0001,3.0,nonpositive_0001,3.0,C10,533862946a73608c134d18b78226b6371ce7173c
3895167,2,106,904,2419,00:08:02.565,Pressure,174,True,validated_core_event_team_scope,True,False,482.565,7,94bc1fcf-fe7c-4506-b955-643efe5e8978,False,False,False,not_leverkusen_pass_carry,55.7,12.700000000000005,64.3,67.3,,,,,,,,,,7.124000000000024,Deniz Undav,VfB Stuttgart,,,validated_spatial_anchor,2.019000000000005,,,,,,,,,C10,533862946a73608c134d18b78226b6371ce7173c
3895167,2,106,904,2420,00:08:02.871,Pass,904,True,validated_core_event_team_scope,True,False,482.871,8,2a6b793f-c9c2-4fee-b58c-274228c01aca,True,True,True,safe_validated_frame_vector,50.0,7.5,50.0,7.5,38.7,32.3,50.0,7.5,38.7,32.3,-11.299999999999995,24.8,27.25307322119837,7.430000000000007,Edmond Fayçal Tapsoba,Bayer Leverkusen,,,validated_spatial_anchor,0.3059999999999832,87.3,48.6,,,negative_0001,4.0,nonpositive_0001,4.0,C10,533862946a73608c134d18b78226b6371ce7173c
3895167,2,106,904,2421,00:08:04.640,Ball Receipt*,904,True,unsupported_event_type,False,False,484.64,9,93486e38-7af8-4486-ab89-aacfde2ca823,False,False,False,not_leverkusen_pass_carry,,,38.7,32.3,,,,,,,,,,9.199000000000012,Jonathan Tah,Bayer Leverkusen,,,linked_360_unsupported_semantics,1.7690000000000057,,,,,,,,,C10,533862946a73608c134d18b78226b6371ce7173c
3895167,2,106,904,2422,00:08:04.640,Carry,904,True,validated_core_event_team_scope,True,False,484.64,10,59d3aa4a-d425-4e94-b11a-c70ca8d116b9,True,True,True,safe_validated_frame_vector,38.7,32.3,38.7,32.3,31.1,35.8,38.7,32.3,31.1,35.8,-7.600000000000001,3.5,8.36719785830358,9.199000000000012,Jonathan Tah,Bayer Leverkusen,,,validated_spatial_anchor,0.0,87.3,56.2,,,negative_0001,5.0,nonpositive_0001,5.0,C10,533862946a73608c134d18b78226b6371ce7173c
3895167,2,106,904,2423,00:08:06.482,Pass,904,True,validated_core_event_team_scope,True,False,486.482,11,52e12cda-0da5-472a-a1b2-306fa3692e90,True,True,True,safe_validated_frame_vector,31.1,35.8,31.1,35.8,37.1,57.3,31.1,35.8,37.1,57.3,6.0,21.5,22.321514285549718,11.041000000000054,Jonathan Tah,Bayer Leverkusen,,,validated_spatial_anchor,1.8420000000000412,87.3,50.2,positive_0001,1.0,,,,,C10,533862946a73608c134d18b78226b6371ce7173c
3895167,2,106,904,2424,00:08:08.647,Ball Receipt*,904,True,unsupported_event_type,False,False,488.647,12,d6de96d0-631e-426d-ad29-1ac4e17720c2,False,False,False,not_leverkusen_pass_carry,,,37.1,57.3,,,,,,,,,,13.206000000000016,Odilon Kossonou,Bayer Leverkusen,,,linked_360_unsupported_semantics,2.164999999999964,,,,,,,,,C10,533862946a73608c134d18b78226b6371ce7173c
3895167,2,106,904,2425,00:08:08.647,Carry,904,True,validated_core_event_team_scope,True,False,488.647,13,3d011c8c-7f99-44b0-be5a-20da2ff21229,True,True,True,safe_validated_frame_vector,37.1,57.3,37.1,57.3,48.5,62.6,37.1,57.3,48.5,62.6,11.4,5.300000000000004,12.57179382586272,13.206000000000016,Odilon Kossonou,Bayer Leverkusen,,,validated_spatial_anchor,0.0,87.3,38.8,positive_0001,2.0,,,,,C10,533862946a73608c134d18b78226b6371ce7173c
3895167,2,106,904,2426,00:08:11.096,Pass,904,False,no_360_frame,False,False,491.096,14,a292cb79-7e15-4f26-8a29-5461be4a0ce5,False,True,True,unsupported_or_unlinked_frame,,,48.5,62.6,52.0,48.3,,,,,,,,15.65500000000003,Odilon Kossonou,Bayer Leverkusen,,,no_360_frame,2.4490000000000123,,,,,,,,,C10,533862946a73608c134d18b78226b6371ce7173c
3895167,2,106,904,2427,00:08:12.289,Ball Receipt*,904,True,unsupported_event_type,False,False,492.289,15,f5492426-abe2-4162-878a-5449c6c5d36c,False,False,False,not_leverkusen_pass_carry,,,52.0,48.3,,,,,,,,,,16.848000000000013,Exequiel Alejandro Palacios,Bayer Leverkusen,,,linked_360_unsupported_semantics,1.1929999999999836,,,,,,,,,C10,533862946a73608c134d18b78226b6371ce7173c
3895167,2,106,904,2428,00:08:12.289,Carry,904,True,validated_core_event_team_scope,True,False,492.289,16,8b62ba85-c30d-482c-9f6d-22a18a8aca7a,True,True,True,safe_validated_frame_vector,52.0,48.3,52.0,48.3,52.0,48.5,52.0,48.3,52.0,48.5,0.0,0.2000000000000028,0.2000000000000028,16.848000000000013,Exequiel Alejandro Palacios,Bayer Leverkusen,,,validated_spatial_anchor,0.0,87.3,35.3,,,,,,,C10,533862946a73608c134d18b78226b6371ce7173c
3895167,2,106,904,2429,00:08:13.464,Pass,904,True,validated_core_event_team_scope,True,False,493.464,17,4695073a-539d-41c9-81f7-91ac8cb05768,True,True,True,safe_validated_frame_vector,52.0,48.5,52.0,48.5,55.6,44.0,52.0,48.5,55.6,44.0,3.6000000000000014,-4.5,5.762811813689565,18.023000000000025,Exequiel Alejandro Palacios,Bayer Leverkusen,,,validated_spatial_anchor,1.1750000000000114,87.3,31.7,positive_0002,1.0,,,,,C10,533862946a73608c134d18b78226b6371ce7173c
3895167,2,106,904,2430,00:08:14.146,Ball Receipt*,904,True,unsupported_event_type,False,False,494.146,18,246c7bbc-46e4-48b2-809a-50fb5a970b1b,False,False,False,not_leverkusen_pass_carry,,,55.6,44.0,,,,,,,,,,18.70500000000004,Granit Xhaka,Bayer Leverkusen,,,linked_360_unsupported_semantics,0.6820000000000164,,,,,,,,,C10,533862946a73608c134d18b78226b6371ce7173c
3895167,2,106,904,2431,00:08:14.146,Carry,904,True,validated_core_event_team_scope,True,False,494.146,19,6877d4d4-33fc-4ed3-b7c0-6583916fc709,True,True,True,safe_validated_frame_vector,55.6,44.0,55.6,44.0,55.6,44.0,55.6,44.0,55.6,44.0,0.0,0.0,0.0,18.70500000000004,Granit Xhaka,Bayer Leverkusen,,,validated_spatial_anchor,0.0,87.3,31.7,,,,,nonpositive_0002,1.0,C10,533862946a73608c134d18b78226b6371ce7173c
3895167,2,106,904,2432,00:08:14.205,Pass,904,True,validated_core_event_team_scope,True,False,494.205,20,a1f10323-5a6a-4351-a1f3-766e8f60f7d0,True,True,True,safe_validated_frame_vector,55.6,44.0,55.6,44.0,46.7,45.3,55.6,44.0,46.7,45.3,-8.899999999999999,1.2999999999999972,8.994442728707542,18.76400000000001,Granit Xhaka,Bayer Leverkusen,,,validated_spatial_anchor,0.058999999999969,87.3,40.6,,,negative_0002,1.0,nonpositive_0002,2.0,C10,533862946a73608c134d18b78226b6371ce7173c
3895167,2,106,904,2433,00:08:15.643,Ball Receipt*,904,True,unsupported_event_type,False,False,495.643,21,12810dc4-dcdf-48da-9fae-d5244c78eafb,False,False,False,not_leverkusen_pass_carry,,,46.7,45.3,,,,,,,,,,20.202,Jonathan Tah,Bayer Leverkusen,,,linked_360_unsupported_semantics,1.4379999999999882,,,,,,,,,C10,533862946a73608c134d18b78226b6371ce7173c
3895167,2,106,904,2434,00:08:15.643,Carry,904,True,validated_core_event_team_scope,True,False,495.643,22,bd866942-576a-4d6d-906f-f1a698d150e5,True,True,True,safe_validated_frame_vector,46.7,45.3,46.7,45.3,50.4,44.0,46.7,45.3,50.4,44.0,3.699999999999996,-1.2999999999999972,3.9217343102255104,20.202,Jonathan Tah,Bayer Leverkusen,,,validated_spatial_anchor,0.0,87.3,36.9,positive_0003,1.0,,,,,C10,533862946a73608c134d18b78226b6371ce7173c
3895167,2,106,904,2435,00:08:16.628,Pass,904,True,validated_core_event_team_scope,True,False,496.628,23,00f24bd9-de13-4752-aa75-307cb6d4d815,True,True,True,safe_validated_frame_vector,50.4,44.0,50.4,44.0,54.5,19.9,50.4,44.0,54.5,19.9,4.100000000000001,-24.1,24.44626760877824,21.18700000000001,Jonathan Tah,Bayer Leverkusen,,,validated_spatial_anchor,0.9850000000000136,87.3,32.8,positive_0003,2.0,,,,,C10,533862946a73608c134d18b78226b6371ce7173c
3895167,2,106,904,2436,00:08:18.396,Ball Receipt*,904,False,no_360_frame,False,False,498.396,24,0a853cd8-cfe0-44ca-974b-aa590779be97,False,False,False,not_leverkusen_pass_carry,,,54.5,19.9,,,,,,,,,,22.95500000000004,Edmond Fayçal Tapsoba,Bayer Leverkusen,,,no_360_frame,1.768000000000029,,,,,,,,,C10,533862946a73608c134d18b78226b6371ce7173c
3895167,2,106,904,2437,00:08:18.396,Carry,904,False,no_360_frame,False,False,498.396,25,47e496fd-dc77-45b2-b06c-be7e0673050e,False,True,True,unsupported_or_unlinked_frame,,,54.5,19.9,54.5,19.9,,,,,,,,22.95500000000004,Edmond Fayçal Tapsoba,Bayer Leverkusen,,,no_360_frame,0.0,,,,,,,,,C10,533862946a73608c134d18b78226b6371ce7173c
3895167,2,106,904,2438,00:08:18.929,Pass,904,False,no_360_frame,False,False,498.929,26,8100d5da-7bd7-4d1f-bfa1-2058228a1eef,False,True,True,unsupported_or_unlinked_frame,,,54.5,19.9,65.1,20.7,,,,,,,,23.488,Edmond Fayçal Tapsoba,Bayer Leverkusen,,,no_360_frame,0.5329999999999586,,,,,,,,,C10,533862946a73608c134d18b78226b6371ce7173c
3895167,2,106,904,2439,00:08:20.052,Ball Receipt*,904,True,unsupported_event_type,False,False,500.052,27,94d31d1b-c781-4007-8598-3ef488454aaa,False,False,False,not_leverkusen_pass_carry,,,65.1,20.7,,,,,,,,,,24.611000000000047,Florian Wirtz,Bayer Leverkusen,,,linked_360_unsupported_semantics,1.1230000000000473,,,,,,,,,C10,533862946a73608c134d18b78226b6371ce7173c
3895167,2,106,904,2440,00:08:20.052,Pass,904,True,validated_core_event_team_scope,True,False,500.052,28,216468b5-b11a-42f5-b868-5fd3a31c046d,True,True,True,safe_validated_frame_vector,65.1,20.7,65.1,20.7,63.6,3.4,65.1,20.7,63.6,3.4,-1.499999999999993,-17.3,17.364907140552177,24.611000000000047,Florian Wirtz,Bayer Leverkusen,,,validated_spatial_anchor,0.0,87.3,23.7,,,negative_0003,1.0,nonpositive_0003,1.0,C10,533862946a73608c134d18b78226b6371ce7173c
3895167,2,106,904,2441,00:08:21.476,Ball Receipt*,904,True,unsupported_event_type,False,False,501.476,29,d2b383d5-c6c9-4112-b030-bc8e40ee4234,False,False,False,not_leverkusen_pass_carry,,,63.6,3.4,,,,,,,,,,26.035000000000025,Alejandro Grimaldo García,Bayer Leverkusen,,,linked_360_unsupported_semantics,1.4239999999999782,,,,,,,,,C10,533862946a73608c134d18b78226b6371ce7173c
3895167,2,106,904,2442,00:08:21.476,Pass,904,True,validated_core_event_team_scope,True,False,501.476,30,6fa2f81d-d8cf-4a89-b968-4e0fdde8fbb8,True,True,True,safe_validated_frame_vector,63.3,3.4,63.3,3.4,47.4,11.7,63.3,3.4,47.4,11.7,-15.9,8.299999999999999,17.93599732381782,26.035000000000025,Alejandro Grimaldo García,Bayer Leverkusen,,,validated_spatial_anchor,0.0,87.3,39.9,,,negative_0003,2.0,nonpositive_0003,2.0,C10,533862946a73608c134d18b78226b6371ce7173c
3895167,2,106,904,2443,00:08:23.185,Ball Receipt*,904,True,unsupported_event_type,False,False,503.185,31,d5c04bf1-30fe-4681-9221-88e66539a2f2,False,False,False,not_leverkusen_pass_carry,,,47.4,11.7,,,,,,,,,,27.744000000000028,Edmond Fayçal Tapsoba,Bayer Leverkusen,,,linked_360_unsupported_semantics,1.7090000000000032,,,,,,,,,C10,533862946a73608c134d18b78226b6371ce7173c
3895167,2,106,904,2444,00:08:23.185,Carry,904,True,validated_core_event_team_scope,True,False,503.185,32,d9c9c221-55e3-4814-a128-add8bbb97697,True,True,True,safe_validated_frame_vector,47.4,11.7,47.4,11.7,35.3,11.5,47.4,11.7,35.3,11.5,-12.1,-0.1999999999999993,12.101652779682617,27.744000000000028,Edmond Fayçal Tapsoba,Bayer Leverkusen,,,validated_spatial_anchor,0.0,87.3,52.0,,,negative_0003,3.0,nonpositive_0003,3.0,C10,533862946a73608c134d18b78226b6371ce7173c
3895167,2,106,904,2445,00:08:24.644,Pass,904,True,validated_core_event_team_scope,True,False,504.644,33,41a48f6b-8d7d-4d93-8694-491aba12db04,True,True,True,safe_validated_frame_vector,35.3,11.5,35.3,11.5,35.7,34.2,35.3,11.5,35.7,34.2,0.4000000000000057,22.700000000000003,22.70352395554488,29.20300000000003,Edmond Fayçal Tapsoba,Bayer Leverkusen,,,validated_spatial_anchor,1.4590000000000032,87.3,51.6,positive_0004,1.0,,,,,C10,533862946a73608c134d18b78226b6371ce7173c
3895167,2,106,904,2446,00:08:26.367,Ball Receipt*,904,True,unsupported_event_type,False,False,506.367,34,82f156a3-dd7a-4efa-ab47-974617e4c3d9,False,False,False,not_leverkusen_pass_carry,,,35.7,34.2,,,,,,,,,,30.926000000000045,Jonathan Tah,Bayer Leverkusen,,,linked_360_unsupported_semantics,1.7230000000000132,,,,,,,,,C10,533862946a73608c134d18b78226b6371ce7173c
3895167,2,106,904,2447,00:08:26.367,Carry,904,True,validated_core_event_team_scope,True,False,506.367,35,504e1ff5-9280-43fa-93ba-db51bd385ac0,True,True,True,safe_validated_frame_vector,35.7,34.2,35.7,34.2,40.2,42.1,35.7,34.2,40.2,42.1,4.5,7.899999999999999,9.091754506144564,30.926000000000045,Jonathan Tah,Bayer Leverkusen,,,validated_spatial_anchor,0.0,87.3,47.1,positive_0004,2.0,,,,,C10,533862946a73608c134d18b78226b6371ce7173c
3895167,2,106,904,2448,00:08:27.951,Pass,904,True,validated_core_event_team_scope,True,False,507.951,36,0cb7a809-f7fe-4209-be24-4031d7e109d8,True,True,True,safe_validated_frame_vector,40.2,42.1,40.2,42.1,51.8,64.9,40.2,42.1,51.8,64.9,11.599999999999994,22.800000000000004,25.58124312851117,32.51000000000005,Jonathan Tah,Bayer Leverkusen,,,validated_spatial_anchor,1.5840000000000032,87.3,35.5,positive_0004,3.0,,,,,C10,533862946a73608c134d18b78226b6371ce7173c
3895167,2,106,904,2449,00:08:30.128,Ball Receipt*,904,True,unsupported_event_type,False,False,510.128,37,50ee9b40-7f47-4c36-8a9c-194efa715b89,False,False,False,not_leverkusen_pass_carry,,,51.8,64.9,,,,,,,,,,34.68700000000001,Exequiel Alejandro Palacios,Bayer Leverkusen,,,linked_360_unsupported_semantics,2.176999999999964,,,,,,,,,C10,533862946a73608c134d18b78226b6371ce7173c
3895167,2,106,904,2450,00:08:30.128,Carry,904,True,validated_core_event_team_scope,True,False,510.128,38,c5bb34ee-2315-4b7b-b354-6f0f9bc4da3f,True,True,True,safe_validated_frame_vector,51.8,64.9,51.8,64.9,49.9,73.0,51.8,64.9,49.9,73.0,-1.8999999999999984,8.099999999999994,8.319855767980592,34.68700000000001,Exequiel Alejandro Palacios,Bayer Leverkusen,,,validated_spatial_anchor,0.0,87.3,37.4,,,negative_0004,1.0,nonpositive_0004,1.0,C10,533862946a73608c134d18b78226b6371ce7173c
3895167,2,106,904,2451,00:08:33.196,Pressure,174,True,validated_core_event_team_scope,True,False,513.196,39,92ea9fcb-0319-4ebc-b04b-e46106d73053,False,False,False,not_leverkusen_pass_carry,54.400000000000006,65.9,65.6,14.1,,,,,,,,,,37.75500000000005,Atakan Karazor,VfB Stuttgart,,,validated_spatial_anchor,3.0680000000000405,,,,,,,,,C10,533862946a73608c134d18b78226b6371ce7173c
3895167,2,106,904,2452,00:08:34.016,Pass,904,True,validated_core_event_team_scope,True,False,514.016,40,e4e00b39-2516-4fd7-8107-e86626b8ff2c,True,True,True,safe_validated_frame_vector,49.9,73.0,49.9,73.0,62.8,78.3,49.9,73.0,62.8,78.3,12.9,5.299999999999997,13.946325680981351,38.57499999999999,Exequiel Alejandro Palacios,Bayer Leverkusen,,,validated_spatial_anchor,0.8199999999999363,87.3,24.5,positive_0005,1.0,,,,,C10,533862946a73608c134d18b78226b6371ce7173c
3895167,2,106,904,2453,00:08:35.115,Ball Receipt*,904,False,no_360_frame,False,False,515.115,41,332536f3-d93e-4fb5-98fb-d66f6ba69a00,False,False,False,not_leverkusen_pass_carry,,,62.8,78.3,,,,,,,,,,39.67400000000004,Jeremie Frimpong,Bayer Leverkusen,,,no_360_frame,1.0990000000000464,,,,,,,,,C10,533862946a73608c134d18b78226b6371ce7173c
3895167,2,106,904,2454,00:08:35.115,Carry,904,False,no_360_frame,False,False,515.115,42,166f29ba-33aa-4b1c-a400-9d4b57a0399f,False,True,True,unsupported_or_unlinked_frame,,,62.8,78.3,56.3,74.7,,,,,,,,39.67400000000004,Jeremie Frimpong,Bayer Leverkusen,,,no_360_frame,0.0,,,,,,,,,C10,533862946a73608c134d18b78226b6371ce7173c
3895167,2,106,904,2455,00:08:36.087,Pass,904,False,no_360_frame,False,False,516.087,43,8051d8f5-cb5c-4f84-9e7d-782aa1d2f8c5,False,True,True,unsupported_or_unlinked_frame,,,56.3,74.7,45.4,73.4,,,,,,,,40.646000000000015,Jeremie Frimpong,Bayer Leverkusen,,,no_360_frame,0.97199999999998,,,,,,,,,C10,533862946a73608c134d18b78226b6371ce7173c
3895167,2,106,904,2456,00:08:37.027,Ball Receipt*,904,True,unsupported_event_type,False,False,517.027,44,51dc1ff6-b390-448b-9bbc-2d4d98330668,False,False,False,not_leverkusen_pass_carry,,,45.4,73.4,,,,,,,,,,41.58600000000007,Exequiel Alejandro Palacios,Bayer Leverkusen,,,linked_360_unsupported_semantics,0.9400000000000546,,,,,,,,,C10,533862946a73608c134d18b78226b6371ce7173c
3895167,2,106,904,2457,00:08:37.027,Carry,904,True,validated_core_event_team_scope,True,False,517.027,45,5c4ed8c8-7e66-4e2f-ad42-91938c40a2e5,True,True,True,safe_validated_frame_vector,45.4,73.4,45.4,73.4,44.7,72.8,45.4,73.4,44.7,72.8,-0.6999999999999957,-0.6000000000000085,0.9219544457292912,41.58600000000007,Exequiel Alejandro Palacios,Bayer Leverkusen,,,validated_spatial_anchor,0.0,87.3,42.6,,,negative_0005,1.0,nonpositive_0005,1.0,C10,533862946a73608c134d18b78226b6371ce7173c
3895167,2,106,904,2458,00:08:38.421,Pass,904,True,validated_core_event_team_scope,True,False,518.421,46,be3cac5e-f945-4c31-affc-ec158e841fc9,True,True,True,safe_validated_frame_vector,44.7,72.8,44.7,72.8,44.3,66.3,44.7,72.8,44.3,66.3,-0.4000000000000057,-6.5,6.512296062065975,42.98000000000008,Exequiel Alejandro Palacios,Bayer Leverkusen,,,validated_spatial_anchor,1.3940000000000057,87.3,43.0,,,negative_0005,2.0,nonpositive_0005,2.0,C10,533862946a73608c134d18b78226b6371ce7173c
3895167,2,106,904,2459,00:08:39.445,Ball Receipt*,904,True,unsupported_event_type,False,False,519.445,47,d76affd0-b6f8-4899-aa30-4b078929629e,False,False,False,not_leverkusen_pass_carry,,,44.3,66.3,,,,,,,,,,44.00400000000008,Granit Xhaka,Bayer Leverkusen,,,linked_360_unsupported_semantics,1.024000000000001,,,,,,,,,C10,533862946a73608c134d18b78226b6371ce7173c
3895167,2,106,904,2460,00:08:39.445,Carry,904,True,validated_core_event_team_scope,True,False,519.445,48,e8e38476-88f1-417b-b154-c1a631c4be49,True,True,True,safe_validated_frame_vector,44.3,66.3,44.3,66.3,42.9,65.8,44.3,66.3,42.9,65.8,-1.3999999999999986,-0.5,1.4866068747318493,44.00400000000008,Granit Xhaka,Bayer Leverkusen,,,validated_spatial_anchor,0.0,87.3,44.4,,,negative_0005,3.0,nonpositive_0005,3.0,C10,533862946a73608c134d18b78226b6371ce7173c
3895167,2,106,904,2461,00:08:39.989,Pass,904,True,validated_core_event_team_scope,True,False,519.989,49,ed3b10a3-72ad-468a-addb-bb14b4b40afd,True,True,True,safe_validated_frame_vector,42.9,65.8,42.9,65.8,28.5,65.2,42.9,65.8,28.5,65.2,-14.4,-0.5999999999999943,14.412494579357174,44.54800000000006,Granit Xhaka,Bayer Leverkusen,,,validated_spatial_anchor,0.5439999999999827,87.3,58.8,,,negative_0005,4.0,nonpositive_0005,4.0,C10,533862946a73608c134d18b78226b6371ce7173c
3895167,2,106,904,2462,00:08:41.020,Ball Receipt*,904,True,unsupported_event_type,False,False,521.02,50,0ad4d21a-439a-4d83-a3eb-42102233509f,False,False,False,not_leverkusen_pass_carry,,,28.5,65.2,,,,,,,,,,45.57900000000001,Odilon Kossonou,Bayer Leverkusen,,,linked_360_unsupported_semantics,1.030999999999949,,,,,,,,,C10,533862946a73608c134d18b78226b6371ce7173c
3895167,2,106,904,2463,00:08:41.020,Carry,904,True,validated_core_event_team_scope,True,False,521.02,51,effc353b-2249-4c1a-aa6a-60d13baf375d,True,True,True,safe_validated_frame_vector,28.5,65.2,28.5,65.2,25.0,64.4,28.5,65.2,25.0,64.4,-3.5,-0.7999999999999972,3.590264614203248,45.57900000000001,Odilon Kossonou,Bayer Leverkusen,,,validated_spatial_anchor,0.0,87.3,62.3,,,negative_0005,5.0,nonpositive_0005,5.0,C10,533862946a73608c134d18b78226b6371ce7173c
3895167,2,106,904,2464,00:08:42.017,Pass,904,True,validated_core_event_team_scope,True,False,522.017,52,1a24cd24-f9d9-40e7-b791-b3b16af69a2d,True,True,True,safe_validated_frame_vector,25.0,64.4,25.0,64.4,7.9,46.4,25.0,64.4,7.9,46.4,-17.1,-18.000000000000007,24.827605603440706,46.57600000000008,Odilon Kossonou,Bayer Leverkusen,,,validated_spatial_anchor,0.9970000000000708,87.3,79.39999999999999,,,negative_0005,6.0,nonpositive_0005,6.0,C10,533862946a73608c134d18b78226b6371ce7173c
3895167,2,106,904,2465,00:08:43.417,Ball Receipt*,904,False,no_360_frame,False,False,523.417,53,99fc7d16-f5f8-4633-aa37-8d1a7d68f058,False,False,False,not_leverkusen_pass_carry,,,7.9,46.4,,,,,,,,,,47.976000000000056,Lukáš Hrádecký,Bayer Leverkusen,,,no_360_frame,1.3999999999999773,,,,,,,,,C10,533862946a73608c134d18b78226b6371ce7173c
3895167,2,106,904,2466,00:08:43.417,Carry,904,False,no_360_frame,False,False,523.417,54,9f53a5e1-9bc7-454a-8e5b-2fa1c6bb70f5,False,True,True,unsupported_or_unlinked_frame,,,7.9,46.4,8.5,46.2,,,,,,,,47.976000000000056,Lukáš Hrádecký,Bayer Leverkusen,,,no_360_frame,0.0,,,,,,,,,C10,533862946a73608c134d18b78226b6371ce7173c
3895167,2,106,904,2467,00:08:44.919,Pass,904,False,no_360_frame,False,False,524.919,55,df0e0e80-556f-4fc9-bbd5-d4211debf574,False,True,True,unsupported_or_unlinked_frame,,,8.5,46.2,19.6,67.1,,,,,,,,49.47800000000001,Lukáš Hrádecký,Bayer Leverkusen,,,no_360_frame,1.5019999999999527,,,,,,,,,C10,533862946a73608c134d18b78226b6371ce7173c
3895167,2,106,904,2468,00:08:46.214,Ball Receipt*,904,True,unsupported_event_type,False,False,526.214,56,e77662f0-6eeb-4f3c-9ced-3dd8236a5616,False,False,False,not_leverkusen_pass_carry,,,19.6,67.1,,,,,,,,,,50.77300000000008,Odilon Kossonou,Bayer Leverkusen,,,linked_360_unsupported_semantics,1.2950000000000728,,,,,,,,,C10,533862946a73608c134d18b78226b6371ce7173c
3895167,2,106,904,2469,00:08:46.214,Carry,904,True,validated_core_event_team_scope,True,False,526.214,57,c5be42bf-96ec-44f5-a38f-f7a55579e876,True,True,True,safe_validated_frame_vector,19.6,67.1,19.6,67.1,48.5,63.8,19.6,67.1,48.5,63.8,28.9,-3.299999999999997,29.087798129112485,50.77300000000008,Odilon Kossonou,Bayer Leverkusen,,,validated_spatial_anchor,0.0,87.3,38.8,positive_0006,1.0,,,,,C10,533862946a73608c134d18b78226b6371ce7173c
3895167,2,106,904,2470,00:08:53.084,Pass,904,False,no_360_frame,False,False,533.084,58,baae6992-3da8-41c5-8095-b3a063060763,False,True,True,unsupported_or_unlinked_frame,,,48.5,63.8,61.0,77.2,,,,,,,,57.64299999999997,Odilon Kossonou,Bayer Leverkusen,,,no_360_frame,6.869999999999891,,,,,,,,,C10,533862946a73608c134d18b78226b6371ce7173c
3895167,2,106,904,2471,00:08:54.574,Ball Receipt*,904,False,no_360_frame,False,False,534.574,59,2d329cef-7615-4bae-bce5-e9a058ff8656,False,False,False,not_leverkusen_pass_carry,,,61.0,77.2,,,,,,,,,,59.13299999999998,Exequiel Alejandro Palacios,Bayer Leverkusen,,,no_360_frame,1.490000000000009,,,,,,,,,C10,533862946a73608c134d18b78226b6371ce7173c
3895167,2,106,904,2472,00:08:54.574,Carry,904,False,no_360_frame,False,False,534.574,60,743ba6fd-9a47-4bad-912e-21bfba8fb255,False,True,True,unsupported_or_unlinked_frame,,,61.0,77.2,72.6,62.2,,,,,,,,59.13299999999998,Exequiel Alejandro Palacios,Bayer Leverkusen,,,no_360_frame,0.0,,,,,,,,,C10,533862946a73608c134d18b78226b6371ce7173c
3895167,2,106,904,2473,00:08:59.392,Pass,904,True,validated_core_event_team_scope,True,False,539.392,61,bb50ebad-8e08-4da5-9699-15d9c2ca526a,True,True,True,safe_validated_frame_vector,72.6,62.2,72.6,62.2,71.2,47.5,72.6,62.2,71.2,47.5,-1.3999999999999917,-14.700000000000005,14.766516176810294,63.95100000000008,Exequiel Alejandro Palacios,Bayer Leverkusen,,,validated_spatial_anchor,4.818000000000097,87.3,16.099999999999994,,,negative_0006,1.0,nonpositive_0006,1.0,C10,533862946a73608c134d18b78226b6371ce7173c
3895167,2,106,904,2474,00:09:00.469,Ball Receipt*,904,True,unsupported_event_type,False,False,540.469,62,1137a89a-b41c-43cb-8a1d-641d8302a17b,False,False,False,not_leverkusen_pass_carry,,,71.2,47.5,,,,,,,,,,65.02800000000008,Granit Xhaka,Bayer Leverkusen,,,linked_360_unsupported_semantics,1.0769999999999982,,,,,,,,,C10,533862946a73608c134d18b78226b6371ce7173c
3895167,2,106,904,2475,00:09:00.469,Carry,904,True,validated_core_event_team_scope,True,False,540.469,63,d11b6b8f-3520-4ae7-bd86-6fa75a1adcc1,True,True,True,safe_validated_frame_vector,71.2,47.5,71.2,47.5,71.2,47.4,71.2,47.5,71.2,47.4,0.0,-0.1000000000000014,0.1000000000000014,65.02800000000008,Granit Xhaka,Bayer Leverkusen,,,validated_spatial_anchor,0.0,87.3,16.099999999999994,,,,,nonpositive_0006,2.0,C10,533862946a73608c134d18b78226b6371ce7173c
3895167,2,106,904,2476,00:09:01.382,Pass,904,True,validated_core_event_team_scope,True,False,541.382,64,2b4e9b43-6440-40be-b178-04c39e7c008f,True,True,True,safe_validated_frame_vector,71.2,47.4,71.2,47.4,69.2,53.2,71.2,47.4,69.2,53.2,-2.0,5.800000000000004,6.135144660071191,65.94099999999997,Granit Xhaka,Bayer Leverkusen,,,validated_spatial_anchor,0.9129999999998972,87.3,18.099999999999994,,,negative_0007,1.0,nonpositive_0006,3.0,C10,533862946a73608c134d18b78226b6371ce7173c
3895167,2,106,904,2477,00:09:02.331,Ball Receipt*,904,True,unsupported_event_type,False,False,542.331,65,a1c35069-854c-4b48-9497-0446459c6522,False,False,False,not_leverkusen_pass_carry,,,69.2,53.2,,,,,,,,,,66.89000000000004,Exequiel Alejandro Palacios,Bayer Leverkusen,,,linked_360_unsupported_semantics,0.9490000000000692,,,,,,,,,C10,533862946a73608c134d18b78226b6371ce7173c
3895167,2,106,904,2478,00:09:02.331,Carry,904,True,validated_core_event_team_scope,True,False,542.331,66,5fd8cc33-0eeb-4826-a34b-1b52cfd6af2b,True,True,True,safe_validated_frame_vector,69.2,53.2,69.2,53.2,71.4,48.3,69.2,53.2,71.4,48.3,2.200000000000003,-4.900000000000006,5.37121960079832,66.89000000000004,Exequiel Alejandro Palacios,Bayer Leverkusen,,,validated_spatial_anchor,0.0,87.3,15.899999999999991,positive_0007,1.0,,,,,C10,533862946a73608c134d18b78226b6371ce7173c
3895167,2,106,904,2479,00:09:05.505,Pass,904,True,validated_core_event_team_scope,True,False,545.505,67,88408faf-4ff3-49ef-9b4f-4909a814c6b9,True,True,True,safe_validated_frame_vector,71.4,48.3,71.4,48.3,67.0,28.2,71.4,48.3,67.0,28.2,-4.400000000000006,-20.1,20.575956842878536,70.06400000000002,Exequiel Alejandro Palacios,Bayer Leverkusen,,,validated_spatial_anchor,3.173999999999978,87.3,20.3,,,negative_0008,1.0,nonpositive_0007,1.0,C10,533862946a73608c134d18b78226b6371ce7173c
3895167,2,106,904,2480,00:09:06.817,Ball Receipt*,904,False,no_360_frame,False,False,546.817,68,de4cb1f4-74bc-4ec7-89e7-590302d88ee4,False,False,False,not_leverkusen_pass_carry,,,67.0,28.2,,,,,,,,,,71.37600000000003,Edmond Fayçal Tapsoba,Bayer Leverkusen,,,no_360_frame,1.3120000000000118,,,,,,,,,C10,533862946a73608c134d18b78226b6371ce7173c
3895167,2,106,904,2481,00:09:06.817,Carry,904,False,no_360_frame,False,False,546.817,69,33a950a4-f23a-4a86-aa22-db8ef1dd83e3,False,True,True,unsupported_or_unlinked_frame,,,67.0,28.2,68.8,27.1,,,,,,,,71.37600000000003,Edmond Fayçal Tapsoba,Bayer Leverkusen,,,no_360_frame,0.0,,,,,,,,,C10,533862946a73608c134d18b78226b6371ce7173c
3895167,2,106,904,2482,00:09:07.653,Pass,904,False,no_360_frame,False,False,547.653,70,2e935d83-9cba-469e-bf98-167b1533a028,False,True,True,unsupported_or_unlinked_frame,,,68.8,27.1,82.8,4.4,,,,,,,,72.21200000000005,Edmond Fayçal Tapsoba,Bayer Leverkusen,,,no_360_frame,0.8360000000000127,,,,,,,,,C10,533862946a73608c134d18b78226b6371ce7173c
3895167,2,106,904,2483,00:09:09.055,Ball Receipt*,904,True,unsupported_event_type,False,False,549.055,71,c4a802c9-c919-4979-97dc-cbe0d548fabd,False,False,False,not_leverkusen_pass_carry,,,82.8,4.4,,,,,,,,,,73.61399999999998,Alejandro Grimaldo García,Bayer Leverkusen,,,linked_360_unsupported_semantics,1.40199999999993,,,,,,,,,C10,533862946a73608c134d18b78226b6371ce7173c
3895167,2,106,904,2484,00:09:09.055,Carry,904,True,validated_core_event_team_scope,True,False,549.055,72,4a72b956-1d25-419e-b0fd-7da9cd9540aa,True,True,True,safe_validated_frame_vector,82.8,4.4,82.8,4.4,80.3,5.1,82.8,4.4,80.3,5.1,-2.5,0.6999999999999993,2.596150997149434,73.61399999999998,Alejandro Grimaldo García,Bayer Leverkusen,,,validated_spatial_anchor,0.0,87.3,7.0,,,negative_0008,2.0,nonpositive_0007,2.0,C10,533862946a73608c134d18b78226b6371ce7173c
3895167,2,106,904,2485,00:09:11.273,Pass,904,False,no_360_frame,False,False,551.273,73,684aad7d-03ec-4412-a427-9c8b9e05fd11,False,True,True,unsupported_or_unlinked_frame,,,80.3,5.1,77.2,15.8,,,,,,,,75.83200000000005,Alejandro Grimaldo García,Bayer Leverkusen,,,no_360_frame,2.2180000000000746,,,,,,,,,C10,533862946a73608c134d18b78226b6371ce7173c
3895167,2,106,904,2486,00:09:12.081,Ball Receipt*,904,True,unsupported_event_type,False,False,552.081,74,a8aad916-a1cf-4c44-987f-2abde4266d7f,False,False,False,not_leverkusen_pass_carry,,,77.2,15.8,,,,,,,,,,76.64000000000004,Granit Xhaka,Bayer Leverkusen,,,linked_360_unsupported_semantics,0.8079999999999927,,,,,,,,,C10,533862946a73608c134d18b78226b6371ce7173c
3895167,2,106,904,2487,00:09:12.081,Carry,904,True,validated_core_event_team_scope,True,False,552.081,75,61804c4f-b141-4cdb-b850-5ba0f9b85075,True,True,True,safe_validated_frame_vector,77.2,15.8,77.2,15.8,77.6,15.4,77.2,15.8,77.6,15.4,0.3999999999999915,-0.4000000000000003,0.5656854249492322,76.64000000000004,Granit Xhaka,Bayer Leverkusen,,,validated_spatial_anchor,0.0,87.3,9.700000000000005,positive_0008,1.0,,,,,C10,533862946a73608c134d18b78226b6371ce7173c
3895167,2,106,904,2488,00:09:12.784,Pass,904,True,validated_core_event_team_scope,True,False,552.784,76,5d5f687c-8b98-4bba-a5e2-0f800c786b32,True,True,True,safe_validated_frame_vector,77.6,15.4,77.6,15.4,107.8,18.1,77.6,15.4,107.8,18.1,30.200000000000003,2.700000000000001,30.32045514170261,77.34300000000002,Granit Xhaka,Bayer Leverkusen,pass.outcome:Incomplete,,validated_spatial_anchor,0.7029999999999745,107.8,0.0,positive_0008,2.0,,,,,C10,533862946a73608c134d18b78226b6371ce7173c
3895167,2,106,904,2489,00:09:15.388,Ball Receipt*,904,True,unsupported_event_type,False,False,555.388,77,8e636257-4836-49b1-8c43-3e0adc3a3e10,False,False,False,not_leverkusen_pass_carry,,,85.6,9.3,,,,,,,,,,79.94700000000006,Alejandro Grimaldo García,Bayer Leverkusen,ball_receipt.outcome:Incomplete,,linked_360_unsupported_semantics,2.604000000000042,,,,,,,,,C10,533862946a73608c134d18b78226b6371ce7173c
3895167,2,106,904,2490,00:09:15.388,Interception,174,True,unsupported_event_type,False,False,555.388,78,c5d76d6c-6d24-4331-82a5-5089a7c394a7,False,False,False,not_leverkusen_pass_carry,,,12.3,62.0,,,,,,,,,,79.94700000000006,Josha Mamadou Karaboue Vagnoman,VfB Stuttgart,type:Interception;interception.outcome:Won,,linked_360_unsupported_semantics,0.0,,,,,,,,,C10,533862946a73608c134d18b78226b6371ce7173c
3895167,2,106,904,2491,00:09:15.388,Carry,174,True,validated_core_event_team_scope,True,False,555.388,79,23d91579-0a24-4b3c-8347-7827f622f700,False,False,False,not_leverkusen_pass_carry,107.7,18.0,12.3,62.0,,,,,,,,,,79.94700000000006,Josha Mamadou Karaboue Vagnoman,VfB Stuttgart,,,validated_spatial_anchor,0.0,,,,,,,,,C10,533862946a73608c134d18b78226b6371ce7173c
3895167,2,106,904,2492,00:09:15.890,Pressure,904,True,validated_core_event_team_scope,True,False,555.89,80,2300b750-0e3c-4dfe-8abf-cb80582335fc,False,False,False,not_leverkusen_pass_carry,111.8,17.6,111.8,17.6,,,,,,,,,,80.44900000000001,Alejandro Grimaldo García,Bayer Leverkusen,counterpress:true,,validated_spatial_anchor,0.5019999999999527,,,,,,,,,C10,533862946a73608c134d18b78226b6371ce7173c
3895167,2,106,904,2493,00:09:16.399,Pass,174,True,validated_core_event_team_scope,True,False,556.399,81,cb24e6b2-0817-4411-bd6f-84e91256429a,False,False,False,not_leverkusen_pass_carry,111.7,22.5,8.3,57.5,,,,,,,,,,80.95800000000003,Josha Mamadou Karaboue Vagnoman,VfB Stuttgart,,,validated_spatial_anchor,0.5090000000000146,,,,,,,,,C10,533862946a73608c134d18b78226b6371ce7173c
3895167,2,106,904,2494,00:09:16.985,Ball Receipt*,174,True,unsupported_event_type,False,False,556.985,82,c1449cd6-9e98-4075-bd17-fe04017dcb84,False,False,False,not_leverkusen_pass_carry,,,10.5,54.9,,,,,,,,,,81.54400000000004,Waldemar Anton,VfB Stuttgart,,,linked_360_unsupported_semantics,0.5860000000000127,,,,,,,,,C10,533862946a73608c134d18b78226b6371ce7173c
3895167,2,106,904,2495,00:09:16.985,Carry,174,True,validated_core_event_team_scope,True,False,556.985,83,b0cca766-a682-4392-8aaf-5802109132ad,False,False,False,not_leverkusen_pass_carry,109.5,25.1,10.5,54.9,,,,,,,,,,81.54400000000004,Waldemar Anton,VfB Stuttgart,,,validated_spatial_anchor,0.0,,,,,,,,,C10,533862946a73608c134d18b78226b6371ce7173c
3895167,2,106,904,2496,00:09:20.174,Pass,174,True,validated_core_event_team_scope,True,False,560.174,84,00f1c511-34fe-445b-8cb6-a489c787c6b5,False,False,False,not_leverkusen_pass_carry,105.0,4.599999999999994,15.0,75.4,,,,,,,,,,84.733,Waldemar Anton,VfB Stuttgart,pass.outcome:Incomplete,,validated_spatial_anchor,3.1889999999999645,,,,,,,,,C10,533862946a73608c134d18b78226b6371ce7173c
3895167,2,106,904,2497,00:09:21.117,Pressure,174,True,validated_core_event_team_scope,True,False,561.117,85,c36096d5-9a6b-4e30-9528-f6e9f8162913,False,False,False,not_leverkusen_pass_carry,85.5,13.099999999999994,34.5,66.9,,,,,,,,,,85.67599999999999,Atakan Karazor,VfB Stuttgart,,,validated_spatial_anchor,0.9429999999999836,,,,,,,,,C10,533862946a73608c134d18b78226b6371ce7173c
3895167,2,106,904,2498,00:09:21.176,Ball Receipt*,174,True,unsupported_event_type,False,False,561.176,86,9c6c62bd-6cd4-41a7-a0a6-e02832eed18a,False,False,False,not_leverkusen_pass_carry,,,33.6,67.0,,,,,,,,,,85.73500000000007,Atakan Karazor,VfB Stuttgart,ball_receipt.outcome:Incomplete,,linked_360_unsupported_semantics,0.0590000000000827,,,,,,,,,C10,533862946a73608c134d18b78226b6371ce7173c
3895167,2,106,904,2499,00:09:21.176,Interception,904,True,unsupported_event_type,False,False,561.176,87,83f2ae56-154c-48df-80f8-a55ddadf9aac,False,False,False,not_leverkusen_pass_carry,,,88.6,11.3,,,,,,,,,,85.73500000000007,Granit Xhaka,Bayer Leverkusen,type:Interception;counterpress:true;interception.outcome:Won,,linked_360_unsupported_semantics,0.0,,,,,,,,,C10,533862946a73608c134d18b78226b6371ce7173c
3895167,2,106,904,2500,00:09:21.176,Carry,904,True,validated_core_event_team_scope,True,False,561.176,88,8740440d-d480-4432-a13e-6427b5f748aa,True,True,True,safe_validated_frame_vector,88.6,11.3,88.6,11.3,98.2,15.8,88.6,11.3,98.2,15.8,9.600000000000009,4.5,10.602358228243382,85.73500000000007,Granit Xhaka,Bayer Leverkusen,,,validated_spatial_anchor,0.0,107.8,9.599999999999994,positive_0008,3.0,,,,,C10,533862946a73608c134d18b78226b6371ce7173c
3895167,2,106,904,2501,00:09:22.778,Pass,904,True,validated_core_event_team_scope,True,False,562.778,89,e1b87578-e341-4de5-9f35-552d8b3c0002,True,True,True,safe_validated_frame_vector,98.2,15.8,98.2,15.8,99.0,29.2,98.2,15.8,99.0,29.2,0.7999999999999972,13.4,13.423859355639866,87.33700000000005,Granit Xhaka,Bayer Leverkusen,,,validated_spatial_anchor,1.6019999999999754,107.8,8.799999999999997,positive_0008,4.0,,,,,C10,533862946a73608c134d18b78226b6371ce7173c
3895167,2,106,904,2502,00:09:24.162,Ball Receipt*,904,True,unsupported_event_type,False,False,564.162,90,5b12b0b7-2e26-4b88-9eaf-4c080e0d8336,False,False,False,not_leverkusen_pass_carry,,,99.0,29.2,,,,,,,,,,88.72100000000006,Florian Wirtz,Bayer Leverkusen,,,linked_360_unsupported_semantics,1.3840000000000146,,,,,,,,,C10,533862946a73608c134d18b78226b6371ce7173c
3895167,2,106,904,2503,00:09:24.162,Carry,904,True,validated_core_event_team_scope,True,False,564.162,91,01811aa4-339e-4004-8e6c-ff7ac7e4d542,True,True,True,safe_validated_frame_vector,99.0,29.2,99.0,29.2,99.0,29.2,99.0,29.2,99.0,29.2,0.0,0.0,0.0,88.72100000000006,Florian Wirtz,Bayer Leverkusen,,,validated_spatial_anchor,0.0,107.8,8.799999999999997,,,,,,,C10,533862946a73608c134d18b78226b6371ce7173c
3895167,2,106,904,2504,00:09:24.202,Pass,904,True,validated_core_event_team_scope,True,False,564.202,92,d30007e7-ee6b-4464-9eb6-fa5ba7c835cb,True,True,True,safe_validated_frame_vector,99.0,29.2,99.0,29.2,113.4,29.0,99.0,29.2,113.4,29.0,14.400000000000006,-0.1999999999999993,14.401388821915758,88.76100000000002,Florian Wirtz,Bayer Leverkusen,,,validated_spatial_anchor,0.0399999999999636,113.4,0.0,positive_0009,1.0,,,,,C10,533862946a73608c134d18b78226b6371ce7173c
3895167,2,106,904,2505,00:09:25.030,Pressure,174,True,validated_core_event_team_scope,True,False,565.03,93,0629bce4-4a2a-4bbd-a1a4-b1f02248aaa5,False,False,False,not_leverkusen_pass_carry,108.9,29.6,11.1,50.4,,,,,,,,,,89.589,Dan-Axel Zagadou,VfB Stuttgart,,,validated_spatial_anchor,0.8279999999999745,,,,,,,,,C10,533862946a73608c134d18b78226b6371ce7173c
3895167,2,106,904,2506,00:09:25.585,Ball Receipt*,904,True,unsupported_event_type,False,False,565.585,94,393c2f53-2f1a-4cf6-9e50-26fd9669ee48,False,False,False,not_leverkusen_pass_carry,,,113.4,29.0,,,,,,,,,,90.14400000000006,Alejandro Grimaldo García,Bayer Leverkusen,,,linked_360_unsupported_semantics,0.5550000000000637,,,,,,,,,C10,533862946a73608c134d18b78226b6371ce7173c
3895167,2,106,904,2507,00:09:25.629,Shot,904,True,validated_core_event_team_scope,True,True,565.629,95,a861f4a3-b93a-43aa-93e2-54de347bd750,False,False,False,not_leverkusen_pass_carry,113.4,29.0,113.4,29.0,,,,,,,,,,90.18800000000005,Alejandro Grimaldo García,Bayer Leverkusen,type:Shot,,validated_spatial_anchor,0.0439999999999827,,,,,,,,,C10,533862946a73608c134d18b78226b6371ce7173c
3895167,2,106,904,2508,00:09:26.420,Goal Keeper,174,True,unsupported_event_type,False,False,566.42,96,c28a9cd1-f6dc-4b09-947e-4143bb5104e8,False,False,False,not_leverkusen_pass_carry,,,1.7,43.7,,,,,,,,,,90.97899999999998,Alexander Nübel,VfB Stuttgart,,,linked_360_unsupported_semantics,0.79099999999994,,,,,,,,,C10,533862946a73608c134d18b78226b6371ce7173c
3895167,2,106,904,2509,00:09:29.019,Pass,174,True,validated_core_event_team_scope,True,False,569.019,97,3b3d673b-fa43-44b5-98d1-bc7d3cdbdae9,False,False,False,not_leverkusen_pass_carry,118.2,37.1,1.8,42.9,,,,,,,,,,93.57800000000005,Alexander Nübel,VfB Stuttgart,,,validated_spatial_anchor,2.5990000000000464,,,,,,,,,C10,533862946a73608c134d18b78226b6371ce7173c
3895167,2,106,904,2510,00:09:30.838,Ball Receipt*,174,True,unsupported_event_type,False,False,570.838,98,c689a7ab-0ce8-4f9d-9e45-57da760eab98,False,False,False,not_leverkusen_pass_carry,,,23.0,21.2,,,,,,,,,,95.397,Chris Führich,VfB Stuttgart,,,linked_360_unsupported_semantics,1.81899999999996,,,,,,,,,C10,533862946a73608c134d18b78226b6371ce7173c
3895167,2,106,904,2511,00:09:30.838,Carry,174,True,validated_core_event_team_scope,True,False,570.838,99,d1580b5a-55e0-474a-aded-a7b99e947194,False,False,False,not_leverkusen_pass_carry,97.0,58.8,23.0,21.2,,,,,,,,,,95.397,Chris Führich,VfB Stuttgart,,,validated_spatial_anchor,0.0,,,,,,,,,C10,533862946a73608c134d18b78226b6371ce7173c
3895167,2,106,904,2512,00:09:38.003,Pressure,904,True,validated_core_event_team_scope,True,False,578.003,100,ed598702-068c-46f5-9197-b81b9efcbc3d,False,False,False,not_leverkusen_pass_carry,35.7,71.3,35.7,71.3,,,,,,,,,,102.56200000000008,Exequiel Alejandro Palacios,Bayer Leverkusen,,,validated_spatial_anchor,7.165000000000077,,,,,,,,,C10,533862946a73608c134d18b78226b6371ce7173c
3895167,2,106,904,2513,00:09:38.360,Dribble,174,True,unsupported_event_type,False,False,578.36,101,f61cd300-0435-4788-acd3-d275c65006b7,False,False,False,not_leverkusen_pass_carry,,,87.0,7.4,,,,,,,,,,102.91900000000004,Chris Führich,VfB Stuttgart,,,linked_360_unsupported_semantics,0.3569999999999709,,,,,,,,,C10,533862946a73608c134d18b78226b6371ce7173c
3895167,2,106,904,2514,00:09:38.360,Duel,904,True,unsupported_event_type,False,False,578.36,102,e0ce9e3d-d2d1-4239-a9b1-7fefc1693c2b,False,False,False,not_leverkusen_pass_carry,,,33.1,72.7,,,,,,,,,,102.91900000000004,Exequiel Alejandro Palacios,Bayer Leverkusen,type:Duel;duel.outcome:Lost In Play,,linked_360_unsupported_semantics,0.0,,,,,,,,,C10,533862946a73608c134d18b78226b6371ce7173c
3895167,2,106,904,2515,00:09:39.895,Pass,174,True,validated_core_event_team_scope,True,False,579.895,103,a39e3631-d820-4a0a-9cd2-050b8d6ce146,False,False,False,not_leverkusen_pass_carry,34.2,71.5,85.8,8.5,,,,,,,,,,104.454,Chris Führich,VfB Stuttgart,pass.outcome:Incomplete;pass.type:Recovery,,validated_spatial_anchor,1.5349999999999682,,,,,,,,,C10,533862946a73608c134d18b78226b6371ce7173c
3895167,2,106,904,2516,00:09:41.900,Ball Receipt*,174,True,unsupported_event_type,False,False,581.9,104,fdaf29e6-b1b8-4c1d-82b9-78cf0b53e356,False,False,False,not_leverkusen_pass_carry,,,101.7,40.2,,,,,,,,,,106.459,Deniz Undav,VfB Stuttgart,ball_receipt.outcome:Incomplete,,linked_360_unsupported_semantics,2.0049999999999955,,,,,,,,,C10,533862946a73608c134d18b78226b6371ce7173c
3895167,2,106,904,2517,00:09:41.900,Pass,904,True,validated_core_event_team_scope,True,False,581.9,105,c82d2e92-2b4a-471a-afaf-43d8fbdd5c34,True,True,True,safe_validated_frame_vector,17.7,38.9,17.7,38.9,50.0,50.7,17.7,38.9,50.0,50.7,32.3,11.800000000000004,34.38793393037738,106.459,Edmond Fayçal Tapsoba,Bayer Leverkusen,pass.type:Recovery,,validated_spatial_anchor,0.0,113.4,63.400000000000006,positive_0009,2.0,,,,,C10,533862946a73608c134d18b78226b6371ce7173c
3895167,2,106,904,2518,00:09:44.408,Ball Receipt*,904,True,unsupported_event_type,False,False,584.408,106,094795dc-292a-4873-9f5d-e95931ceeca1,False,False,False,not_leverkusen_pass_carry,,,50.0,50.7,,,,,,,,,,108.96700000000004,Amine Adli,Bayer Leverkusen,,,linked_360_unsupported_semantics,2.508000000000038,,,,,,,,,C10,533862946a73608c134d18b78226b6371ce7173c
3895167,2,106,904,2519,00:09:44.408,Pass,904,True,validated_core_event_team_scope,True,False,584.408,107,f8dca39e-3eac-430a-acdf-8cd471c07624,True,True,True,safe_validated_frame_vector,50.0,50.7,50.0,50.7,42.0,53.4,50.0,50.7,42.0,53.4,-8.0,2.699999999999996,8.443340571124676,108.96700000000004,Amine Adli,Bayer Leverkusen,,,validated_spatial_anchor,0.0,113.4,71.4,,,negative_0009,1.0,nonpositive_0008,1.0,C10,533862946a73608c134d18b78226b6371ce7173c
3895167,2,106,904,2520,00:09:45.300,Ball Receipt*,904,False,no_360_frame,False,False,585.3,108,0bc726b9-02c1-4388-8ba0-b50a6318209c,False,False,False,not_leverkusen_pass_carry,,,42.0,53.4,,,,,,,,,,109.85899999999998,Florian Wirtz,Bayer Leverkusen,,,no_360_frame,0.8919999999999391,,,,,,,,,C10,533862946a73608c134d18b78226b6371ce7173c
3895167,2,106,904,2521,00:09:45.300,Carry,904,False,no_360_frame,False,False,585.3,109,97f09ad9-32da-4c16-9c44-9061c742736c,False,True,True,unsupported_or_unlinked_frame,,,42.0,53.4,45.1,54.6,,,,,,,,109.85899999999998,Florian Wirtz,Bayer Leverkusen,,,no_360_frame,0.0,,,,,,,,,C10,533862946a73608c134d18b78226b6371ce7173c
3895167,2,106,904,2522,00:09:45.999,Pass,904,True,validated_core_event_team_scope,True,False,585.999,110,eee513e4-d5b8-4b4a-b657-b28d4676bdc8,True,True,True,safe_validated_frame_vector,45.1,54.6,45.1,54.6,64.1,77.6,45.1,54.6,64.1,77.6,18.999999999999996,22.999999999999996,29.832867780352583,110.55800000000004,Florian Wirtz,Bayer Leverkusen,,,validated_spatial_anchor,0.6990000000000691,113.4,49.30000000000001,positive_0010,1.0,,,,,C10,533862946a73608c134d18b78226b6371ce7173c
3895167,2,106,904,2523,00:09:48.194,Ball Receipt*,904,True,unsupported_event_type,False,False,588.194,111,543cb128-2dae-4a11-954c-8c849611360f,False,False,False,not_leverkusen_pass_carry,,,64.1,77.6,,,,,,,,,,112.753,Jeremie Frimpong,Bayer Leverkusen,,,linked_360_unsupported_semantics,2.1949999999999363,,,,,,,,,C10,533862946a73608c134d18b78226b6371ce7173c
3895167,2,106,904,2524,00:09:48.194,Carry,904,True,validated_core_event_team_scope,True,False,588.194,112,4beb374b-1c5d-43ca-9ab5-08ef9c662a5f,True,True,True,safe_validated_frame_vector,64.1,77.6,64.1,77.6,82.9,64.0,64.1,77.6,82.9,64.0,18.80000000000001,-13.599999999999994,23.20344801963709,112.753,Jeremie Frimpong,Bayer Leverkusen,,,validated_spatial_anchor,0.0,113.4,30.5,positive_0010,2.0,,,,,C10,533862946a73608c134d18b78226b6371ce7173c
3895167,2,106,904,2525,00:09:53.685,Pass,904,True,validated_core_event_team_scope,True,False,593.685,113,76492a6d-4350-4252-91b5-2b4dad141d18,True,True,True,safe_validated_frame_vector,82.9,64.0,82.9,64.0,86.1,76.9,82.9,64.0,86.1,76.9,3.1999999999999886,12.900000000000006,13.290974381135497,118.24399999999996,Jeremie Frimpong,Bayer Leverkusen,,,validated_spatial_anchor,5.4909999999999854,113.4,27.30000000000001,positive_0010,3.0,,,,,C10,533862946a73608c134d18b78226b6371ce7173c
3895167,2,106,904,2526,00:09:55.103,Ball Receipt*,904,True,unsupported_event_type,False,False,595.103,114,57e52209-2c6e-4fa5-8024-69bc872cf2b0,False,False,False,not_leverkusen_pass_carry,,,86.1,76.9,,,,,,,,,,119.66199999999998,Amine Adli,Bayer Leverkusen,,,linked_360_unsupported_semantics,1.4180000000000064,,,,,,,,,C10,533862946a73608c134d18b78226b6371ce7173c
3895167,2,106,904,2527,00:09:55.103,Carry,904,True,validated_core_event_team_scope,True,False,595.103,115,a42226fc-9ff5-434b-bc65-9e965a9a000a,True,True,True,safe_validated_frame_vector,86.1,76.9,86.1,76.9,83.3,75.6,86.1,76.9,83.3,75.6,-2.799999999999997,-1.3000000000000114,3.0870698080866283,119.66199999999998,Amine Adli,Bayer Leverkusen,,,validated_spatial_anchor,0.0,113.4,30.10000000000001,,,negative_0010,1.0,nonpositive_0009,1.0,C10,533862946a73608c134d18b78226b6371ce7173c
3895167,2,106,904,2528,00:09:56.225,Pass,904,True,validated_core_event_team_scope,True,False,596.225,116,cffe4e71-d6d9-4a08-a324-287a03507551,True,True,True,safe_validated_frame_vector,83.3,75.6,83.3,75.6,67.8,63.2,83.3,75.6,67.8,63.2,-15.5,-12.399999999999991,19.849685136041824,120.78400000000003,Amine Adli,Bayer Leverkusen,,,validated_spatial_anchor,1.122000000000071,113.4,45.60000000000001,,,negative_0010,2.0,nonpositive_0009,2.0,C10,533862946a73608c134d18b78226b6371ce7173c
3895167,2,106,904,2529,00:09:57.577,Ball Receipt*,904,True,unsupported_event_type,False,False,597.577,117,20ec6552-3c6f-419c-bc43-fbd5b9f12b6e,False,False,False,not_leverkusen_pass_carry,,,67.8,63.2,,,,,,,,,,122.13600000000002,Exequiel Alejandro Palacios,Bayer Leverkusen,,,linked_360_unsupported_semantics,1.3519999999999754,,,,,,,,,C10,533862946a73608c134d18b78226b6371ce7173c
3895167,2,106,904,2530,00:09:57.577,Carry,904,True,validated_core_event_team_scope,True,False,597.577,118,ae049ac7-5353-4816-b359-77063517dd9c,True,True,True,safe_validated_frame_vector,67.8,63.2,67.8,63.2,67.8,63.2,67.8,63.2,67.8,63.2,0.0,0.0,0.0,122.13600000000002,Exequiel Alejandro Palacios,Bayer Leverkusen,,,validated_spatial_anchor,0.0,113.4,45.60000000000001,,,,,nonpositive_0009,3.0,C10,533862946a73608c134d18b78226b6371ce7173c
3895167,2,106,904,2531,00:09:58.033,Pass,904,True,validated_core_event_team_scope,True,False,598.033,119,3bf73022-bf64-4d0b-a439-e981974e6586,True,True,True,safe_validated_frame_vector,67.8,63.2,67.8,63.2,75.7,58.7,67.8,63.2,75.7,58.7,7.900000000000006,-4.5,9.09175450614457,122.59200000000004,Exequiel Alejandro Palacios,Bayer Leverkusen,,,validated_spatial_anchor,0.4560000000000173,113.4,37.7,positive_0011,1.0,,,,,C10,533862946a73608c134d18b78226b6371ce7173c
3895167,2,106,904,2532,00:09:58.911,Ball Receipt*,904,True,unsupported_event_type,False,False,598.911,120,a7daaec0-8456-4979-ab1b-6c29a5ed3fa1,False,False,False,not_leverkusen_pass_carry,,,75.7,58.7,,,,,,,,,,123.46999999999996,Florian Wirtz,Bayer Leverkusen,,,linked_360_unsupported_semantics,0.8779999999999291,,,,,,,,,C10,533862946a73608c134d18b78226b6371ce7173c
3895167,2,106,904,2533,00:09:58.911,Carry,904,True,validated_core_event_team_scope,True,False,598.911,121,ccd8f465-406e-4b35-926b-3cc96723b9f0,True,True,True,safe_validated_frame_vector,75.7,58.7,75.7,58.7,75.7,58.7,75.7,58.7,75.7,58.7,0.0,0.0,0.0,123.46999999999996,Florian Wirtz,Bayer Leverkusen,,,validated_spatial_anchor,0.0,113.4,37.7,,,,,nonpositive_0010,1.0,C10,533862946a73608c134d18b78226b6371ce7173c
3895167,2,106,904,2534,00:09:58.954,Pass,904,True,validated_core_event_team_scope,True,False,598.954,122,3dcaf8b1-5cbc-4144-b61d-bcc8f66a31bc,True,True,True,safe_validated_frame_vector,75.7,58.7,75.7,58.7,68.1,61.8,75.7,58.7,68.1,61.8,-7.600000000000008,3.0999999999999943,8.207923001588165,123.51299999999998,Florian Wirtz,Bayer Leverkusen,,,validated_spatial_anchor,0.0430000000000063,113.4,45.30000000000001,,,negative_0011,1.0,nonpositive_0010,2.0,C10,533862946a73608c134d18b78226b6371ce7173c
3895167,2,106,904,2535,00:09:59.617,Ball Receipt*,904,True,unsupported_event_type,False,False,599.617,123,8f840539-b945-4dea-bb4f-41a254693bee,False,False,False,not_leverkusen_pass_carry,,,68.1,61.8,,,,,,,,,,124.176,Exequiel Alejandro Palacios,Bayer Leverkusen,,,linked_360_unsupported_semantics,0.6630000000000109,,,,,,,,,C10,533862946a73608c134d18b78226b6371ce7173c
3895167,2,106,904,2536,00:09:59.617,Carry,904,True,validated_core_event_team_scope,True,False,599.617,124,f2f786c9-1885-4872-a65f-c392d0a98a09,True,True,True,safe_validated_frame_vector,68.1,61.8,68.1,61.8,68.1,61.8,68.1,61.8,68.1,61.8,0.0,0.0,0.0,124.176,Exequiel Alejandro Palacios,Bayer Leverkusen,,,validated_spatial_anchor,0.0,113.4,45.30000000000001,,,,,nonpositive_0010,3.0,C10,533862946a73608c134d18b78226b6371ce7173c
3895167,2,106,904,2537,00:10:00.763,Pass,904,True,validated_core_event_team_scope,True,False,600.763,125,edfc0f1e-c369-460d-8b08-36f19426171c,True,True,True,safe_validated_frame_vector,68.1,61.8,68.1,61.8,70.3,50.7,68.1,61.8,70.3,50.7,2.200000000000003,-11.099999999999994,11.315917991926236,125.32200000000006,Exequiel Alejandro Palacios,Bayer Leverkusen,,,validated_spatial_anchor,1.146000000000072,113.4,43.10000000000001,positive_0012,1.0,,,,,C10,533862946a73608c134d18b78226b6371ce7173c
3895167,2,106,904,2538,00:10:01.692,Ball Receipt*,904,True,unsupported_event_type,False,False,601.692,126,6b80b643-3d6c-4e8d-909b-238119c4b6fe,False,False,False,not_leverkusen_pass_carry,,,70.3,50.7,,,,,,,,,,126.25100000000003,Granit Xhaka,Bayer Leverkusen,,,linked_360_unsupported_semantics,0.9289999999999736,,,,,,,,,C10,533862946a73608c134d18b78226b6371ce7173c
3895167,2,106,904,2539,00:10:01.692,Carry,904,True,validated_core_event_team_scope,True,False,601.692,127,9e855e7a-aabc-4aa9-be03-7b53796f4ac7,True,True,True,safe_validated_frame_vector,70.3,50.7,70.3,50.7,70.0,50.9,70.3,50.7,70.0,50.9,-0.2999999999999971,0.1999999999999957,0.3605551275463942,126.25100000000003,Granit Xhaka,Bayer Leverkusen,,,validated_spatial_anchor,0.0,113.4,43.400000000000006,,,negative_0012,1.0,nonpositive_0011,1.0,C10,533862946a73608c134d18b78226b6371ce7173c
3895167,2,106,904,2540,00:10:02.110,Pass,904,True,validated_core_event_team_scope,True,False,602.11,128,379c2fdf-b702-4ac4-8f75-2d166a7b5a81,True,True,True,safe_validated_frame_vector,70.0,50.9,70.0,50.9,70.3,63.6,70.0,50.9,70.3,63.6,0.2999999999999971,12.700000000000005,12.70354281293215,126.66900000000004,Granit Xhaka,Bayer Leverkusen,,,validated_spatial_anchor,0.4180000000000063,113.4,43.10000000000001,positive_0013,1.0,,,,,C10,533862946a73608c134d18b78226b6371ce7173c
3895167,2,106,904,2541,00:10:02.634,Ball Receipt*,904,True,unsupported_event_type,False,False,602.634,129,5203e449-bde8-4a22-aeba-08ab42f01e70,False,False,False,not_leverkusen_pass_carry,,,70.3,63.6,,,,,,,,,,127.19300000000004,Exequiel Alejandro Palacios,Bayer Leverkusen,,,linked_360_unsupported_semantics,0.5240000000000009,,,,,,,,,C10,533862946a73608c134d18b78226b6371ce7173c
3895167,2,106,904,2542,00:10:02.634,Carry,904,True,validated_core_event_team_scope,True,False,602.634,130,adfaed3b-6146-4808-b4a9-14554d239a4f,True,True,True,safe_validated_frame_vector,70.3,63.6,70.3,63.6,70.3,63.6,70.3,63.6,70.3,63.6,0.0,0.0,0.0,127.19300000000004,Exequiel Alejandro Palacios,Bayer Leverkusen,,,validated_spatial_anchor,0.0,113.4,43.10000000000001,,,,,nonpositive_0012,1.0,C10,533862946a73608c134d18b78226b6371ce7173c
3895167,2,106,904,2543,00:10:03.810,Pass,904,True,validated_core_event_team_scope,True,False,603.81,131,6d885447-3adb-4438-ba92-580d2bd28239,True,True,True,safe_validated_frame_vector,70.3,63.6,70.3,63.6,70.0,55.1,70.3,63.6,70.0,55.1,-0.2999999999999971,-8.5,8.505292469985967,128.36899999999997,Exequiel Alejandro Palacios,Bayer Leverkusen,,,validated_spatial_anchor,1.1759999999999309,113.4,43.400000000000006,,,negative_0013,1.0,nonpositive_0012,2.0,C10,533862946a73608c134d18b78226b6371ce7173c
3895167,2,106,904,2544,00:10:04.725,Ball Receipt*,904,True,unsupported_event_type,False,False,604.725,132,8aca5c88-bcd9-4883-8be4-8663277e9719,False,False,False,not_leverkusen_pass_carry,,,70.0,55.1,,,,,,,,,,129.28400000000005,Granit Xhaka,Bayer Leverkusen,,,linked_360_unsupported_semantics,0.9150000000000772,,,,,,,,,C10,533862946a73608c134d18b78226b6371ce7173c
3895167,2,106,904,2545,00:10:04.725,Carry,904,True,validated_core_event_team_scope,True,False,604.725,133,757d4a69-0c51-4743-a564-3d56220fc935,True,True,True,safe_validated_frame_vector,70.0,55.1,70.0,55.1,70.9,56.2,70.0,55.1,70.9,56.2,0.9000000000000057,1.1000000000000014,1.421267040355194,129.28400000000005,Granit Xhaka,Bayer Leverkusen,,,validated_spatial_anchor,0.0,113.4,42.5,positive_0014,1.0,,,,,C10,533862946a73608c134d18b78226b6371ce7173c
3895167,2,106,904,2546,00:10:06.173,Pass,904,True,validated_core_event_team_scope,True,False,606.173,134,470a035b-a86b-41e4-92a3-9c3d6bb80de1,True,True,True,safe_validated_frame_vector,70.9,56.2,70.9,56.2,72.7,67.1,70.9,56.2,72.7,67.1,1.7999999999999972,10.899999999999991,11.047624178980737,130.73200000000003,Granit Xhaka,Bayer Leverkusen,,,validated_spatial_anchor,1.447999999999979,113.4,40.7,positive_0014,2.0,,,,,C10,533862946a73608c134d18b78226b6371ce7173c
3895167,2,106,904,2547,00:10:07.243,Ball Receipt*,904,True,unsupported_event_type,False,False,607.243,135,533a1593-e62a-41bc-b15c-863d90b9e1ed,False,False,False,not_leverkusen_pass_carry,,,72.7,67.1,,,,,,,,,,131.80200000000008,Exequiel Alejandro Palacios,Bayer Leverkusen,,,linked_360_unsupported_semantics,1.07000000000005,,,,,,,,,C10,533862946a73608c134d18b78226b6371ce7173c
3895167,2,106,904,2548,00:10:07.243,Carry,904,True,validated_core_event_team_scope,True,False,607.243,136,1adaf6b0-832f-4b6d-9195-0e4fe5c0aa06,True,True,True,safe_validated_frame_vector,72.7,67.1,72.7,67.1,73.5,69.4,72.7,67.1,73.5,69.4,0.7999999999999972,2.300000000000012,2.4351591323771937,131.80200000000008,Exequiel Alejandro Palacios,Bayer Leverkusen,,,validated_spatial_anchor,0.0,113.4,39.900000000000006,positive_0014,3.0,,,,,C10,533862946a73608c134d18b78226b6371ce7173c
3895167,2,106,904,2549,00:10:08.392,Pass,904,True,validated_core_event_team_scope,True,False,608.392,137,c93a4597-05c2-4b68-9add-4741fb1e45e9,True,True,True,safe_validated_frame_vector,73.5,69.4,73.5,69.4,79.8,79.0,73.5,69.4,79.8,79.0,6.299999999999997,9.599999999999994,11.482595525402775,132.95100000000008,Exequiel Alejandro Palacios,Bayer Leverkusen,,,validated_spatial_anchor,1.149000000000001,113.4,33.60000000000001,positive_0014,4.0,,,,,C10,533862946a73608c134d18b78226b6371ce7173c
3895167,2,106,904,2550,00:10:09.458,Ball Receipt*,904,False,no_360_frame,False,False,609.458,138,68f954bc-3eec-480b-a4df-27fe65a5a78d,False,False,False,not_leverkusen_pass_carry,,,79.8,79.0,,,,,,,,,,134.017,Amine Adli,Bayer Leverkusen,,,no_360_frame,1.0659999999999172,,,,,,,,,C10,533862946a73608c134d18b78226b6371ce7173c
3895167,2,106,904,2551,00:10:09.458,Carry,904,False,no_360_frame,False,False,609.458,139,44d01844-824e-41b6-bb2e-d9af97280f7c,False,True,True,unsupported_or_unlinked_frame,,,79.8,79.0,76.5,77.9,,,,,,,,134.017,Amine Adli,Bayer Leverkusen,,,no_360_frame,0.0,,,,,,,,,C10,533862946a73608c134d18b78226b6371ce7173c
3895167,2,106,904,2552,00:10:10.749,Pass,904,False,no_360_frame,False,False,610.749,140,4031c5f2-bc04-44f3-b74e-ad1e8c593b1c,False,True,True,unsupported_or_unlinked_frame,,,76.5,77.9,56.7,67.1,,,,,,,,135.30800000000005,Amine Adli,Bayer Leverkusen,,,no_360_frame,1.2910000000000537,,,,,,,,,C10,533862946a73608c134d18b78226b6371ce7173c
3895167,2,106,904,2553,00:10:12.484,Ball Receipt*,904,True,unsupported_event_type,False,False,612.484,141,3eb78eb9-62e6-4a9d-8b5d-e69c97748a16,False,False,False,not_leverkusen_pass_carry,,,56.7,67.1,,,,,,,,,,137.04300000000006,Odilon Kossonou,Bayer Leverkusen,,,linked_360_unsupported_semantics,1.7350000000000136,,,,,,,,,C10,533862946a73608c134d18b78226b6371ce7173c
3895167,2,106,904,2554,00:10:12.484,Carry,904,True,validated_core_event_team_scope,True,False,612.484,142,7d643266-91b9-472a-917a-42d187a69354,True,True,True,safe_validated_frame_vector,56.7,67.1,56.7,67.1,63.7,65.3,56.7,67.1,63.7,65.3,7.0,-1.7999999999999972,7.22772439983706,137.04300000000006,Odilon Kossonou,Bayer Leverkusen,,,validated_spatial_anchor,0.0,113.4,49.7,positive_0014,5.0,,,,,C10,533862946a73608c134d18b78226b6371ce7173c
3895167,2,106,904,2555,00:10:18.221,Pass,904,True,validated_core_event_team_scope,True,False,618.221,143,5b0aec67-aded-4706-8e93-d0419d73185e,True,True,True,safe_validated_frame_vector,63.7,65.3,63.7,65.3,64.7,76.1,63.7,65.3,64.7,76.1,1.0,10.799999999999995,10.846197490364997,142.78000000000003,Odilon Kossonou,Bayer Leverkusen,,,validated_spatial_anchor,5.736999999999966,113.4,48.7,positive_0014,6.0,,,,,C10,533862946a73608c134d18b78226b6371ce7173c
3895167,2,106,904,2556,00:10:18.967,Ball Receipt*,904,True,unsupported_event_type,False,False,618.967,144,51914112-59c6-4081-89fc-0d205ae914c6,False,False,False,not_leverkusen_pass_carry,,,64.7,76.1,,,,,,,,,,143.526,Exequiel Alejandro Palacios,Bayer Leverkusen,,,linked_360_unsupported_semantics,0.7459999999999809,,,,,,,,,C10,533862946a73608c134d18b78226b6371ce7173c
3895167,2,106,904,2557,00:10:18.967,Carry,904,True,validated_core_event_team_scope,True,False,618.967,145,6b3ae377-78fa-48f3-9d08-a26f2119468c,True,True,True,safe_validated_frame_vector,64.7,76.1,64.7,76.1,64.7,75.6,64.7,76.1,64.7,75.6,0.0,-0.5,0.5,143.526,Exequiel Alejandro Palacios,Bayer Leverkusen,,,validated_spatial_anchor,0.0,113.4,48.7,,,,,,,C10,533862946a73608c134d18b78226b6371ce7173c
3895167,2,106,904,2558,00:10:18.979,Pass,904,True,validated_core_event_team_scope,True,False,618.979,146,35e4b8a6-b919-4195-9628-d09716a8852e,True,True,True,safe_validated_frame_vector,64.7,75.6,64.7,75.6,66.5,67.8,64.7,75.6,66.5,67.8,1.7999999999999972,-7.799999999999997,8.004998438475797,143.53800000000007,Exequiel Alejandro Palacios,Bayer Leverkusen,,,validated_spatial_anchor,0.0120000000000572,113.4,46.900000000000006,positive_0015,1.0,,,,,C10,533862946a73608c134d18b78226b6371ce7173c
3895167,2,106,904,2559,00:10:19.757,Ball Receipt*,904,True,unsupported_event_type,False,False,619.757,147,bcba6014-fd0a-42c0-bfb0-b7897bd6ed35,False,False,False,not_leverkusen_pass_carry,,,66.5,67.8,,,,,,,,,,144.31599999999997,Odilon Kossonou,Bayer Leverkusen,,,linked_360_unsupported_semantics,0.7779999999999063,,,,,,,,,C10,533862946a73608c134d18b78226b6371ce7173c
3895167,2,106,904,2560,00:10:19.757,Carry,904,True,validated_core_event_team_scope,True,False,619.757,148,88244c7b-bd88-4857-a84f-e50edf4ad6e5,True,True,True,safe_validated_frame_vector,66.5,67.8,66.5,67.8,66.5,67.8,66.5,67.8,66.5,67.8,0.0,0.0,0.0,144.31599999999997,Odilon Kossonou,Bayer Leverkusen,,,validated_spatial_anchor,0.0,113.4,46.900000000000006,,,,,nonpositive_0013,1.0,C10,533862946a73608c134d18b78226b6371ce7173c
3895167,2,106,904,2561,00:10:19.798,Pass,904,True,validated_core_event_team_scope,True,False,619.798,149,2ab5d6e5-051e-45c2-aeb1-efa966be6fd2,True,True,True,safe_validated_frame_vector,66.5,67.8,66.5,67.8,62.0,74.2,66.5,67.8,62.0,74.2,-4.5,6.400000000000006,7.823681997627465,144.35700000000003,Odilon Kossonou,Bayer Leverkusen,,,validated_spatial_anchor,0.0410000000000536,113.4,51.400000000000006,,,negative_0014,1.0,nonpositive_0013,2.0,C10,533862946a73608c134d18b78226b6371ce7173c
3895167,2,106,904,2562,00:10:20.607,Ball Receipt*,904,True,unsupported_event_type,False,False,620.607,150,ed388b20-f0bc-4167-a8e6-96c927aa96cc,False,False,False,not_leverkusen_pass_carry,,,62.0,74.2,,,,,,,,,,145.166,Exequiel Alejandro Palacios,Bayer Leverkusen,,,linked_360_unsupported_semantics,0.8089999999999691,,,,,,,,,C10,533862946a73608c134d18b78226b6371ce7173c
3895167,2,106,904,2563,00:10:20.607,Carry,904,True,validated_core_event_team_scope,True,False,620.607,151,b1a845b4-3c2b-47c2-8de9-1c0d6f56a9fb,True,True,True,safe_validated_frame_vector,62.0,74.2,62.0,74.2,56.3,71.1,62.0,74.2,56.3,71.1,-5.700000000000003,-3.1000000000000085,6.48845127900334,145.166,Exequiel Alejandro Palacios,Bayer Leverkusen,,,validated_spatial_anchor,0.0,113.4,57.10000000000001,,,negative_0014,2.0,nonpositive_0013,3.0,C10,533862946a73608c134d18b78226b6371ce7173c
3895167,2,106,904,2564,00:10:21.646,Pass,904,True,validated_core_event_team_scope,True,False,621.646,152,19f384c8-8bb3-48c9-98c1-e935941b4ab7,True,True,True,safe_validated_frame_vector,56.3,71.1,56.3,71.1,64.3,60.4,56.3,71.1,64.3,60.4,8.0,-10.699999999999996,13.36001497005149,146.20499999999998,Exequiel Alejandro Palacios,Bayer Leverkusen,,,validated_spatial_anchor,1.0389999999999873,113.4,49.10000000000001,positive_0016,1.0,,,,,C10,533862946a73608c134d18b78226b6371ce7173c
3895167,2,106,904,2565,00:10:22.950,Ball Receipt*,904,True,unsupported_event_type,False,False,622.95,153,25a03b5b-a5a4-4fa9-879c-15eb00a4b408,False,False,False,not_leverkusen_pass_carry,,,64.3,60.4,,,,,,,,,,147.50900000000007,Granit Xhaka,Bayer Leverkusen,,,linked_360_unsupported_semantics,1.304000000000087,,,,,,,,,C10,533862946a73608c134d18b78226b6371ce7173c
3895167,2,106,904,2566,00:10:22.950,Carry,904,True,validated_core_event_team_scope,True,False,622.95,154,15f3a403-b43e-44d2-88aa-de6eb632168f,True,True,True,safe_validated_frame_vector,64.3,60.4,64.3,60.4,65.4,58.0,64.3,60.4,65.4,58.0,1.1000000000000083,-2.3999999999999986,2.6400757564888195,147.50900000000007,Granit Xhaka,Bayer Leverkusen,,,validated_spatial_anchor,0.0,113.4,48.0,positive_0016,2.0,,,,,C10,533862946a73608c134d18b78226b6371ce7173c
3895167,2,106,904,2567,00:10:25.689,Pass,904,True,validated_core_event_team_scope,True,False,625.689,155,4bd3434a-e0bb-4a6b-9d8b-12cb4c77405a,True,True,True,safe_validated_frame_vector,65.4,58.0,65.4,58.0,67.0,74.2,65.4,58.0,67.0,74.2,1.5999999999999943,16.200000000000003,16.27882059609971,150.248,Granit Xhaka,Bayer Leverkusen,,,validated_spatial_anchor,2.738999999999919,113.4,46.400000000000006,positive_0016,3.0,,,,,C10,533862946a73608c134d18b78226b6371ce7173c
3895167,2,106,904,2568,00:10:26.580,Ball Receipt*,904,True,unsupported_event_type,False,False,626.58,156,013397a5-ba7b-47ca-a4f0-8e3822d9f5cb,False,False,False,not_leverkusen_pass_carry,,,67.0,74.2,,,,,,,,,,151.13900000000007,Odilon Kossonou,Bayer Leverkusen,,,linked_360_unsupported_semantics,0.8910000000000764,,,,,,,,,C10,533862946a73608c134d18b78226b6371ce7173c
3895167,2,106,904,2569,00:10:26.580,Carry,904,True,validated_core_event_team_scope,True,False,626.58,157,506b3133-582d-4a78-a7ec-8315296cd2c7,True,True,True,safe_validated_frame_vector,67.0,74.2,67.0,74.2,66.5,74.2,67.0,74.2,66.5,74.2,-0.5,0.0,0.5,151.13900000000007,Odilon Kossonou,Bayer Leverkusen,,,validated_spatial_anchor,0.0,113.4,46.900000000000006,,,negative_0015,1.0,nonpositive_0014,1.0,C10,533862946a73608c134d18b78226b6371ce7173c
3895167,2,106,904,2570,00:10:26.795,Pass,904,True,validated_core_event_team_scope,True,False,626.795,158,753a2587-7da8-4772-9c21-9a6b5fe72513,True,True,True,safe_validated_frame_vector,66.5,74.2,66.5,74.2,79.4,77.7,66.5,74.2,79.4,77.7,12.900000000000006,3.5,13.366375724181935,151.35399999999998,Odilon Kossonou,Bayer Leverkusen,,,validated_spatial_anchor,0.2149999999999181,113.4,34.0,positive_0017,1.0,,,,,C10,533862946a73608c134d18b78226b6371ce7173c
3895167,2,106,904,2571,00:10:28.083,Ball Receipt*,904,False,no_360_frame,False,False,628.083,159,d3b05b23-29d3-48be-a7e9-c3777d7aa40c,False,False,False,not_leverkusen_pass_carry,,,79.4,77.7,,,,,,,,,,152.642,Jeremie Frimpong,Bayer Leverkusen,,,no_360_frame,1.288000000000011,,,,,,,,,C10,533862946a73608c134d18b78226b6371ce7173c
3895167,2,106,904,2572,00:10:28.083,Carry,904,False,no_360_frame,False,False,628.083,160,5ac32d64-335a-4475-b1af-48ad8857e492,False,True,True,unsupported_or_unlinked_frame,,,79.4,77.7,79.2,77.2,,,,,,,,152.642,Jeremie Frimpong,Bayer Leverkusen,,,no_360_frame,0.0,,,,,,,,,C10,533862946a73608c134d18b78226b6371ce7173c
3895167,2,106,904,2573,00:10:29.699,Pressure,174,False,no_360_frame,False,False,629.699,161,0ba7710a-5df5-47e4-ab1e-9e76bd4138f7,False,False,False,not_leverkusen_pass_carry,,,35.8,3.2,,,,,,,,,,154.25799999999998,Chris Führich,VfB Stuttgart,,,no_360_frame,1.6159999999999854,,,,,,,,,C10,533862946a73608c134d18b78226b6371ce7173c
3895167,2,106,904,2574,00:10:30.111,Pass,904,False,no_360_frame,False,False,630.111,162,56405a5e-fa2e-4a40-a9ed-f4596d82e259,False,True,True,unsupported_or_unlinked_frame,,,79.2,77.2,69.2,77.9,,,,,,,,154.67000000000002,Jeremie Frimpong,Bayer Leverkusen,,,no_360_frame,0.4120000000000345,,,,,,,,,C10,533862946a73608c134d18b78226b6371ce7173c
3895167,2,106,904,2575,00:10:31.375,Ball Receipt*,904,True,unsupported_event_type,False,False,631.375,163,cc858dcf-e1df-4ee4-ac56-5cc5d21f13db,False,False,False,not_leverkusen_pass_carry,,,69.2,77.9,,,,,,,,,,155.93400000000003,Odilon Kossonou,Bayer Leverkusen,,,linked_360_unsupported_semantics,1.26400000000001,,,,,,,,,C10,533862946a73608c134d18b78226b6371ce7173c
3895167,2,106,904,2576,00:10:31.375,Carry,904,True,validated_core_event_team_scope,True,False,631.375,164,9dd828c9-929f-4da7-b3f5-7d5395253760,True,True,True,safe_validated_frame_vector,69.2,77.9,69.2,77.9,69.6,77.9,69.2,77.9,69.6,77.9,0.3999999999999915,0.0,0.3999999999999915,155.93400000000003,Odilon Kossonou,Bayer Leverkusen,,,validated_spatial_anchor,0.0,113.4,43.80000000000001,positive_0017,2.0,,,,,C10,533862946a73608c134d18b78226b6371ce7173c
3895167,2,106,904,2577,00:10:31.627,Pass,904,True,validated_core_event_team_scope,True,False,631.627,165,b7024422-b7f1-4419-bc6e-e700a8999664,True,True,True,safe_validated_frame_vector,69.6,77.9,69.6,77.9,69.2,63.2,69.6,77.9,69.2,63.2,-0.3999999999999915,-14.700000000000005,14.705441169852746,156.18599999999998,Odilon Kossonou,Bayer Leverkusen,,,validated_spatial_anchor,0.2519999999999527,113.4,44.2,,,negative_0016,1.0,nonpositive_0015,1.0,C10,533862946a73608c134d18b78226b6371ce7173c
3895167,2,106,904,2578,00:10:32.247,Ball Receipt*,904,True,unsupported_event_type,False,False,632.247,166,37f0e4c7-94f6-4a2c-ad3c-688bfd2b1839,False,False,False,not_leverkusen_pass_carry,,,69.2,63.2,,,,,,,,,,156.80599999999998,Granit Xhaka,Bayer Leverkusen,,,linked_360_unsupported_semantics,0.6200000000000045,,,,,,,,,C10,533862946a73608c134d18b78226b6371ce7173c
3895167,2,106,904,2579,00:10:32.247,Carry,904,True,validated_core_event_team_scope,True,False,632.247,167,fc484994-a77b-4603-82db-3b5a567946d6,True,True,True,safe_validated_frame_vector,69.2,63.2,69.2,63.2,65.9,63.0,69.2,63.2,65.9,63.0,-3.299999999999997,-0.2000000000000028,3.3060550509633053,156.80599999999998,Granit Xhaka,Bayer Leverkusen,,,validated_spatial_anchor,0.0,113.4,47.5,,,negative_0016,2.0,nonpositive_0015,2.0,C10,533862946a73608c134d18b78226b6371ce7173c
3895167,2,106,904,2580,00:10:32.531,Pressure,174,True,validated_core_event_team_scope,True,False,632.531,168,1b561cec-827f-4a90-b23f-1c4bb61bc10d,False,False,False,not_leverkusen_pass_carry,73.4,63.5,46.6,16.5,,,,,,,,,,157.08999999999995,Atakan Karazor,VfB Stuttgart,,,validated_spatial_anchor,0.2839999999999918,,,,,,,,,C10,533862946a73608c134d18b78226b6371ce7173c
3895167,2,106,904,2581,00:10:33.220,Pass,904,True,validated_core_event_team_scope,True,False,633.22,169,f13e9b80-1b49-40cc-96a9-cc3710be94e4,True,True,True,safe_validated_frame_vector,65.9,63.0,65.9,63.0,56.1,46.6,65.9,63.0,56.1,46.6,-9.800000000000004,-16.4,19.104973174542803,157.77900000000005,Granit Xhaka,Bayer Leverkusen,,,validated_spatial_anchor,0.6890000000000782,113.4,57.3,,,negative_0016,3.0,nonpositive_0015,3.0,C10,533862946a73608c134d18b78226b6371ce7173c
3895167,2,106,904,2582,00:10:34.959,Ball Receipt*,904,True,unsupported_event_type,False,False,634.959,170,1f49eb2f-82c1-4cb9-a902-70c3274fc87e,False,False,False,not_leverkusen_pass_carry,,,56.1,46.6,,,,,,,,,,159.51799999999997,Jonathan Tah,Bayer Leverkusen,,,linked_360_unsupported_semantics,1.738999999999919,,,,,,,,,C10,533862946a73608c134d18b78226b6371ce7173c
3895167,2,106,904,2583,00:10:34.959,Carry,904,True,validated_core_event_team_scope,True,False,634.959,171,9259f8b8-3283-45c6-ad7f-a650a8f4c34b,True,True,True,safe_validated_frame_vector,56.1,46.6,56.1,46.6,56.5,45.8,56.1,46.6,56.5,45.8,0.3999999999999986,-0.8000000000000043,0.894427190999919,159.51799999999997,Jonathan Tah,Bayer Leverkusen,,,validated_spatial_anchor,0.0,113.4,56.900000000000006,positive_0018,1.0,,,,,C10,533862946a73608c134d18b78226b6371ce7173c
3895167,2,106,904,2584,00:10:37.548,Pass,904,False,no_360_frame,False,False,637.548,172,38ac407c-29d7-4785-aa51-794e80289580,False,True,True,unsupported_or_unlinked_frame,,,56.5,45.8,72.7,51.5,,,,,,,,162.10700000000003,Jonathan Tah,Bayer Leverkusen,,,no_360_frame,2.5890000000000555,,,,,,,,,C10,533862946a73608c134d18b78226b6371ce7173c
3895167,2,106,904,2585,00:10:38.710,Ball Receipt*,904,True,unsupported_event_type,False,False,638.71,173,8dad6086-bedd-4929-9185-0587a8efa530,False,False,False,not_leverkusen_pass_carry,,,72.7,51.5,,,,,,,,,,163.26900000000006,Florian Wirtz,Bayer Leverkusen,,,linked_360_unsupported_semantics,1.1620000000000346,,,,,,,,,C10,533862946a73608c134d18b78226b6371ce7173c
3895167,2,106,904,2586,00:10:38.710,Carry,904,True,validated_core_event_team_scope,True,False,638.71,174,2e4eb05f-18f1-4692-9784-8534f2d99277,True,True,True,safe_validated_frame_vector,72.7,51.5,72.7,51.5,76.3,45.8,72.7,51.5,76.3,45.8,3.5999999999999943,-5.700000000000003,6.741661516273269,163.26900000000006,Florian Wirtz,Bayer Leverkusen,,,validated_spatial_anchor,0.0,113.4,37.10000000000001,positive_0018,2.0,,,,,C10,533862946a73608c134d18b78226b6371ce7173c
3895167,2,106,904,2587,00:10:39.941,Pass,904,True,validated_core_event_team_scope,True,False,639.941,175,c66eb2c6-8fd5-43d7-b406-4f30308d6b66,True,True,True,safe_validated_frame_vector,76.3,45.8,76.3,45.8,106.1,44.0,76.3,45.8,106.1,44.0,29.8,-1.7999999999999972,29.854312921251427,164.50000000000006,Florian Wirtz,Bayer Leverkusen,pass.outcome:Incomplete,,validated_spatial_anchor,1.2309999999999943,113.4,7.300000000000011,positive_0018,3.0,,,,,C10,533862946a73608c134d18b78226b6371ce7173c
3895167,2,106,904,2588,00:10:42.554,Ball Receipt*,904,True,unsupported_event_type,False,False,642.554,176,6a1bff02-39ca-4fd8-b38f-1bd44ed11bea,False,False,False,not_leverkusen_pass_carry,,,87.8,38.9,,,,,,,,,,167.113,Victor Okoh Boniface,Bayer Leverkusen,ball_receipt.outcome:Incomplete,,linked_360_unsupported_semantics,2.6129999999999427,,,,,,,,,C10,533862946a73608c134d18b78226b6371ce7173c
3895210,1,15,904,778,00:11:34.293,Pass,904,True,validated_core_event_team_scope,True,False,694.293,0,84faa861-14bd-4bb4-a503-70e8e3d8327f,True,True,True,safe_validated_frame_vector,120.0,80.0,120.0,80.0,116.2,41.6,120.0,80.0,116.2,41.6,-3.799999999999997,-38.4,38.58756276314948,0.0,Alejandro Grimaldo García,Bayer Leverkusen,pass.outcome:Incomplete;pass.type:Corner,Corner,validated_spatial_anchor,,120.0,3.799999999999997,,,negative_0001,1.0,nonpositive_0001,1.0,C11,533862946a73608c134d18b78226b6371ce7173c
3895210,1,15,904,779,00:11:35.815,Clearance,185,True,unsupported_event_type,False,False,695.815,1,01d638ff-dc6b-42cd-9ace-01d3d8ae60a1,False,False,False,not_leverkusen_pass_carry,,,3.9,38.5,,,,,,,,,,1.5220000000000482,Marvin Friedrich,Borussia Mönchengladbach,type:Clearance,,linked_360_unsupported_semantics,1.5220000000000482,,,,,,,,,C11,533862946a73608c134d18b78226b6371ce7173c
3895210,1,15,904,780,00:11:38.673,Clearance,185,True,unsupported_event_type,False,False,698.673,2,ca9f28ee-61a6-4e51-81ca-af3e3ec38b62,False,False,False,not_leverkusen_pass_carry,,,14.5,32.5,,,,,,,,,,4.379999999999996,Franck Honorat,Borussia Mönchengladbach,type:Clearance,,linked_360_unsupported_semantics,2.8579999999999472,,,,,,,,,C11,533862946a73608c134d18b78226b6371ce7173c
3895210,1,15,904,781,00:11:39.599,Clearance,185,True,unsupported_event_type,False,False,699.599,3,62f19d3f-8c49-4b53-b0fb-2653b5e6acb4,False,False,False,not_leverkusen_pass_carry,,,25.4,32.5,,,,,,,,,,5.30600000000004,Robin Hack,Borussia Mönchengladbach,type:Clearance,,linked_360_unsupported_semantics,0.9260000000000446,,,,,,,,,C11,533862946a73608c134d18b78226b6371ce7173c
3895210,1,15,904,782,00:11:41.214,Ball Recovery,904,True,unsupported_event_type,False,False,701.214,4,81048ec1-6293-4022-9af4-15e51561b937,False,False,False,not_leverkusen_pass_carry,,,85.3,49.1,,,,,,,,,,6.921000000000049,Jeremie Frimpong,Bayer Leverkusen,type:Ball Recovery,,linked_360_unsupported_semantics,1.615000000000009,,,,,,,,,C11,533862946a73608c134d18b78226b6371ce7173c
3895210,1,15,904,783,00:11:41.214,Carry,904,True,validated_core_event_team_scope,True,False,701.214,5,1c53cfa0-4bd3-450c-a262-2ea26cf5377f,True,True,True,safe_validated_frame_vector,85.3,49.1,85.3,49.1,57.2,55.2,85.3,49.1,57.2,55.2,-28.099999999999994,6.100000000000001,28.75447791214439,6.921000000000049,Jeremie Frimpong,Bayer Leverkusen,,,validated_spatial_anchor,0.0,120.0,62.8,,,negative_0001,2.0,nonpositive_0001,2.0,C11,533862946a73608c134d18b78226b6371ce7173c
3895210,1,15,904,784,00:11:44.160,Pass,904,False,no_360_frame,False,False,704.16,6,a0e05b5f-c36f-484b-844b-eaec7774e743,False,True,True,unsupported_or_unlinked_frame,,,57.2,55.2,60.0,31.2,,,,,,,,9.866999999999962,Jeremie Frimpong,Bayer Leverkusen,,,no_360_frame,2.9459999999999127,,,,,,,,,C11,533862946a73608c134d18b78226b6371ce7173c
3895210,1,15,904,785,00:11:45.998,Ball Receipt*,904,True,unsupported_event_type,False,False,705.998,7,9d8d2b1e-bfc5-4add-984e-b9e1cbda4a64,False,False,False,not_leverkusen_pass_carry,,,60.0,31.2,,,,,,,,,,11.70500000000004,Nadiem Amiri,Bayer Leverkusen,,,linked_360_unsupported_semantics,1.8380000000000791,,,,,,,,,C11,533862946a73608c134d18b78226b6371ce7173c
3895210,1,15,904,786,00:11:45.998,Carry,904,True,validated_core_event_team_scope,True,False,705.998,8,6c0e8385-9b11-4d10-99fc-8ed56118e868,True,True,True,safe_validated_frame_vector,60.0,31.2,60.0,31.2,58.4,31.5,60.0,31.2,58.4,31.5,-1.6000000000000014,0.3000000000000007,1.627882059609972,11.70500000000004,Nadiem Amiri,Bayer Leverkusen,,,validated_spatial_anchor,0.0,120.0,61.6,,,negative_0001,3.0,nonpositive_0001,3.0,C11,533862946a73608c134d18b78226b6371ce7173c
3895210,1,15,904,787,00:11:48.523,Pressure,185,True,validated_core_event_team_scope,True,False,708.523,9,e96190a3-6331-4807-af9d-ed755be4f43e,False,False,False,not_leverkusen_pass_carry,61.8,32.3,58.2,47.7,,,,,,,,,,14.230000000000018,Theoson Jordan Siebatcheu,Borussia Mönchengladbach,,,validated_spatial_anchor,2.5249999999999773,,,,,,,,,C11,533862946a73608c134d18b78226b6371ce7173c
3895210,1,15,904,788,00:11:48.865,Pass,904,True,validated_core_event_team_scope,True,False,708.865,10,74d2f3e8-bc91-4268-bea2-55827a931edd,True,True,True,safe_validated_frame_vector,58.4,31.5,58.4,31.5,56.5,56.0,58.4,31.5,56.5,56.0,-1.8999999999999984,24.5,24.57356303021603,14.572000000000005,Nadiem Amiri,Bayer Leverkusen,,,validated_spatial_anchor,0.3419999999999845,120.0,63.5,,,negative_0001,4.0,nonpositive_0001,4.0,C11,533862946a73608c134d18b78226b6371ce7173c
3895210,1,15,904,789,00:11:50.369,Ball Receipt*,904,True,unsupported_event_type,False,False,710.369,11,6e3f0988-d19d-4bfb-b761-72a6e3aafbfc,False,False,False,not_leverkusen_pass_carry,,,56.5,56.0,,,,,,,,,,16.076000000000022,Jeremie Frimpong,Bayer Leverkusen,,,linked_360_unsupported_semantics,1.504000000000019,,,,,,,,,C11,533862946a73608c134d18b78226b6371ce7173c
3895210,1,15,904,790,00:11:50.369,Carry,904,True,validated_core_event_team_scope,True,False,710.369,12,5ce4495b-ac2b-4780-b695-1fed8643a592,True,True,True,safe_validated_frame_vector,56.5,56.0,56.5,56.0,56.5,59.3,56.5,56.0,56.5,59.3,0.0,3.299999999999997,3.299999999999997,16.076000000000022,Jeremie Frimpong,Bayer Leverkusen,,,validated_spatial_anchor,0.0,120.0,63.5,,,,,nonpositive_0001,5.0,C11,533862946a73608c134d18b78226b6371ce7173c
3895210,1,15,904,791,00:11:51.696,Pass,904,True,validated_core_event_team_scope,True,False,711.696,13,f42fd567-297f-4d7d-a8b7-9ae421781572,True,True,True,safe_validated_frame_vector,56.5,59.3,56.5,59.3,64.2,69.8,56.5,59.3,64.2,69.8,7.700000000000003,10.5,13.020752666416794,17.40300000000002,Jeremie Frimpong,Bayer Leverkusen,,,validated_spatial_anchor,1.3269999999999982,120.0,55.8,positive_0001,1.0,,,,,C11,533862946a73608c134d18b78226b6371ce7173c
3895210,1,15,904,792,00:11:52.732,Ball Receipt*,904,True,unsupported_event_type,False,False,712.732,14,75277dd4-3ee2-4aac-b910-47d6972a1428,False,False,False,not_leverkusen_pass_carry,,,64.2,69.8,,,,,,,,,,18.438999999999965,Josip Stanišić,Bayer Leverkusen,,,linked_360_unsupported_semantics,1.0359999999999443,,,,,,,,,C11,533862946a73608c134d18b78226b6371ce7173c
3895210,1,15,904,793,00:11:52.732,Carry,904,True,validated_core_event_team_scope,True,False,712.732,15,1c24fb1c-442d-4698-9b3f-911548adeb72,True,True,True,safe_validated_frame_vector,64.2,69.8,64.2,69.8,65.3,68.4,64.2,69.8,65.3,68.4,1.0999999999999943,-1.3999999999999917,1.7804493814764752,18.438999999999965,Josip Stanišić,Bayer Leverkusen,,,validated_spatial_anchor,0.0,120.0,54.7,positive_0001,2.0,,,,,C11,533862946a73608c134d18b78226b6371ce7173c
3895210,1,15,904,794,00:11:55.823,Pass,904,True,validated_core_event_team_scope,True,False,715.823,16,3165fcc5-c37c-4570-838a-3e936b561e07,True,True,True,safe_validated_frame_vector,65.3,68.4,65.3,68.4,55.4,57.3,65.3,68.4,55.4,57.3,-9.9,-11.100000000000009,14.873466307488654,21.529999999999973,Josip Stanišić,Bayer Leverkusen,,,validated_spatial_anchor,3.091000000000008,120.0,64.6,,,negative_0002,1.0,nonpositive_0002,1.0,C11,533862946a73608c134d18b78226b6371ce7173c
3895210,1,15,904,795,00:11:57.409,Ball Receipt*,904,True,unsupported_event_type,False,False,717.409,17,c3bd3bb6-7e84-4f28-b610-1910bbaaddbf,False,False,False,not_leverkusen_pass_carry,,,55.4,57.3,,,,,,,,,,23.115999999999985,Robert Andrich,Bayer Leverkusen,,,linked_360_unsupported_semantics,1.5860000000000127,,,,,,,,,C11,533862946a73608c134d18b78226b6371ce7173c
3895210,1,15,904,796,00:11:57.409,Carry,904,True,validated_core_event_team_scope,True,False,717.409,18,51307469-7783-4da0-b776-3ebb2d613717,True,True,True,safe_validated_frame_vector,55.4,57.3,55.4,57.3,55.4,57.3,55.4,57.3,55.4,57.3,0.0,0.0,0.0,23.115999999999985,Robert Andrich,Bayer Leverkusen,,,validated_spatial_anchor,0.0,120.0,64.6,,,,,nonpositive_0002,2.0,C11,533862946a73608c134d18b78226b6371ce7173c
3895210,1,15,904,797,00:11:59.515,Pass,904,True,validated_core_event_team_scope,True,False,719.515,19,7aa86cbb-ab13-4c6e-9371-c8fcb3ee0919,True,True,True,safe_validated_frame_vector,55.4,57.3,55.4,57.3,61.7,65.4,55.4,57.3,61.7,65.4,6.300000000000004,8.100000000000009,10.26157882589225,25.22199999999998,Robert Andrich,Bayer Leverkusen,,,validated_spatial_anchor,2.1059999999999945,120.0,58.3,positive_0002,1.0,,,,,C11,533862946a73608c134d18b78226b6371ce7173c
3895210,1,15,904,798,00:12:00.599,Ball Receipt*,904,False,no_360_frame,False,False,720.599,20,e4a16627-76c1-4ee2-9991-93200d5707d1,False,False,False,not_leverkusen_pass_carry,,,61.7,65.4,,,,,,,,,,26.30600000000004,Josip Stanišić,Bayer Leverkusen,,,no_360_frame,1.08400000000006,,,,,,,,,C11,533862946a73608c134d18b78226b6371ce7173c
3895210,1,15,904,799,00:12:00.599,Carry,904,False,no_360_frame,False,False,720.599,21,c8703a0c-64f1-426e-8267-25e00f91fff5,False,True,True,unsupported_or_unlinked_frame,,,61.7,65.4,65.3,63.2,,,,,,,,26.30600000000004,Josip Stanišić,Bayer Leverkusen,,,no_360_frame,0.0,,,,,,,,,C11,533862946a73608c134d18b78226b6371ce7173c
3895210,1,15,904,800,00:12:02.370,Pass,904,True,validated_core_event_team_scope,True,False,722.37,22,7cbddcf8-742b-4266-9edd-cf95aeb94ef4,True,True,True,safe_validated_frame_vector,65.3,63.2,65.3,63.2,91.9,63.4,65.3,63.2,91.9,63.4,26.60000000000001,0.1999999999999957,26.600751869073186,28.077,Josip Stanišić,Bayer Leverkusen,,,validated_spatial_anchor,1.7709999999999582,120.0,28.099999999999994,positive_0002,2.0,,,,,C11,533862946a73608c134d18b78226b6371ce7173c
3895210,1,15,904,801,00:12:04.199,Ball Receipt*,904,True,unsupported_event_type,False,False,724.199,23,015e64ef-5b10-42a6-a605-cacbb6cf27a6,False,False,False,not_leverkusen_pass_carry,,,91.9,63.4,,,,,,,,,,29.90599999999995,Patrik Schick,Bayer Leverkusen,,,linked_360_unsupported_semantics,1.8289999999999509,,,,,,,,,C11,533862946a73608c134d18b78226b6371ce7173c
3895210,1,15,904,802,00:12:04.199,Carry,904,True,validated_core_event_team_scope,True,False,724.199,24,61e9dda0-9517-4391-91b1-1f0c7ece17a0,True,True,True,safe_validated_frame_vector,91.9,63.4,91.9,63.4,94.5,64.5,91.9,63.4,94.5,64.5,2.5999999999999943,1.1000000000000014,2.823118842698616,29.90599999999995,Patrik Schick,Bayer Leverkusen,,,validated_spatial_anchor,0.0,120.0,25.5,positive_0002,3.0,,,,,C11,533862946a73608c134d18b78226b6371ce7173c
3895210,1,15,904,803,00:12:04.280,Pressure,185,True,validated_core_event_team_scope,True,False,724.28,25,fb4f887c-bc2c-45dc-a5cf-30c116576940,False,False,False,not_leverkusen_pass_carry,93.8,62.5,26.2,17.5,,,,,,,,,,29.986999999999966,Nico Elvedi,Borussia Mönchengladbach,,,validated_spatial_anchor,0.0810000000000172,,,,,,,,,C11,533862946a73608c134d18b78226b6371ce7173c
3895210,1,15,904,804,00:12:04.749,Pressure,185,False,no_360_frame,False,False,724.749,26,028ae158-49bb-4d22-8444-17cd0a85905e,False,False,False,not_leverkusen_pass_carry,,,29.3,17.7,,,,,,,,,,30.456000000000017,Luca Netz,Borussia Mönchengladbach,,,no_360_frame,0.4690000000000509,,,,,,,,,C11,533862946a73608c134d18b78226b6371ce7173c
3895210,1,15,904,805,00:12:04.992,Pass,904,False,no_360_frame,False,False,724.992,27,4de4b98d-1ae8-494a-89ff-51bae247ee1f,False,True,True,unsupported_or_unlinked_frame,,,94.5,64.5,90.1,70.1,,,,,,,,30.698999999999955,Patrik Schick,Bayer Leverkusen,,,no_360_frame,0.2429999999999381,,,,,,,,,C11,533862946a73608c134d18b78226b6371ce7173c
3895210,1,15,904,806,00:12:05.565,Pressure,185,True,validated_core_event_team_scope,True,False,725.565,28,f4c3ccd0-5749-4427-a019-b0b2a5deaf16,False,False,False,not_leverkusen_pass_carry,89.3,69.0,30.7,11.0,,,,,,,,,,31.272000000000048,Florian Neuhaus,Borussia Mönchengladbach,,,validated_spatial_anchor,0.5730000000000928,,,,,,,,,C11,533862946a73608c134d18b78226b6371ce7173c
3895210,1,15,904,807,00:12:05.877,Ball Receipt*,904,True,unsupported_event_type,False,False,725.877,29,6e7cad7b-3e6b-4955-938e-893e30e61645,False,False,False,not_leverkusen_pass_carry,,,90.1,70.1,,,,,,,,,,31.583999999999943,Jonas Hofmann,Bayer Leverkusen,,,linked_360_unsupported_semantics,0.3119999999998981,,,,,,,,,C11,533862946a73608c134d18b78226b6371ce7173c
3895210,1,15,904,808,00:12:05.877,Carry,904,True,validated_core_event_team_scope,True,False,725.877,30,4a246111-6b54-4bb8-8d23-01fa34d935d7,True,True,True,safe_validated_frame_vector,90.1,70.1,90.1,70.1,93.9,71.8,90.1,70.1,93.9,71.8,3.8000000000000114,1.7000000000000028,4.162931659299741,31.583999999999943,Jonas Hofmann,Bayer Leverkusen,,,validated_spatial_anchor,0.0,120.0,26.099999999999994,positive_0002,4.0,,,,,C11,533862946a73608c134d18b78226b6371ce7173c
3895210,1,15,904,809,00:12:06.558,Dispossessed,904,True,unsupported_event_type,False,False,726.558,31,9a25d70f-014d-4d56-a97f-e48c21d22417,False,False,False,not_leverkusen_pass_carry,,,93.9,71.8,,,,,,,,,,32.264999999999986,Jonas Hofmann,Bayer Leverkusen,type:Dispossessed,,linked_360_unsupported_semantics,0.68100000000004,,,,,,,,,C11,533862946a73608c134d18b78226b6371ce7173c
3895210,1,15,904,810,00:12:06.558,Duel,185,True,unsupported_event_type,False,False,726.558,32,ff11a335-fe1c-4b6e-a916-971da0f8209b,False,False,False,not_leverkusen_pass_carry,,,26.2,8.3,,,,,,,,,,32.264999999999986,Florian Neuhaus,Borussia Mönchengladbach,type:Duel;duel.outcome:Success In Play,,linked_360_unsupported_semantics,0.0,,,,,,,,,C11,533862946a73608c134d18b78226b6371ce7173c
3895210,1,15,904,811,00:12:07.352,Ball Recovery,185,True,unsupported_event_type,False,False,727.352,33,8e427719-510d-41b1-9936-0f0b411b33ee,False,False,False,not_leverkusen_pass_carry,,,19.8,10.5,,,,,,,,,,33.05899999999997,Luca Netz,Borussia Mönchengladbach,type:Ball Recovery,,linked_360_unsupported_semantics,0.7939999999999827,,,,,,,,,C11,533862946a73608c134d18b78226b6371ce7173c
3895210,1,15,904,812,00:12:07.352,Carry,185,True,validated_core_event_team_scope,True,False,727.352,34,561d5b31-94ee-40dd-9a27-f8c47bcce4b9,False,False,False,not_leverkusen_pass_carry,100.2,69.5,19.8,10.5,,,,,,,,,,33.05899999999997,Luca Netz,Borussia Mönchengladbach,,,validated_spatial_anchor,0.0,,,,,,,,,C11,533862946a73608c134d18b78226b6371ce7173c
3895210,1,15,904,813,00:12:08.460,Pass,185,True,validated_core_event_team_scope,True,False,728.46,35,2882594c-d57c-40b4-84c4-6ddb5fb30a61,False,False,False,not_leverkusen_pass_carry,98.3,73.1,21.7,6.9,,,,,,,,,,34.16700000000003,Luca Netz,Borussia Mönchengladbach,,,validated_spatial_anchor,1.108000000000061,,,,,,,,,C11,533862946a73608c134d18b78226b6371ce7173c
3895210,1,15,904,814,00:12:08.941,Pressure,904,True,validated_core_event_team_scope,True,False,728.941,36,98203575-ee27-49f0-8619-0fa022381d6b,False,False,False,not_leverkusen_pass_carry,93.7,67.3,93.7,67.3,,,,,,,,,,34.648000000000025,Granit Xhaka,Bayer Leverkusen,counterpress:true,,validated_spatial_anchor,0.4809999999999945,,,,,,,,,C11,533862946a73608c134d18b78226b6371ce7173c
3895210,1,15,904,815,00:12:09.330,Ball Receipt*,185,True,unsupported_event_type,False,False,729.33,37,5e23daf2-9a54-4408-a04d-31caa050e9ab,False,False,False,not_leverkusen_pass_carry,,,25.0,14.2,,,,,,,,,,35.037000000000035,Florian Neuhaus,Borussia Mönchengladbach,,,linked_360_unsupported_semantics,0.38900000000001,,,,,,,,,C11,533862946a73608c134d18b78226b6371ce7173c
3895210,1,15,904,816,00:12:09.330,Dispossessed,185,True,unsupported_event_type,False,False,729.33,38,90309d84-4a77-40ac-abc4-0d33e5776667,False,False,False,not_leverkusen_pass_carry,,,25.1,14.1,,,,,,,,,,35.037000000000035,Florian Neuhaus,Borussia Mönchengladbach,type:Dispossessed,,linked_360_unsupported_semantics,0.0,,,,,,,,,C11,533862946a73608c134d18b78226b6371ce7173c
3895210,1,15,904,817,00:12:09.330,Duel,904,True,unsupported_event_type,False,False,729.33,39,c3786c48-3e0e-4218-8d3b-79c9f2659fb5,False,False,False,not_leverkusen_pass_carry,,,95.0,66.0,,,,,,,,,,35.037000000000035,Granit Xhaka,Bayer Leverkusen,type:Duel;counterpress:true;duel.outcome:Success In Play,,linked_360_unsupported_semantics,0.0,,,,,,,,,C11,533862946a73608c134d18b78226b6371ce7173c
3895210,1,15,904,818,00:12:10.334,Ball Recovery,904,True,unsupported_event_type,False,False,730.334,40,15acfb7e-d069-4ab2-a3d8-700efaa97e4b,False,False,False,not_leverkusen_pass_carry,,,102.9,73.2,,,,,,,,,,36.04099999999994,Jonas Hofmann,Bayer Leverkusen,type:Ball Recovery,,linked_360_unsupported_semantics,1.0039999999999054,,,,,,,,,C11,533862946a73608c134d18b78226b6371ce7173c
3895210,1,15,904,819,00:12:10.334,Carry,904,True,validated_core_event_team_scope,True,False,730.334,41,b96daad2-5047-4dd0-8b21-662180482eb1,True,True,True,safe_validated_frame_vector,102.9,73.2,102.9,73.2,107.3,75.1,102.9,73.2,107.3,75.1,4.399999999999992,1.8999999999999917,4.792702786528692,36.04099999999994,Jonas Hofmann,Bayer Leverkusen,,,validated_spatial_anchor,0.0,120.0,12.700000000000005,positive_0002,5.0,,,,,C11,533862946a73608c134d18b78226b6371ce7173c
3895210,1,15,904,820,00:12:11.292,Pressure,185,True,validated_core_event_team_scope,True,False,731.292,42,d76b132a-77d3-42bb-9a59-7305cfef562a,False,False,False,not_leverkusen_pass_carry,108.2,72.5,11.8,7.5,,,,,,,,,,36.99900000000002,Nico Elvedi,Borussia Mönchengladbach,,,validated_spatial_anchor,0.9580000000000836,,,,,,,,,C11,533862946a73608c134d18b78226b6371ce7173c
3895210,1,15,904,821,00:12:11.717,Pass,904,True,validated_core_event_team_scope,True,False,731.717,43,761fcf97-504a-4315-b05f-9e031c4203fb,True,True,True,safe_validated_frame_vector,107.3,75.1,107.3,75.1,108.7,69.0,107.3,75.1,108.7,69.0,1.4000000000000057,-6.099999999999994,6.258594091327536,37.42399999999998,Jonas Hofmann,Bayer Leverkusen,pass.outcome:Incomplete,,validated_spatial_anchor,0.4249999999999545,120.0,11.299999999999995,positive_0002,6.0,,,,,C11,533862946a73608c134d18b78226b6371ce7173c
3895210,1,15,904,822,00:12:11.780,Ball Receipt*,904,True,unsupported_event_type,False,False,731.78,44,6cdf16df-249d-4ce2-9b14-b85498ee9fdf,False,False,False,not_leverkusen_pass_carry,,,100.4,55.4,,,,,,,,,,37.486999999999966,Patrik Schick,Bayer Leverkusen,ball_receipt.outcome:Incomplete,,linked_360_unsupported_semantics,0.0629999999999881,,,,,,,,,C11,533862946a73608c134d18b78226b6371ce7173c
3895210,1,15,904,823,00:12:11.780,Block,185,True,unsupported_event_type,False,False,731.78,45,7797f127-3ffa-41d9-ba31-2bd3f62a1ade,False,False,False,not_leverkusen_pass_carry,,,11.4,11.1,,,,,,,,,,37.486999999999966,Nico Elvedi,Borussia Mönchengladbach,type:Block,,linked_360_unsupported_semantics,0.0,,,,,,,,,C11,533862946a73608c134d18b78226b6371ce7173c
3895210,1,15,904,824,00:12:14.255,Ball Recovery,185,True,unsupported_event_type,False,False,734.255,46,92be9df0-b8d2-4e94-a9d3-ffd6a1769be9,False,False,False,not_leverkusen_pass_carry,,,25.0,2.8,,,,,,,,,,39.96199999999999,Florian Neuhaus,Borussia Mönchengladbach,type:Ball Recovery,,linked_360_unsupported_semantics,2.4750000000000227,,,,,,,,,C11,533862946a73608c134d18b78226b6371ce7173c
3895210,1,15,904,825,00:12:14.255,Carry,185,True,validated_core_event_team_scope,True,False,734.255,47,4fdcafb3-30cf-4c61-a3f4-df5daf970fad,False,False,False,not_leverkusen_pass_carry,95.0,77.2,25.0,2.8,,,,,,,,,,39.96199999999999,Florian Neuhaus,Borussia Mönchengladbach,,,validated_spatial_anchor,0.0,,,,,,,,,C11,533862946a73608c134d18b78226b6371ce7173c
3895210,1,15,904,826,00:12:14.580,Pressure,904,True,validated_core_event_team_scope,True,False,734.58,48,d1d429c2-a610-42e5-a41d-ac09b9e31c37,False,False,False,not_leverkusen_pass_carry,96.4,77.7,96.4,77.7,,,,,,,,,,40.28700000000004,Jonas Hofmann,Bayer Leverkusen,counterpress:true,,validated_spatial_anchor,0.3250000000000455,,,,,,,,,C11,533862946a73608c134d18b78226b6371ce7173c
3895210,1,15,904,827,00:12:14.828,Miscontrol,185,True,unsupported_event_type,False,False,734.828,49,3a9a5be8-e24f-424a-8f51-a409d6fd1392,False,False,False,not_leverkusen_pass_carry,,,26.5,2.2,,,,,,,,,,40.53499999999997,Florian Neuhaus,Borussia Mönchengladbach,type:Miscontrol,,linked_360_unsupported_semantics,0.2479999999999336,,,,,,,,,C11,533862946a73608c134d18b78226b6371ce7173c
3895210,1,15,904,828,00:12:16.032,Pressure,185,True,validated_core_event_team_scope,True,False,736.032,50,d2f870ae-bef0-4b47-bda2-14ce8b5e4d0d,False,False,False,not_leverkusen_pass_carry,90.7,77.8,29.3,2.2,,,,,,,,,,41.73900000000003,Florian Neuhaus,Borussia Mönchengladbach,,,validated_spatial_anchor,1.2040000000000646,,,,,,,,,C11,533862946a73608c134d18b78226b6371ce7173c
3895210,1,15,904,829,00:12:16.433,Pass,904,True,validated_core_event_team_scope,True,False,736.433,51,f88b0fb6-2b7e-41bc-aecd-a1d1b738e341,True,True,True,safe_validated_frame_vector,89.8,77.0,89.8,77.0,80.3,53.7,89.8,77.0,80.3,53.7,-9.5,-23.3,25.162273347215667,42.13999999999999,Jonas Hofmann,Bayer Leverkusen,pass.type:Recovery,,validated_spatial_anchor,0.4009999999999536,120.0,39.7,,,negative_0003,1.0,nonpositive_0003,1.0,C11,533862946a73608c134d18b78226b6371ce7173c
3895210,1,15,904,830,00:12:17.849,Ball Receipt*,904,True,unsupported_event_type,False,False,737.849,52,b4d483ca-4fa8-4589-8b04-e938070a6294,False,False,False,not_leverkusen_pass_carry,,,80.3,53.7,,,,,,,,,,43.55600000000004,Nadiem Amiri,Bayer Leverkusen,,,linked_360_unsupported_semantics,1.4160000000000537,,,,,,,,,C11,533862946a73608c134d18b78226b6371ce7173c
3895210,1,15,904,831,00:12:17.849,Carry,904,True,validated_core_event_team_scope,True,False,737.849,53,dd4f2ccd-44fc-4620-be97-252624b41faa,True,True,True,safe_validated_frame_vector,80.3,53.7,80.3,53.7,81.2,54.3,80.3,53.7,81.2,54.3,0.9000000000000057,0.5999999999999943,1.0816653826391984,43.55600000000004,Nadiem Amiri,Bayer Leverkusen,,,validated_spatial_anchor,0.0,120.0,38.8,positive_0003,1.0,,,,,C11,533862946a73608c134d18b78226b6371ce7173c
3895210,1,15,904,832,00:12:19.350,Pass,904,True,validated_core_event_team_scope,True,False,739.35,54,d8e75ead-ddc0-4429-9c7a-dd23739414ca,True,True,True,safe_validated_frame_vector,81.2,54.3,81.2,54.3,85.8,62.0,81.2,54.3,85.8,62.0,4.599999999999994,7.700000000000003,8.969392398596462,45.057000000000016,Nadiem Amiri,Bayer Leverkusen,,,validated_spatial_anchor,1.5009999999999764,120.0,34.2,positive_0003,2.0,,,,,C11,533862946a73608c134d18b78226b6371ce7173c
3895210,1,15,904,833,00:12:20.011,Ball Receipt*,904,True,unsupported_event_type,False,False,740.011,55,964420d2-e58e-4e37-8130-6e9f738148e3,False,False,False,not_leverkusen_pass_carry,,,85.8,62.0,,,,,,,,,,45.71799999999996,Granit Xhaka,Bayer Leverkusen,,,linked_360_unsupported_semantics,0.6609999999999445,,,,,,,,,C11,533862946a73608c134d18b78226b6371ce7173c
3895210,1,15,904,834,00:12:20.011,Carry,904,True,validated_core_event_team_scope,True,False,740.011,56,65969714-8e57-46d7-a265-5d9161fd2aa6,True,True,True,safe_validated_frame_vector,85.8,62.0,85.8,62.0,85.8,62.0,85.8,62.0,85.8,62.0,0.0,0.0,0.0,45.71799999999996,Granit Xhaka,Bayer Leverkusen,,,validated_spatial_anchor,0.0,120.0,34.2,,,,,nonpositive_0004,1.0,C11,533862946a73608c134d18b78226b6371ce7173c
3895210,1,15,904,835,00:12:20.996,Pass,904,True,validated_core_event_team_scope,True,False,740.996,57,f2324585-3a99-4913-8911-a6b274b85705,True,True,True,safe_validated_frame_vector,85.8,62.0,85.8,62.0,73.4,31.5,85.8,62.0,73.4,31.5,-12.399999999999991,-30.5,32.92430713014322,46.702999999999975,Granit Xhaka,Bayer Leverkusen,,,validated_spatial_anchor,0.9850000000000136,120.0,46.6,,,negative_0004,1.0,nonpositive_0004,2.0,C11,533862946a73608c134d18b78226b6371ce7173c
3895210,1,15,904,836,00:12:22.411,Ball Receipt*,904,True,unsupported_event_type,False,False,742.411,58,b19dea05-3004-42a2-a1c9-b85f99419b20,False,False,False,not_leverkusen_pass_carry,,,73.4,31.5,,,,,,,,,,48.11799999999994,Piero Martín Hincapié Reyna,Bayer Leverkusen,,,linked_360_unsupported_semantics,1.4149999999999636,,,,,,,,,C11,533862946a73608c134d18b78226b6371ce7173c
3895210,1,15,904,837,00:12:22.411,Carry,904,True,validated_core_event_team_scope,True,False,742.411,59,be0e3557-10bd-4a60-8266-df5e7f8dc606,True,True,True,safe_validated_frame_vector,73.4,31.5,73.4,31.5,75.8,29.9,73.4,31.5,75.8,29.9,2.3999999999999915,-1.6000000000000014,2.884441020371185,48.11799999999994,Piero Martín Hincapié Reyna,Bayer Leverkusen,,,validated_spatial_anchor,0.0,120.0,44.2,positive_0004,1.0,,,,,C11,533862946a73608c134d18b78226b6371ce7173c
3895210,1,15,904,838,00:12:23.347,Pass,904,True,validated_core_event_team_scope,True,False,743.347,60,cc668c75-3711-4914-b864-e620b6c08dbf,True,True,True,safe_validated_frame_vector,75.8,29.9,75.8,29.9,87.9,24.3,75.8,29.9,87.9,24.3,12.100000000000009,-5.599999999999998,13.3330416634765,49.05399999999997,Piero Martín Hincapié Reyna,Bayer Leverkusen,,,validated_spatial_anchor,0.9360000000000356,120.0,32.099999999999994,positive_0004,2.0,,,,,C11,533862946a73608c134d18b78226b6371ce7173c
3895210,1,15,904,839,00:12:23.877,Pressure,185,True,validated_core_event_team_scope,True,False,743.877,61,8d488149-28b7-44f6-838b-5d2e268687e3,False,False,False,not_leverkusen_pass_carry,91.6,26.700000000000003,28.4,53.3,,,,,,,,,,49.583999999999946,Joseph Scally,Borussia Mönchengladbach,,,validated_spatial_anchor,0.5299999999999727,,,,,,,,,C11,533862946a73608c134d18b78226b6371ce7173c
3895210,1,15,904,840,00:12:24.075,Ball Receipt*,904,True,unsupported_event_type,False,False,744.075,62,ed94b77e-0d7f-4f92-8d48-b63e04413ca0,False,False,False,not_leverkusen_pass_carry,,,87.9,24.3,,,,,,,,,,49.78200000000004,Florian Wirtz,Bayer Leverkusen,,,linked_360_unsupported_semantics,0.1980000000000927,,,,,,,,,C11,533862946a73608c134d18b78226b6371ce7173c
3895210,1,15,904,841,00:12:24.075,Carry,904,True,validated_core_event_team_scope,True,False,744.075,63,3aff8801-698b-4710-a3c4-8665bdc634a8,True,True,True,safe_validated_frame_vector,87.9,24.3,87.9,24.3,89.4,24.9,87.9,24.3,89.4,24.9,1.5,0.5999999999999979,1.6155494421403505,49.78200000000004,Florian Wirtz,Bayer Leverkusen,,,validated_spatial_anchor,0.0,120.0,30.599999999999994,positive_0004,3.0,,,,,C11,533862946a73608c134d18b78226b6371ce7173c
3895210,1,15,904,842,00:12:24.115,Pass,904,True,validated_core_event_team_scope,True,False,744.115,64,d4a77890-bb20-4dfe-b817-02d7cfeb8b64,True,True,True,safe_validated_frame_vector,89.4,24.9,89.4,24.9,79.4,28.8,89.4,24.9,79.4,28.8,-10.0,3.900000000000002,10.733592129385205,49.822,Florian Wirtz,Bayer Leverkusen,,,validated_spatial_anchor,0.0399999999999636,120.0,40.6,,,negative_0005,1.0,nonpositive_0005,1.0,C11,533862946a73608c134d18b78226b6371ce7173c
3895210,1,15,904,843,00:12:25.317,Ball Receipt*,904,True,unsupported_event_type,False,False,745.317,65,c97f1219-e68c-46cd-805d-a34d67b24d44,False,False,False,not_leverkusen_pass_carry,,,79.4,28.8,,,,,,,,,,51.024,Piero Martín Hincapié Reyna,Bayer Leverkusen,,,linked_360_unsupported_semantics,1.2019999999999982,,,,,,,,,C11,533862946a73608c134d18b78226b6371ce7173c
3895210,1,15,904,844,00:12:25.317,Carry,904,True,validated_core_event_team_scope,True,False,745.317,66,874c2f7c-e692-476e-a7fa-dc9d0db855f7,True,True,True,safe_validated_frame_vector,79.4,28.8,79.4,28.8,79.4,28.8,79.4,28.8,79.4,28.8,0.0,0.0,0.0,51.024,Piero Martín Hincapié Reyna,Bayer Leverkusen,,,validated_spatial_anchor,0.0,120.0,40.6,,,,,nonpositive_0005,2.0,C11,533862946a73608c134d18b78226b6371ce7173c
3895210,1,15,904,845,00:12:25.946,Pass,904,True,validated_core_event_team_scope,True,False,745.946,67,4348e3ad-4b03-401e-b2bb-91effc153fe9,True,True,True,safe_validated_frame_vector,79.4,28.8,79.4,28.8,86.1,5.7,79.4,28.8,86.1,5.7,6.699999999999989,-23.1,24.052026941611384,51.65300000000002,Piero Martín Hincapié Reyna,Bayer Leverkusen,,,validated_spatial_anchor,0.6290000000000191,120.0,33.900000000000006,positive_0005,1.0,,,,,C11,533862946a73608c134d18b78226b6371ce7173c
3895210,1,15,904,846,00:12:26.791,Ball Receipt*,904,True,unsupported_event_type,False,False,746.791,68,5d13d6d4-2f4f-4a21-a0c7-8584fe5061ee,False,False,False,not_leverkusen_pass_carry,,,86.1,5.7,,,,,,,,,,52.49800000000005,Alejandro Grimaldo García,Bayer Leverkusen,,,linked_360_unsupported_semantics,0.8450000000000273,,,,,,,,,C11,533862946a73608c134d18b78226b6371ce7173c
3895210,1,15,904,847,00:12:26.791,Carry,904,True,validated_core_event_team_scope,True,False,746.791,69,061c8cc1-0660-4410-b828-2dde45a53440,True,True,True,safe_validated_frame_vector,86.1,5.7,86.1,5.7,83.4,7.0,86.1,5.7,83.4,7.0,-2.6999999999999886,1.2999999999999998,2.996664812754329,52.49800000000005,Alejandro Grimaldo García,Bayer Leverkusen,,,validated_spatial_anchor,0.0,120.0,36.6,,,negative_0006,1.0,nonpositive_0006,1.0,C11,533862946a73608c134d18b78226b6371ce7173c
3895210,1,15,904,848,00:12:27.058,Pressure,185,True,validated_core_event_team_scope,True,False,747.058,70,55b36a63-dba1-45fb-a023-aa013bb90ad5,False,False,False,not_leverkusen_pass_carry,88.9,7.5,31.1,72.5,,,,,,,,,,52.76499999999999,Franck Honorat,Borussia Mönchengladbach,,,validated_spatial_anchor,0.266999999999939,,,,,,,,,C11,533862946a73608c134d18b78226b6371ce7173c
3895210,1,15,904,849,00:12:27.917,Pass,904,True,validated_core_event_team_scope,True,False,747.917,71,5a981168-a90d-4bbc-b1f6-8e2909bbf260,True,True,True,safe_validated_frame_vector,83.4,7.0,83.4,7.0,70.3,17.4,83.4,7.0,70.3,17.4,-13.100000000000009,10.4,16.726326554267683,53.62400000000002,Alejandro Grimaldo García,Bayer Leverkusen,,,validated_spatial_anchor,0.8590000000000373,120.0,49.7,,,negative_0006,2.0,nonpositive_0006,2.0,C11,533862946a73608c134d18b78226b6371ce7173c
3895210,1,15,904,850,00:12:29.449,Ball Receipt*,904,True,unsupported_event_type,False,False,749.449,72,8c137ad4-752a-4e58-a080-0a786f4daaca,False,False,False,not_leverkusen_pass_carry,,,70.3,17.4,,,,,,,,,,55.15599999999995,Piero Martín Hincapié Reyna,Bayer Leverkusen,,,linked_360_unsupported_semantics,1.5319999999999254,,,,,,,,,C11,533862946a73608c134d18b78226b6371ce7173c
3895210,1,15,904,851,00:12:29.449,Carry,904,True,validated_core_event_team_scope,True,False,749.449,73,6eb81e62-1e09-4a53-8178-77b1037b02e0,True,True,True,safe_validated_frame_vector,70.3,17.4,70.3,17.4,65.0,17.6,70.3,17.4,65.0,17.6,-5.299999999999997,0.2000000000000028,5.303772242470445,55.15599999999995,Piero Martín Hincapié Reyna,Bayer Leverkusen,,,validated_spatial_anchor,0.0,120.0,55.0,,,negative_0006,3.0,nonpositive_0006,3.0,C11,533862946a73608c134d18b78226b6371ce7173c
3895210,1,15,904,852,00:12:29.872,Pressure,185,False,no_360_frame,False,False,749.872,74,59f0b1d4-7355-4727-8ce3-0addca272b5f,False,False,False,not_leverkusen_pass_carry,,,49.0,61.4,,,,,,,,,,55.57899999999995,Kouadio Emmanuel Koné,Borussia Mönchengladbach,,,no_360_frame,0.4230000000000018,,,,,,,,,C11,533862946a73608c134d18b78226b6371ce7173c
3895210,1,15,904,853,00:12:30.369,Pass,904,True,validated_core_event_team_scope,True,False,750.369,75,f73e7551-4e21-4984-a78a-ee2cf7d56487,True,True,True,safe_validated_frame_vector,65.0,17.6,65.0,17.6,29.8,43.1,65.0,17.6,29.8,43.1,-35.2,25.5,43.46596369574704,56.07600000000002,Piero Martín Hincapié Reyna,Bayer Leverkusen,,,validated_spatial_anchor,0.4970000000000709,120.0,90.2,,,negative_0006,4.0,nonpositive_0006,4.0,C11,533862946a73608c134d18b78226b6371ce7173c
3895210,1,15,904,854,00:12:34.023,Ball Receipt*,904,False,no_360_frame,False,False,754.023,76,e74890be-c55b-44b1-89e4-63b4bb4730c5,False,False,False,not_leverkusen_pass_carry,,,29.8,43.1,,,,,,,,,,59.73000000000002,Matěj Kovář,Bayer Leverkusen,,,no_360_frame,3.653999999999997,,,,,,,,,C11,533862946a73608c134d18b78226b6371ce7173c
3895210,1,15,904,855,00:12:34.023,Pass,904,False,no_360_frame,False,False,754.023,77,918e0a8f-e9d3-46bb-ab3e-0fb047632b1d,False,True,True,unsupported_or_unlinked_frame,,,31.1,42.6,40.9,69.3,,,,,,,,59.73000000000002,Matěj Kovář,Bayer Leverkusen,,,no_360_frame,0.0,,,,,,,,,C11,533862946a73608c134d18b78226b6371ce7173c
3895210,1,15,904,856,00:12:36.094,Ball Receipt*,904,False,no_360_frame,False,False,756.094,78,192fcc66-d1a3-4e38-99e3-7e1722f3d898,False,False,False,not_leverkusen_pass_carry,,,40.9,69.3,,,,,,,,,,61.801000000000045,Josip Stanišić,Bayer Leverkusen,,,no_360_frame,2.0710000000000264,,,,,,,,,C11,533862946a73608c134d18b78226b6371ce7173c
3895210,1,15,904,857,00:12:36.094,Carry,904,False,no_360_frame,False,False,756.094,79,3d37e000-62e1-486d-8b02-1a91b7da98d4,False,True,True,unsupported_or_unlinked_frame,,,40.9,69.3,44.0,69.9,,,,,,,,61.801000000000045,Josip Stanišić,Bayer Leverkusen,,,no_360_frame,0.0,,,,,,,,,C11,533862946a73608c134d18b78226b6371ce7173c
3895210,1,15,904,858,00:12:38.056,Pass,904,False,no_360_frame,False,False,758.056,80,437fb15f-a36f-4318-9437-b27ad80af6e8,False,True,True,unsupported_or_unlinked_frame,,,44.0,69.9,36.5,60.6,,,,,,,,63.763000000000034,Josip Stanišić,Bayer Leverkusen,,,no_360_frame,1.961999999999989,,,,,,,,,C11,533862946a73608c134d18b78226b6371ce7173c
3895210,1,15,904,859,00:12:39.457,Ball Receipt*,904,False,no_360_frame,False,False,759.457,81,fbbb38fd-52a4-4a59-8ad2-8776f9a0673b,False,False,False,not_leverkusen_pass_carry,,,36.5,60.6,,,,,,,,,,65.16399999999999,Robert Andrich,Bayer Leverkusen,,,no_360_frame,1.4009999999999536,,,,,,,,,C11,533862946a73608c134d18b78226b6371ce7173c
3895210,1,15,904,860,00:12:39.457,Carry,904,False,no_360_frame,False,False,759.457,82,5626fe40-8f62-437b-b71a-1b8e58df4d39,False,True,True,unsupported_or_unlinked_frame,,,36.5,60.6,36.2,60.6,,,,,,,,65.16399999999999,Robert Andrich,Bayer Leverkusen,,,no_360_frame,0.0,,,,,,,,,C11,533862946a73608c134d18b78226b6371ce7173c
3895210,1,15,904,861,00:12:40.181,Pass,904,False,no_360_frame,False,False,760.181,83,ad915d23-6357-486e-bbbd-f25e86a040b4,False,True,True,unsupported_or_unlinked_frame,,,36.2,60.6,42.2,20.2,,,,,,,,65.88800000000003,Robert Andrich,Bayer Leverkusen,,,no_360_frame,0.7240000000000464,,,,,,,,,C11,533862946a73608c134d18b78226b6371ce7173c
3895210,1,15,904,862,00:12:41.805,Ball Receipt*,904,False,no_360_frame,False,False,761.805,84,656a7603-8d25-4186-a1e0-88910a6af128,False,False,False,not_leverkusen_pass_carry,,,42.2,20.2,,,,,,,,,,67.51199999999994,Piero Martín Hincapié Reyna,Bayer Leverkusen,,,no_360_frame,1.62399999999991,,,,,,,,,C11,533862946a73608c134d18b78226b6371ce7173c
3895210,1,15,904,863,00:12:41.805,Carry,904,False,no_360_frame,False,False,761.805,85,2a583d70-c6bd-441f-9548-81ad444b0507,False,True,True,unsupported_or_unlinked_frame,,,42.2,20.2,47.5,10.2,,,,,,,,67.51199999999994,Piero Martín Hincapié Reyna,Bayer Leverkusen,,,no_360_frame,0.0,,,,,,,,,C11,533862946a73608c134d18b78226b6371ce7173c
3895210,1,15,904,864,00:12:43.640,Pass,904,True,validated_core_event_team_scope,True,False,763.64,86,3aa65707-fdc8-4dee-aeb9-c13132c72a72,True,True,True,safe_validated_frame_vector,47.5,10.2,47.5,10.2,61.1,22.7,47.5,10.2,61.1,22.7,13.6,12.5,18.47187050625897,69.34699999999998,Piero Martín Hincapié Reyna,Bayer Leverkusen,,,validated_spatial_anchor,1.8350000000000364,120.0,58.9,positive_0006,1.0,,,,,C11,533862946a73608c134d18b78226b6371ce7173c
3895210,1,15,904,865,00:12:44.267,Pressure,185,True,validated_core_event_team_scope,True,False,764.267,87,30d66217-ddbc-43cc-9d65-87bc3bf3a2d4,False,False,False,not_leverkusen_pass_carry,63.6,24.0,56.4,56.0,,,,,,,,,,69.97400000000005,Joseph Scally,Borussia Mönchengladbach,,,validated_spatial_anchor,0.6270000000000664,,,,,,,,,C11,533862946a73608c134d18b78226b6371ce7173c
3895210,1,15,904,866,00:12:44.556,Ball Receipt*,904,True,unsupported_event_type,False,False,764.556,88,839ca8d4-5eb7-4c89-897d-14592d38e4d1,False,False,False,not_leverkusen_pass_carry,,,61.1,22.7,,,,,,,,,,70.26300000000003,Florian Wirtz,Bayer Leverkusen,,,linked_360_unsupported_semantics,0.2889999999999872,,,,,,,,,C11,533862946a73608c134d18b78226b6371ce7173c
3895210,1,15,904,867,00:12:44.556,Carry,904,True,validated_core_event_team_scope,True,False,764.556,89,94a2d200-f477-40d8-8601-0f05e94e7c62,True,True,True,safe_validated_frame_vector,61.1,22.7,61.1,22.7,62.5,22.0,61.1,22.7,62.5,22.0,1.3999999999999986,-0.6999999999999993,1.5652475842498512,70.26300000000003,Florian Wirtz,Bayer Leverkusen,,,validated_spatial_anchor,0.0,120.0,57.5,positive_0006,2.0,,,,,C11,533862946a73608c134d18b78226b6371ce7173c
3895210,1,15,904,868,00:12:44.596,Pass,904,True,validated_core_event_team_scope,True,False,764.596,90,0dc6a159-0acf-4f11-b348-1006dab8a3bb,True,True,True,safe_validated_frame_vector,62.5,22.0,62.5,22.0,52.6,12.3,62.5,22.0,52.6,12.3,-9.9,-9.7,13.860014430006917,70.303,Florian Wirtz,Bayer Leverkusen,,,validated_spatial_anchor,0.0399999999999636,120.0,67.4,,,negative_0007,1.0,nonpositive_0007,1.0,C11,533862946a73608c134d18b78226b6371ce7173c
3895210,1,15,904,869,00:12:45.750,Ball Receipt*,904,True,unsupported_event_type,False,False,765.75,91,20e94f4e-1122-45c3-9f62-fea256f18dd8,False,False,False,not_leverkusen_pass_carry,,,52.6,12.3,,,,,,,,,,71.457,Piero Martín Hincapié Reyna,Bayer Leverkusen,,,linked_360_unsupported_semantics,1.1539999999999964,,,,,,,,,C11,533862946a73608c134d18b78226b6371ce7173c
3895210,1,15,904,870,00:12:45.750,Carry,904,True,validated_core_event_team_scope,True,False,765.75,92,d4c04475-f8ec-470f-8173-8205aa93cc08,True,True,True,safe_validated_frame_vector,52.6,12.3,52.6,12.3,53.4,10.4,52.6,12.3,53.4,10.4,0.7999999999999972,-1.9000000000000004,2.0615528128088294,71.457,Piero Martín Hincapié Reyna,Bayer Leverkusen,,,validated_spatial_anchor,0.0,120.0,66.6,positive_0007,1.0,,,,,C11,533862946a73608c134d18b78226b6371ce7173c
3895210,1,15,904,871,00:12:46.619,Pass,904,True,validated_core_event_team_scope,True,False,766.619,93,2caca110-a4e2-4b07-898e-012aa055db3b,True,True,True,safe_validated_frame_vector,53.4,10.4,53.4,10.4,57.5,21.0,53.4,10.4,57.5,21.0,4.100000000000001,10.6,11.365298060323804,72.32600000000002,Piero Martín Hincapié Reyna,Bayer Leverkusen,,,validated_spatial_anchor,0.8690000000000282,120.0,62.5,positive_0007,2.0,,,,,C11,533862946a73608c134d18b78226b6371ce7173c
3895210,1,15,904,872,00:12:47.056,Pressure,185,True,validated_core_event_team_scope,True,False,767.056,94,aec7625a-bc7d-47ea-8d0e-fc740f9f90d6,False,False,False,not_leverkusen_pass_carry,55.7,25.8,64.3,54.2,,,,,,,,,,72.76300000000003,Theoson Jordan Siebatcheu,Borussia Mönchengladbach,,,validated_spatial_anchor,0.4370000000000118,,,,,,,,,C11,533862946a73608c134d18b78226b6371ce7173c
3895210,1,15,904,873,00:12:47.403,Ball Receipt*,904,True,unsupported_event_type,False,False,767.403,95,b5e39947-7945-4158-9f97-b8203917825e,False,False,False,not_leverkusen_pass_carry,,,57.5,21.0,,,,,,,,,,73.11000000000001,Nadiem Amiri,Bayer Leverkusen,,,linked_360_unsupported_semantics,0.34699999999998,,,,,,,,,C11,533862946a73608c134d18b78226b6371ce7173c
3895210,1,15,904,874,00:12:47.403,Carry,904,True,validated_core_event_team_scope,True,False,767.403,96,8eda7413-e5e8-4cbe-9116-d286ef6cb90b,True,True,True,safe_validated_frame_vector,57.5,21.0,57.5,21.0,58.1,22.3,57.5,21.0,58.1,22.3,0.6000000000000014,1.3000000000000007,1.4317821063276366,73.11000000000001,Nadiem Amiri,Bayer Leverkusen,,,validated_spatial_anchor,0.0,120.0,61.9,positive_0007,3.0,,,,,C11,533862946a73608c134d18b78226b6371ce7173c
3895210,1,15,904,875,00:12:47.443,Pass,904,False,no_360_frame,False,False,767.443,97,360deb93-e846-4cb3-aba4-4a88cdefea09,False,True,True,unsupported_or_unlinked_frame,,,58.1,22.3,53.7,10.9,,,,,,,,73.14999999999998,Nadiem Amiri,Bayer Leverkusen,,,no_360_frame,0.0399999999999636,,,,,,,,,C11,533862946a73608c134d18b78226b6371ce7173c
3895210,1,15,904,876,00:12:48.207,Ball Receipt*,904,False,no_360_frame,False,False,768.207,98,d8ecbbd2-f2de-409b-85e1-3d5abdbb9033,False,False,False,not_leverkusen_pass_carry,,,53.7,10.9,,,,,,,,,,73.91399999999999,Piero Martín Hincapié Reyna,Bayer Leverkusen,,,no_360_frame,0.76400000000001,,,,,,,,,C11,533862946a73608c134d18b78226b6371ce7173c
3895210,1,15,904,877,00:12:48.207,Carry,904,False,no_360_frame,False,False,768.207,99,6afb0391-d4f1-4e63-82f6-93b51423a803,False,True,True,unsupported_or_unlinked_frame,,,53.7,10.9,53.7,10.9,,,,,,,,73.91399999999999,Piero Martín Hincapié Reyna,Bayer Leverkusen,,,no_360_frame,0.0,,,,,,,,,C11,533862946a73608c134d18b78226b6371ce7173c
3895210,1,15,904,878,00:12:49.606,Pass,904,True,validated_core_event_team_scope,True,False,769.606,100,0e9cbd12-adbb-4313-bd5f-005b4aa34381,True,True,True,safe_validated_frame_vector,53.7,10.9,53.7,10.9,45.0,23.5,53.7,10.9,45.0,23.5,-8.700000000000003,12.6,15.311760186209815,75.31299999999999,Piero Martín Hincapié Reyna,Bayer Leverkusen,,,validated_spatial_anchor,1.399000000000001,120.0,75.0,,,negative_0008,1.0,nonpositive_0008,1.0,C11,533862946a73608c134d18b78226b6371ce7173c
3895210,1,15,904,879,00:12:50.499,Ball Receipt*,904,True,unsupported_event_type,False,False,770.499,101,d6e1fe08-3b03-4d74-b639-9e75c392e08a,False,False,False,not_leverkusen_pass_carry,,,45.0,23.5,,,,,,,,,,76.20600000000002,Robert Andrich,Bayer Leverkusen,,,linked_360_unsupported_semantics,0.8930000000000291,,,,,,,,,C11,533862946a73608c134d18b78226b6371ce7173c
3895210,1,15,904,880,00:12:50.499,Carry,904,True,validated_core_event_team_scope,True,False,770.499,102,2edb1d49-e7dc-40d5-9449-8b5a7a7d03d5,True,True,True,safe_validated_frame_vector,45.0,23.5,45.0,23.5,45.3,29.1,45.0,23.5,45.3,29.1,0.2999999999999971,5.600000000000001,5.608029957123983,76.20600000000002,Robert Andrich,Bayer Leverkusen,,,validated_spatial_anchor,0.0,120.0,74.7,positive_0008,1.0,,,,,C11,533862946a73608c134d18b78226b6371ce7173c
3895210,1,15,904,881,00:12:51.654,Pass,904,False,no_360_frame,False,False,771.654,103,8a520080-fd26-4d19-97ab-04cac10f7e5f,False,True,True,unsupported_or_unlinked_frame,,,45.3,29.1,58.6,62.6,,,,,,,,77.36099999999999,Robert Andrich,Bayer Leverkusen,,,no_360_frame,1.1549999999999727,,,,,,,,,C11,533862946a73608c134d18b78226b6371ce7173c
3895210,1,15,904,882,00:12:52.927,Ball Receipt*,904,False,no_360_frame,False,False,772.927,104,c8d3ff36-058e-4a9e-8bbd-bdafcab7ac53,False,False,False,not_leverkusen_pass_carry,,,58.6,62.6,,,,,,,,,,78.63400000000001,Josip Stanišić,Bayer Leverkusen,,,no_360_frame,1.2730000000000246,,,,,,,,,C11,533862946a73608c134d18b78226b6371ce7173c
3895210,1,15,904,883,00:12:52.927,Carry,904,False,no_360_frame,False,False,772.927,105,fef37151-6431-4c93-bd67-1c43991d6419,False,True,True,unsupported_or_unlinked_frame,,,58.6,62.6,65.0,64.5,,,,,,,,78.63400000000001,Josip Stanišić,Bayer Leverkusen,,,no_360_frame,0.0,,,,,,,,,C11,533862946a73608c134d18b78226b6371ce7173c
3895210,1,15,904,884,00:12:53.913,Pass,904,True,validated_core_event_team_scope,True,False,773.913,106,42771319-3e67-48f6-b83a-a1058cf812cc,True,True,True,safe_validated_frame_vector,65.0,64.5,65.0,64.5,74.0,53.4,65.0,64.5,74.0,53.4,9.0,-11.1,14.290206436577463,79.62,Josip Stanišić,Bayer Leverkusen,,,validated_spatial_anchor,0.98599999999999,120.0,46.0,positive_0008,2.0,,,,,C11,533862946a73608c134d18b78226b6371ce7173c
3895210,1,15,904,885,00:12:54.972,Ball Receipt*,904,False,no_360_frame,False,False,774.972,107,c83c4d24-8167-451b-ad19-e5dbec4d55c0,False,False,False,not_leverkusen_pass_carry,,,74.0,53.4,,,,,,,,,,80.67899999999997,Jonas Hofmann,Bayer Leverkusen,,,no_360_frame,1.058999999999969,,,,,,,,,C11,533862946a73608c134d18b78226b6371ce7173c
3895210,1,15,904,886,00:12:54.972,Carry,904,False,no_360_frame,False,False,774.972,108,0bac5463-eaa0-40b6-ada2-a0547eefe3b9,False,True,True,unsupported_or_unlinked_frame,,,74.0,53.4,72.8,56.2,,,,,,,,80.67899999999997,Jonas Hofmann,Bayer Leverkusen,,,no_360_frame,0.0,,,,,,,,,C11,533862946a73608c134d18b78226b6371ce7173c
3895210,1,15,904,887,00:12:56.078,Pass,904,False,no_360_frame,False,False,776.078,109,bcddbaf6-acd6-449d-b7d9-b9111d40e9dd,False,True,True,unsupported_or_unlinked_frame,,,72.8,56.2,80.8,60.2,,,,,,,,81.78499999999997,Jonas Hofmann,Bayer Leverkusen,pass.outcome:Incomplete,,no_360_frame,1.1059999999999943,,,,,,,,,C11,533862946a73608c134d18b78226b6371ce7173c
3895210,1,15,904,888,00:12:56.358,Ball Receipt*,904,True,unsupported_event_type,False,False,776.358,110,62c20506-5dcd-4e0a-aeef-2c287862109e,False,False,False,not_leverkusen_pass_carry,,,87.2,60.1,,,,,,,,,,82.06499999999994,Josip Stanišić,Bayer Leverkusen,ball_receipt.outcome:Incomplete,,linked_360_unsupported_semantics,0.2799999999999727,,,,,,,,,C11,533862946a73608c134d18b78226b6371ce7173c
3895210,1,15,904,889,00:12:56.358,Block,185,True,unsupported_event_type,False,False,776.358,111,c1867070-d4f7-4d66-9d91-7ed239373c39,False,False,False,not_leverkusen_pass_carry,,,39.3,19.9,,,,,,,,,,82.06499999999994,Nico Elvedi,Borussia Mönchengladbach,type:Block,,linked_360_unsupported_semantics,0.0,,,,,,,,,C11,533862946a73608c134d18b78226b6371ce7173c
3895210,1,15,904,890,00:12:58.081,Pass,904,True,validated_core_event_team_scope,True,False,778.081,112,a7ca0dfd-8a31-4f8f-ab85-9f79ef7c191d,True,True,True,safe_validated_frame_vector,69.0,61.5,69.0,61.5,81.5,15.2,69.0,61.5,81.5,15.2,12.5,-46.3,47.957689685805335,83.78800000000001,Robert Andrich,Bayer Leverkusen,pass.type:Recovery,,validated_spatial_anchor,1.72300000000007,120.0,38.5,positive_0008,3.0,,,,,C11,533862946a73608c134d18b78226b6371ce7173c
3895210,1,15,904,891,00:13:00.104,Ball Receipt*,904,True,unsupported_event_type,False,False,780.104,113,237d61ef-0608-409c-ab35-5e9d0ff518f8,False,False,False,not_leverkusen_pass_carry,,,81.5,15.2,,,,,,,,,,85.81100000000004,Florian Wirtz,Bayer Leverkusen,,,linked_360_unsupported_semantics,2.023000000000025,,,,,,,,,C11,533862946a73608c134d18b78226b6371ce7173c
3895210,1,15,904,892,00:13:00.104,Carry,904,True,validated_core_event_team_scope,True,False,780.104,114,04ccfea4-adbc-4fa2-b692-2d6fe87b7a8d,True,True,True,safe_validated_frame_vector,81.5,15.2,81.5,15.2,81.4,15.2,81.5,15.2,81.4,15.2,-0.0999999999999943,0.0,0.0999999999999943,85.81100000000004,Florian Wirtz,Bayer Leverkusen,,,validated_spatial_anchor,0.0,120.0,38.6,,,negative_0009,1.0,nonpositive_0009,1.0,C11,533862946a73608c134d18b78226b6371ce7173c
3895210,1,15,904,893,00:13:03.153,Pass,904,True,validated_core_event_team_scope,True,False,783.153,115,55d0ff3f-7998-49d3-ba9e-c76b40604400,True,True,True,safe_validated_frame_vector,81.4,15.2,81.4,15.2,104.7,12.0,81.4,15.2,104.7,12.0,23.3,-3.1999999999999997,23.51871595134394,88.86000000000001,Florian Wirtz,Bayer Leverkusen,,,validated_spatial_anchor,3.048999999999978,120.0,15.299999999999995,positive_0009,1.0,,,,,C11,533862946a73608c134d18b78226b6371ce7173c
3895210,1,15,904,894,00:13:04.981,Ball Receipt*,904,True,unsupported_event_type,False,False,784.981,116,be4f91e9-43d9-4683-9eeb-88d10a9b08be,False,False,False,not_leverkusen_pass_carry,,,104.7,12.0,,,,,,,,,,90.688,Alejandro Grimaldo García,Bayer Leverkusen,,,linked_360_unsupported_semantics,1.8279999999999743,,,,,,,,,C11,533862946a73608c134d18b78226b6371ce7173c
3895210,1,15,904,895,00:13:04.981,Carry,904,True,validated_core_event_team_scope,True,False,784.981,117,0b0cfc44-0194-40c0-8794-919e6b6eaafd,True,True,True,safe_validated_frame_vector,104.7,12.0,104.7,12.0,108.4,12.3,104.7,12.0,108.4,12.3,3.700000000000003,0.3000000000000007,3.71214223865412,90.688,Alejandro Grimaldo García,Bayer Leverkusen,,,validated_spatial_anchor,0.0,120.0,11.599999999999994,positive_0009,2.0,,,,,C11,533862946a73608c134d18b78226b6371ce7173c
3895210,1,15,904,896,00:13:05.615,Pass,904,True,validated_core_event_team_scope,True,False,785.615,118,3f03c193-b9ae-492f-8a8e-1c7994ebd54c,True,True,True,safe_validated_frame_vector,108.4,12.3,108.4,12.3,107.0,37.0,108.4,12.3,107.0,37.0,-1.4000000000000057,24.7,24.739644298170496,91.322,Alejandro Grimaldo García,Bayer Leverkusen,,,validated_spatial_anchor,0.6340000000000146,120.0,13.0,,,negative_0010,1.0,nonpositive_0010,1.0,C11,533862946a73608c134d18b78226b6371ce7173c
3895210,1,15,904,897,00:13:06.170,Pressure,185,True,validated_core_event_team_scope,True,False,786.17,119,1640fcb1-8e00-4171-ac32-8ac15419da42,False,False,False,not_leverkusen_pass_carry,103.3,32.9,16.7,47.1,,,,,,,,,,91.87699999999997,Julian Weigl,Borussia Mönchengladbach,,,validated_spatial_anchor,0.55499999999995,,,,,,,,,C11,533862946a73608c134d18b78226b6371ce7173c
3895210,1,15,904,898,00:13:06.575,Ball Receipt*,904,True,unsupported_event_type,False,False,786.575,120,ed371990-79e2-496c-86b4-4b0091ebf8fa,False,False,False,not_leverkusen_pass_carry,,,107.0,37.0,,,,,,,,,,92.28200000000004,Patrik Schick,Bayer Leverkusen,,,linked_360_unsupported_semantics,0.4050000000000864,,,,,,,,,C11,533862946a73608c134d18b78226b6371ce7173c
3895210,1,15,904,899,00:13:06.575,Carry,904,True,validated_core_event_team_scope,True,False,786.575,121,aa6df627-a14f-4e19-9029-c796adf61b30,True,True,True,safe_validated_frame_vector,107.0,37.0,107.0,37.0,105.8,37.1,107.0,37.0,105.8,37.1,-1.2000000000000028,0.1000000000000014,1.2041594578792325,92.28200000000004,Patrik Schick,Bayer Leverkusen,,,validated_spatial_anchor,0.0,120.0,14.200000000000005,,,negative_0010,2.0,nonpositive_0010,2.0,C11,533862946a73608c134d18b78226b6371ce7173c
3895210,1,15,904,900,00:13:06.997,Dispossessed,904,True,unsupported_event_type,False,False,786.997,122,598f0bd5-89e6-4796-a7b8-bf72782534b3,False,False,False,not_leverkusen_pass_carry,,,105.8,37.1,,,,,,,,,,92.70399999999997,Patrik Schick,Bayer Leverkusen,type:Dispossessed,,linked_360_unsupported_semantics,0.4219999999999118,,,,,,,,,C11,533862946a73608c134d18b78226b6371ce7173c
3895210,1,15,904,901,00:13:06.997,Duel,185,True,unsupported_event_type,False,False,786.997,123,3b3bc087-c0c8-4028-af0a-d9c1d7cac94c,False,False,False,not_leverkusen_pass_carry,,,14.3,43.0,,,,,,,,,,92.70399999999997,Julian Weigl,Borussia Mönchengladbach,type:Duel;duel.outcome:Lost In Play,,linked_360_unsupported_semantics,0.0,,,,,,,,,C11,533862946a73608c134d18b78226b6371ce7173c
3895210,1,15,904,902,00:13:08.266,Pressure,185,True,validated_core_event_team_scope,True,False,788.266,124,87779c1a-de93-40fa-9401-50eda98dea2c,False,False,False,not_leverkusen_pass_carry,107.5,34.5,12.5,45.5,,,,,,,,,,93.97299999999996,Marvin Friedrich,Borussia Mönchengladbach,,,validated_spatial_anchor,1.2690000000000057,,,,,,,,,C11,533862946a73608c134d18b78226b6371ce7173c
3895210,1,15,904,903,00:13:08.477,Pressure,185,True,validated_core_event_team_scope,True,False,788.477,125,01cac00e-2697-4b2a-8e24-b66a0684534c,False,False,False,not_leverkusen_pass_carry,108.3,32.5,11.7,47.5,,,,,,,,,,94.18399999999995,Franck Honorat,Borussia Mönchengladbach,,,validated_spatial_anchor,0.2110000000000127,,,,,,,,,C11,533862946a73608c134d18b78226b6371ce7173c
3895210,1,15,904,904,00:13:08.640,Ball Recovery,904,True,unsupported_event_type,False,False,788.64,126,15d5c25c-c4d2-482b-85d6-c23c50c941f7,False,False,False,not_leverkusen_pass_carry,,,107.5,35.1,,,,,,,,,,94.34699999999998,Patrik Schick,Bayer Leverkusen,type:Ball Recovery,,linked_360_unsupported_semantics,0.1630000000000109,,,,,,,,,C11,533862946a73608c134d18b78226b6371ce7173c
3895210,1,15,904,905,00:13:08.640,Carry,904,True,validated_core_event_team_scope,True,False,788.64,127,7f7ac940-55e0-42b1-ad1a-c9a8d240e90b,True,True,True,safe_validated_frame_vector,107.5,35.1,107.5,35.1,106.7,35.2,107.5,35.1,106.7,35.2,-0.7999999999999972,0.1000000000000014,0.8062257748298522,94.34699999999998,Patrik Schick,Bayer Leverkusen,,,validated_spatial_anchor,0.0,120.0,13.299999999999995,,,negative_0010,3.0,nonpositive_0010,3.0,C11,533862946a73608c134d18b78226b6371ce7173c
3895210,1,15,904,906,00:13:08.919,Pass,904,True,validated_core_event_team_scope,True,False,788.919,128,548aeea8-dada-4960-9ffa-1c6aaa791cdd,True,True,True,safe_validated_frame_vector,106.7,35.2,106.7,35.2,97.6,18.8,106.7,35.2,97.6,18.8,-9.100000000000009,-16.400000000000002,18.75553251710013,94.62599999999998,Patrik Schick,Bayer Leverkusen,,,validated_spatial_anchor,0.2789999999999963,120.0,22.40000000000001,,,negative_0010,4.0,nonpositive_0010,4.0,C11,533862946a73608c134d18b78226b6371ce7173c
3895210,1,15,904,907,00:13:10.203,Ball Receipt*,904,True,unsupported_event_type,False,False,790.203,129,38221a7a-4d54-4e8b-a4d9-baaefc6251fe,False,False,False,not_leverkusen_pass_carry,,,97.6,18.8,,,,,,,,,,95.90999999999995,Florian Wirtz,Bayer Leverkusen,,,linked_360_unsupported_semantics,1.2839999999999918,,,,,,,,,C11,533862946a73608c134d18b78226b6371ce7173c
3895210,1,15,904,908,00:13:10.203,Carry,904,True,validated_core_event_team_scope,True,False,790.203,130,42ec19a2-c90a-42c9-b2a2-c4543d139d3f,True,True,True,safe_validated_frame_vector,97.6,18.8,97.6,18.8,96.9,23.5,97.6,18.8,96.9,23.5,-0.6999999999999886,4.699999999999999,4.751841748206687,95.90999999999995,Florian Wirtz,Bayer Leverkusen,,,validated_spatial_anchor,0.0,120.0,23.099999999999994,,,negative_0010,5.0,nonpositive_0010,5.0,C11,533862946a73608c134d18b78226b6371ce7173c
3895210,1,15,904,909,00:13:10.852,Pressure,185,True,validated_core_event_team_scope,True,False,790.852,131,061f9274-79a1-4725-bd57-064d2f41b581,False,False,False,not_leverkusen_pass_carry,99.1,22.200000000000003,20.9,57.8,,,,,,,,,,96.55899999999995,Franck Honorat,Borussia Mönchengladbach,,,validated_spatial_anchor,0.6490000000000009,,,,,,,,,C11,533862946a73608c134d18b78226b6371ce7173c
3895210,1,15,904,910,00:13:11.350,Pass,904,True,validated_core_event_team_scope,True,False,791.35,132,24252aca-68c6-423a-989d-3bf977dfcf7e,True,True,True,safe_validated_frame_vector,96.9,23.5,96.9,23.5,94.4,35.2,96.9,23.5,94.4,35.2,-2.5,11.700000000000005,11.964113005150027,97.05700000000002,Florian Wirtz,Bayer Leverkusen,,,validated_spatial_anchor,0.4980000000000473,120.0,25.599999999999994,,,negative_0010,6.0,nonpositive_0010,6.0,C11,533862946a73608c134d18b78226b6371ce7173c
3895210,1,15,904,911,00:13:11.975,Ball Receipt*,904,True,unsupported_event_type,False,False,791.975,133,46216f44-a8b3-4026-a8ea-4e3fc321f750,False,False,False,not_leverkusen_pass_carry,,,94.4,35.2,,,,,,,,,,97.68200000000002,Granit Xhaka,Bayer Leverkusen,,,linked_360_unsupported_semantics,0.625,,,,,,,,,C11,533862946a73608c134d18b78226b6371ce7173c
3895210,1,15,904,912,00:13:11.975,Pass,904,True,validated_core_event_team_scope,True,False,791.975,134,2e83fb79-c0f7-4e7c-8735-6625dd333b61,True,True,True,safe_validated_frame_vector,94.4,35.2,94.4,35.2,83.4,24.1,94.4,35.2,83.4,24.1,-11.0,-11.1,15.627219842313604,97.68200000000002,Granit Xhaka,Bayer Leverkusen,,,validated_spatial_anchor,0.0,120.0,36.6,,,negative_0010,7.0,nonpositive_0010,7.0,C11,533862946a73608c134d18b78226b6371ce7173c
3895210,1,15,904,913,00:13:13.822,Ball Receipt*,904,True,unsupported_event_type,False,False,793.822,135,b9dfb4b4-843c-4046-9385-07bb45a0ba70,False,False,False,not_leverkusen_pass_carry,,,83.4,24.1,,,,,,,,,,99.529,Piero Martín Hincapié Reyna,Bayer Leverkusen,,,linked_360_unsupported_semantics,1.84699999999998,,,,,,,,,C11,533862946a73608c134d18b78226b6371ce7173c
3895210,1,15,904,914,00:13:13.822,Carry,904,True,validated_core_event_team_scope,True,False,793.822,136,d30826b5-7c53-4499-a49d-3e44cc5bcb47,True,True,True,safe_validated_frame_vector,83.4,24.1,83.4,24.1,83.4,24.1,83.4,24.1,83.4,24.1,0.0,0.0,0.0,99.529,Piero Martín Hincapié Reyna,Bayer Leverkusen,,,validated_spatial_anchor,0.0,120.0,36.6,,,,,nonpositive_0010,8.0,C11,533862946a73608c134d18b78226b6371ce7173c
3895210,1,15,904,915,00:13:14.106,Pass,904,True,validated_core_event_team_scope,True,False,794.106,137,12ece6a4-7f8e-497f-921b-9289d2882dc2,True,True,True,safe_validated_frame_vector,83.4,24.1,83.4,24.1,99.5,6.3,83.4,24.1,99.5,6.3,16.099999999999994,-17.8,24.00104164406203,99.813,Piero Martín Hincapié Reyna,Bayer Leverkusen,,,validated_spatial_anchor,0.2839999999999918,120.0,20.5,positive_0010,1.0,,,,,C11,533862946a73608c134d18b78226b6371ce7173c
3895210,1,15,904,916,00:13:15.231,Ball Receipt*,904,False,no_360_frame,False,False,795.231,138,3339570e-f996-49c3-9753-d838effced00,False,False,False,not_leverkusen_pass_carry,,,99.5,6.3,,,,,,,,,,100.938,Alejandro Grimaldo García,Bayer Leverkusen,,,no_360_frame,1.125,,,,,,,,,C11,533862946a73608c134d18b78226b6371ce7173c
3895210,1,15,904,917,00:13:15.231,Carry,904,False,no_360_frame,False,False,795.231,139,acf52526-5bfa-44f0-8c4d-db1afc0e607e,False,True,True,unsupported_or_unlinked_frame,,,99.5,6.3,92.6,6.0,,,,,,,,100.938,Alejandro Grimaldo García,Bayer Leverkusen,,,no_360_frame,0.0,,,,,,,,,C11,533862946a73608c134d18b78226b6371ce7173c
3895210,1,15,904,918,00:13:16.067,Pressure,185,False,no_360_frame,False,False,796.067,140,59f262b8-86ae-4ffe-a4da-76b58faa6ee1,False,False,False,not_leverkusen_pass_carry,,,19.7,71.6,,,,,,,,,,101.774,Kouadio Emmanuel Koné,Borussia Mönchengladbach,,,no_360_frame,0.8360000000000127,,,,,,,,,C11,533862946a73608c134d18b78226b6371ce7173c
3895210,1,15,904,919,00:13:16.181,Pass,904,False,no_360_frame,False,False,796.181,141,fc18dd0c-58f6-4c18-8426-2d59571dc7a7,False,True,True,unsupported_or_unlinked_frame,,,92.6,6.0,95.0,16.3,,,,,,,,101.88800000000003,Alejandro Grimaldo García,Bayer Leverkusen,,,no_360_frame,0.1140000000000327,,,,,,,,,C11,533862946a73608c134d18b78226b6371ce7173c
3895210,1,15,904,920,00:13:16.950,Ball Receipt*,904,True,unsupported_event_type,False,False,796.95,142,a07cdf38-ecff-4334-bb1d-cac73fb4ced4,False,False,False,not_leverkusen_pass_carry,,,95.0,16.3,,,,,,,,,,102.65700000000004,Florian Wirtz,Bayer Leverkusen,,,linked_360_unsupported_semantics,0.7690000000000055,,,,,,,,,C11,533862946a73608c134d18b78226b6371ce7173c
3895210,1,15,904,921,00:13:16.950,Carry,904,True,validated_core_event_team_scope,True,False,796.95,143,38c06d53-0ee5-4bf8-9af0-92baaf59f33d,True,True,True,safe_validated_frame_vector,95.0,16.3,95.0,16.3,95.0,16.3,95.0,16.3,95.0,16.3,0.0,0.0,0.0,102.65700000000004,Florian Wirtz,Bayer Leverkusen,,,validated_spatial_anchor,0.0,120.0,25.0,,,,,nonpositive_0011,1.0,C11,533862946a73608c134d18b78226b6371ce7173c
3895210,1,15,904,922,00:13:17.480,Pass,904,True,validated_core_event_team_scope,True,False,797.48,144,d91a5a4f-f918-42e8-8352-04092358e67d,True,True,True,safe_validated_frame_vector,95.0,16.3,95.0,16.3,90.4,7.1,95.0,16.3,90.4,7.1,-4.599999999999994,-9.2,10.28591269649903,103.187,Florian Wirtz,Bayer Leverkusen,,,validated_spatial_anchor,0.5299999999999727,120.0,29.599999999999994,,,negative_0011,1.0,nonpositive_0011,2.0,C11,533862946a73608c134d18b78226b6371ce7173c
3895210,1,15,904,923,00:13:18.127,Pressure,185,True,validated_core_event_team_scope,True,False,798.127,145,f5308f44-daaf-4a55-ab25-da5e40d88da6,False,False,False,not_leverkusen_pass_carry,94.3,7.5,25.7,72.5,,,,,,,,,,103.83399999999996,Kouadio Emmanuel Koné,Borussia Mönchengladbach,,,validated_spatial_anchor,0.6469999999999345,,,,,,,,,C11,533862946a73608c134d18b78226b6371ce7173c
3895210,1,15,904,924,00:13:18.201,Ball Receipt*,904,True,unsupported_event_type,False,False,798.201,146,d3b1a096-ba7b-4cd5-9e5a-4146e2a9532e,False,False,False,not_leverkusen_pass_carry,,,90.4,7.1,,,,,,,,,,103.90800000000002,Alejandro Grimaldo García,Bayer Leverkusen,,,linked_360_unsupported_semantics,0.0740000000000691,,,,,,,,,C11,533862946a73608c134d18b78226b6371ce7173c
3895210,1,15,904,925,00:13:18.201,Carry,904,True,validated_core_event_team_scope,True,False,798.201,147,aacac8a9-dc9b-4b69-b039-fef6d489a7b2,True,True,True,safe_validated_frame_vector,90.4,7.1,90.4,7.1,89.2,7.9,90.4,7.1,89.2,7.9,-1.2000000000000028,0.8000000000000007,1.4422205101855985,103.90800000000002,Alejandro Grimaldo García,Bayer Leverkusen,,,validated_spatial_anchor,0.0,120.0,30.8,,,negative_0011,2.0,nonpositive_0011,3.0,C11,533862946a73608c134d18b78226b6371ce7173c
3895210,1,15,904,926,00:13:18.754,Pass,904,True,validated_core_event_team_scope,True,False,798.754,148,040d376f-be75-45e6-8849-1d9b744b1d77,True,True,True,safe_validated_frame_vector,89.2,7.9,89.2,7.9,89.4,16.8,89.2,7.9,89.4,16.8,0.2000000000000028,8.9,8.902246907382429,104.461,Alejandro Grimaldo García,Bayer Leverkusen,,,validated_spatial_anchor,0.5529999999999973,120.0,30.599999999999994,positive_0011,1.0,,,,,C11,533862946a73608c134d18b78226b6371ce7173c
3895210,1,15,904,927,00:13:19.293,Pressure,185,False,no_360_frame,False,False,799.293,149,c9e923ef-41f2-4d2c-9816-47da4987c4f7,False,False,False,not_leverkusen_pass_carry,,,29.5,61.1,,,,,,,,,,105.0,Kouadio Emmanuel Koné,Borussia Mönchengladbach,,,no_360_frame,0.5389999999999873,,,,,,,,,C11,533862946a73608c134d18b78226b6371ce7173c
3895210,1,15,904,928,00:13:19.396,Ball Receipt*,904,True,unsupported_event_type,False,False,799.396,150,79a26135-588e-47a4-99b7-53962421d8ea,False,False,False,not_leverkusen_pass_carry,,,89.4,16.8,,,,,,,,,,105.10299999999997,Nadiem Amiri,Bayer Leverkusen,,,linked_360_unsupported_semantics,0.1029999999999518,,,,,,,,,C11,533862946a73608c134d18b78226b6371ce7173c
3895210,1,15,904,929,00:13:19.396,Carry,904,True,validated_core_event_team_scope,True,False,799.396,151,55dd31a7-19d6-4e57-8b9b-fbe70e1f54e6,True,True,True,safe_validated_frame_vector,89.4,16.8,89.4,16.8,89.0,16.5,89.4,16.8,89.0,16.5,-0.4000000000000057,-0.3000000000000007,0.500000000000005,105.10299999999997,Nadiem Amiri,Bayer Leverkusen,,,validated_spatial_anchor,0.0,120.0,31.0,,,negative_0012,1.0,nonpositive_0012,1.0,C11,533862946a73608c134d18b78226b6371ce7173c
3895210,1,15,904,930,00:13:19.707,Pass,904,True,validated_core_event_team_scope,True,False,799.707,152,50809ed4-c4c8-4a2d-ac5f-bc87fe84d39e,True,True,True,safe_validated_frame_vector,89.0,16.5,89.0,16.5,68.9,8.7,89.0,16.5,68.9,8.7,-20.099999999999994,-7.800000000000001,21.56038033059713,105.414,Nadiem Amiri,Bayer Leverkusen,,,validated_spatial_anchor,0.3110000000000354,120.0,51.1,,,negative_0012,2.0,nonpositive_0012,2.0,C11,533862946a73608c134d18b78226b6371ce7173c
3895210,1,15,904,931,00:13:20.906,Ball Receipt*,904,True,unsupported_event_type,False,False,800.906,153,60a490db-954c-4b4f-8209-06f427d194c1,False,False,False,not_leverkusen_pass_carry,,,68.9,8.7,,,,,,,,,,106.61299999999994,Piero Martín Hincapié Reyna,Bayer Leverkusen,,,linked_360_unsupported_semantics,1.1989999999999554,,,,,,,,,C11,533862946a73608c134d18b78226b6371ce7173c
3895210,1,15,904,932,00:13:20.906,Carry,904,True,validated_core_event_team_scope,True,False,800.906,154,33a14429-6052-4658-bfaa-e2ac414e63d0,True,True,True,safe_validated_frame_vector,68.9,8.7,68.9,8.7,68.9,8.7,68.9,8.7,68.9,8.7,0.0,0.0,0.0,106.61299999999994,Piero Martín Hincapié Reyna,Bayer Leverkusen,,,validated_spatial_anchor,0.0,120.0,51.1,,,,,nonpositive_0012,3.0,C11,533862946a73608c134d18b78226b6371ce7173c
3895210,1,15,904,933,00:13:21.638,Pass,904,True,validated_core_event_team_scope,True,False,801.638,155,ff71636e-0d29-4d42-8507-042202953bc1,True,True,True,safe_validated_frame_vector,68.9,8.7,68.9,8.7,64.7,26.3,68.9,8.7,64.7,26.3,-4.200000000000003,17.6,18.094197965093677,107.34500000000004,Piero Martín Hincapié Reyna,Bayer Leverkusen,,,validated_spatial_anchor,0.7320000000000846,120.0,55.3,,,negative_0013,1.0,nonpositive_0012,4.0,C11,533862946a73608c134d18b78226b6371ce7173c
3895210,1,15,904,934,00:13:22.702,Ball Receipt*,904,True,unsupported_event_type,False,False,802.702,156,4ac938bf-d936-4885-b4fa-e8fbb1050301,False,False,False,not_leverkusen_pass_carry,,,64.7,26.3,,,,,,,,,,108.409,Robert Andrich,Bayer Leverkusen,,,linked_360_unsupported_semantics,1.0639999999999643,,,,,,,,,C11,533862946a73608c134d18b78226b6371ce7173c
3895210,1,15,904,935,00:13:22.702,Carry,904,True,validated_core_event_team_scope,True,False,802.702,157,8931e8ca-45a3-48f9-bde6-266424412582,True,True,True,safe_validated_frame_vector,64.7,26.3,64.7,26.3,64.7,26.3,64.7,26.3,64.7,26.3,0.0,0.0,0.0,108.409,Robert Andrich,Bayer Leverkusen,,,validated_spatial_anchor,0.0,120.0,55.3,,,,,nonpositive_0012,5.0,C11,533862946a73608c134d18b78226b6371ce7173c
3895210,1,15,904,936,00:13:22.742,Pass,904,True,validated_core_event_team_scope,True,False,802.742,158,f778fa59-72d5-486c-a50a-1a7f7bfb4e86,True,True,True,safe_validated_frame_vector,64.7,26.3,64.7,26.3,74.2,27.3,64.7,26.3,74.2,27.3,9.5,1.0,9.5524865872714,108.44899999999996,Robert Andrich,Bayer Leverkusen,,,validated_spatial_anchor,0.0399999999999636,120.0,45.8,positive_0012,1.0,,,,,C11,533862946a73608c134d18b78226b6371ce7173c
3895210,1,15,904,937,00:13:23.375,Ball Receipt*,904,True,unsupported_event_type,False,False,803.375,159,063db4cb-f213-49a9-a13b-7651b38a33f6,False,False,False,not_leverkusen_pass_carry,,,74.2,27.3,,,,,,,,,,109.082,Granit Xhaka,Bayer Leverkusen,,,linked_360_unsupported_semantics,0.6330000000000382,,,,,,,,,C11,533862946a73608c134d18b78226b6371ce7173c
3895210,1,15,904,938,00:13:23.375,Carry,904,True,validated_core_event_team_scope,True,False,803.375,160,84072a35-b7cb-4a78-981e-76bd28e1035b,True,True,True,safe_validated_frame_vector,74.2,27.3,74.2,27.3,74.4,31.3,74.2,27.3,74.4,31.3,0.2000000000000028,4.0,4.004996878900157,109.082,Granit Xhaka,Bayer Leverkusen,,,validated_spatial_anchor,0.0,120.0,45.6,positive_0012,2.0,,,,,C11,533862946a73608c134d18b78226b6371ce7173c
3895210,1,15,904,939,00:13:25.082,Pass,904,True,validated_core_event_team_scope,True,False,805.082,161,74116a9e-e826-4be9-a19f-83ab9aef339c,True,True,True,safe_validated_frame_vector,74.4,31.3,74.4,31.3,73.1,64.5,74.4,31.3,73.1,64.5,-1.3000000000000114,33.2,33.22544205875973,110.789,Granit Xhaka,Bayer Leverkusen,,,validated_spatial_anchor,1.7069999999999936,120.0,46.900000000000006,,,negative_0014,1.0,nonpositive_0013,1.0,C11,533862946a73608c134d18b78226b6371ce7173c
3895210,1,15,904,940,00:13:26.757,Ball Receipt*,904,False,no_360_frame,False,False,806.757,162,2b733084-0e32-42cd-b39c-b3c6221803c1,False,False,False,not_leverkusen_pass_carry,,,73.1,64.5,,,,,,,,,,112.46399999999994,Josip Stanišić,Bayer Leverkusen,,,no_360_frame,1.6749999999999543,,,,,,,,,C11,533862946a73608c134d18b78226b6371ce7173c
3895210,1,15,904,941,00:13:26.757,Carry,904,False,no_360_frame,False,False,806.757,163,818f2bd7-9a95-4eaf-a772-508c573e6620,False,True,True,unsupported_or_unlinked_frame,,,73.1,64.5,79.5,62.7,,,,,,,,112.46399999999994,Josip Stanišić,Bayer Leverkusen,,,no_360_frame,0.0,,,,,,,,,C11,533862946a73608c134d18b78226b6371ce7173c
3895210,1,15,904,942,00:13:28.233,Pass,904,True,validated_core_event_team_scope,True,False,808.233,164,2297b2fe-f352-4c79-a490-a3f3cae95729,True,True,True,safe_validated_frame_vector,79.5,62.7,79.5,62.7,88.1,67.9,79.5,62.7,88.1,67.9,8.599999999999994,5.200000000000003,10.049875621120888,113.93999999999994,Josip Stanišić,Bayer Leverkusen,,,validated_spatial_anchor,1.475999999999999,120.0,31.90000000000001,positive_0013,1.0,,,,,C11,533862946a73608c134d18b78226b6371ce7173c
3895210,1,15,904,943,00:13:28.960,Ball Receipt*,904,False,no_360_frame,False,False,808.96,165,20355664-73ea-4c7f-a5f3-025d7840de8b,False,False,False,not_leverkusen_pass_carry,,,88.1,67.9,,,,,,,,,,114.66700000000004,Jonas Hofmann,Bayer Leverkusen,,,no_360_frame,0.7270000000000891,,,,,,,,,C11,533862946a73608c134d18b78226b6371ce7173c
3895210,1,15,904,944,00:13:28.960,Carry,904,False,no_360_frame,False,False,808.96,166,870ea8e6-1bc0-4601-ab6e-a0d6d4a0660a,False,True,True,unsupported_or_unlinked_frame,,,88.1,67.9,87.9,68.4,,,,,,,,114.66700000000004,Jonas Hofmann,Bayer Leverkusen,,,no_360_frame,0.0,,,,,,,,,C11,533862946a73608c134d18b78226b6371ce7173c
3895210,1,15,904,945,00:13:31.554,Pass,904,True,validated_core_event_team_scope,True,False,811.554,167,2552adf7-c6a8-40fb-97e6-0af6bde99faf,True,True,True,safe_validated_frame_vector,87.9,68.4,87.9,68.4,91.7,59.3,87.9,68.4,91.7,59.3,3.799999999999997,-9.100000000000009,9.861541461658016,117.26099999999995,Jonas Hofmann,Bayer Leverkusen,,,validated_spatial_anchor,2.593999999999937,120.0,28.3,positive_0013,2.0,,,,,C11,533862946a73608c134d18b78226b6371ce7173c
3895210,1,15,904,946,00:13:32.369,Ball Receipt*,904,True,unsupported_event_type,False,False,812.369,168,4c68a8cc-281b-4b8a-bdda-1e8d47754d62,False,False,False,not_leverkusen_pass_carry,,,91.7,59.3,,,,,,,,,,118.07600000000002,Granit Xhaka,Bayer Leverkusen,,,linked_360_unsupported_semantics,0.8150000000000546,,,,,,,,,C11,533862946a73608c134d18b78226b6371ce7173c
3895210,1,15,904,947,00:13:32.369,Carry,904,True,validated_core_event_team_scope,True,False,812.369,169,c322f2be-dd35-42d5-a02c-a04aabf3c175,True,True,True,safe_validated_frame_vector,91.7,59.3,91.7,59.3,98.3,57.9,91.7,59.3,98.3,57.9,6.599999999999994,-1.3999999999999986,6.746851117373194,118.07600000000002,Granit Xhaka,Bayer Leverkusen,,,validated_spatial_anchor,0.0,120.0,21.700000000000003,positive_0013,3.0,,,,,C11,533862946a73608c134d18b78226b6371ce7173c
3895210,1,15,904,948,00:13:33.538,Pass,904,True,validated_core_event_team_scope,True,False,813.538,170,072d3a68-6251-4159-b5a4-ca384c9492dd,True,True,True,safe_validated_frame_vector,98.3,57.9,98.3,57.9,95.0,62.9,98.3,57.9,95.0,62.9,-3.299999999999997,5.0,5.990826320300062,119.245,Granit Xhaka,Bayer Leverkusen,,,validated_spatial_anchor,1.1689999999999827,120.0,25.0,,,negative_0015,1.0,nonpositive_0014,1.0,C11,533862946a73608c134d18b78226b6371ce7173c
3895210,1,15,904,949,00:13:33.982,Pressure,185,True,validated_core_event_team_scope,True,False,813.982,171,982e4999-ac5f-4409-881b-e2ce9d516430,False,False,False,not_leverkusen_pass_carry,97.4,61.1,22.6,18.9,,,,,,,,,,119.68899999999996,Nico Elvedi,Borussia Mönchengladbach,,,validated_spatial_anchor,0.44399999999996,,,,,,,,,C11,533862946a73608c134d18b78226b6371ce7173c
3895210,1,15,904,950,00:13:34.091,Pressure,185,True,validated_core_event_team_scope,True,False,814.091,172,3cd23965-d1cf-4d06-aca6-f6ee5367718b,False,False,False,not_leverkusen_pass_carry,93.5,64.0,26.5,16.0,,,,,,,,,,119.798,Florian Neuhaus,Borussia Mönchengladbach,,,validated_spatial_anchor,0.1090000000000372,,,,,,,,,C11,533862946a73608c134d18b78226b6371ce7173c
3895210,1,15,904,951,00:13:34.553,Ball Receipt*,904,True,unsupported_event_type,False,False,814.553,173,1a6366cd-cdca-4be1-ace2-a716f5f4bca7,False,False,False,not_leverkusen_pass_carry,,,95.0,62.9,,,,,,,,,,120.26,Josip Stanišić,Bayer Leverkusen,,,linked_360_unsupported_semantics,0.4619999999999891,,,,,,,,,C11,533862946a73608c134d18b78226b6371ce7173c
3895210,1,15,904,952,00:13:34.553,Carry,904,True,validated_core_event_team_scope,True,False,814.553,174,38789632-709a-4feb-ae93-4b11ff130f18,True,True,True,safe_validated_frame_vector,95.0,62.9,95.0,62.9,97.0,63.4,95.0,62.9,97.0,63.4,2.0,0.5,2.0615528128088303,120.26,Josip Stanišić,Bayer Leverkusen,,,validated_spatial_anchor,0.0,120.0,23.0,positive_0014,1.0,,,,,C11,533862946a73608c134d18b78226b6371ce7173c
3895210,1,15,904,953,00:13:34.581,Pass,904,True,validated_core_event_team_scope,True,False,814.581,175,250eb9be-6526-44c4-85fe-91f8015fc51d,True,True,True,safe_validated_frame_vector,97.0,63.4,97.0,63.4,89.0,67.4,97.0,63.4,89.0,67.4,-8.0,4.000000000000007,8.944271909999163,120.288,Josip Stanišić,Bayer Leverkusen,,,validated_spatial_anchor,0.02800000000002,120.0,31.0,,,negative_0016,1.0,nonpositive_0015,1.0,C11,533862946a73608c134d18b78226b6371ce7173c
3895210,1,15,904,954,00:13:35.713,Ball Receipt*,904,True,unsupported_event_type,False,False,815.713,176,fb646e93-efec-4450-87e6-97324d319d31,False,False,False,not_leverkusen_pass_carry,,,89.0,67.4,,,,,,,,,,121.41999999999996,Jonas Hofmann,Bayer Leverkusen,,,linked_360_unsupported_semantics,1.1319999999999482,,,,,,,,,C11,533862946a73608c134d18b78226b6371ce7173c
3895210,1,15,904,955,00:13:35.713,Carry,904,True,validated_core_event_team_scope,True,False,815.713,177,dc9dd9b4-8451-4827-a198-3e026dc93d90,True,True,True,safe_validated_frame_vector,89.0,67.4,89.0,67.4,88.4,58.5,89.0,67.4,88.4,58.5,-0.5999999999999943,-8.900000000000006,8.92020179143948,121.41999999999996,Jonas Hofmann,Bayer Leverkusen,,,validated_spatial_anchor,0.0,120.0,31.599999999999994,,,negative_0016,2.0,nonpositive_0015,2.0,C11,533862946a73608c134d18b78226b6371ce7173c
3895210,1,15,904,956,00:13:38.089,Pass,904,True,validated_core_event_team_scope,True,False,818.089,178,032f1ffe-2365-4db0-b272-b710263b53a2,True,True,True,safe_validated_frame_vector,88.4,58.5,88.4,58.5,96.9,58.2,88.4,58.5,96.9,58.2,8.5,-0.2999999999999971,8.505292469985967,123.79600000000003,Jonas Hofmann,Bayer Leverkusen,pass.outcome:Incomplete,,validated_spatial_anchor,2.37600000000009,120.0,23.099999999999994,positive_0015,1.0,,,,,C11,533862946a73608c134d18b78226b6371ce7173c
3895210,1,15,904,957,00:13:38.662,Ball Receipt*,904,True,unsupported_event_type,False,False,818.662,179,0af79fff-81f7-4f83-8c14-84a650d435f2,False,False,False,not_leverkusen_pass_carry,,,97.0,61.8,,,,,,,,,,124.36900000000004,Granit Xhaka,Bayer Leverkusen,ball_receipt.outcome:Incomplete,,linked_360_unsupported_semantics,0.5729999999999791,,,,,,,,,C11,533862946a73608c134d18b78226b6371ce7173c
3895210,1,15,904,958,00:13:38.662,Clearance,185,True,unsupported_event_type,False,False,818.662,180,6f93ebc0-15e4-4a9b-99f4-811c7dfe3069,False,False,False,not_leverkusen_pass_carry,,,23.2,21.9,,,,,,,,,,124.36900000000004,Nico Elvedi,Borussia Mönchengladbach,type:Clearance,,linked_360_unsupported_semantics,0.0,,,,,,,,,C11,533862946a73608c134d18b78226b6371ce7173c
3895210,1,15,904,959,00:13:41.313,Ball Recovery,904,True,unsupported_event_type,False,False,821.313,181,55c4b8df-1b7a-43ee-985f-02855f699c6b,False,False,False,not_leverkusen_pass_carry,,,74.7,66.8,,,,,,,,,,127.01999999999998,Robert Andrich,Bayer Leverkusen,type:Ball Recovery,,linked_360_unsupported_semantics,2.6509999999999536,,,,,,,,,C11,533862946a73608c134d18b78226b6371ce7173c
3895210,1,15,904,960,00:13:41.313,Carry,904,True,validated_core_event_team_scope,True,False,821.313,182,b2fa0af5-ef83-4664-9c05-3c25a2917dad,True,True,True,safe_validated_frame_vector,74.7,66.8,74.7,66.8,77.5,69.0,74.7,66.8,77.5,69.0,2.799999999999997,2.200000000000003,3.5608987629529705,127.01999999999998,Robert Andrich,Bayer Leverkusen,,,validated_spatial_anchor,0.0,120.0,42.5,positive_0015,2.0,,,,,C11,533862946a73608c134d18b78226b6371ce7173c
3895210,1,15,904,961,00:13:43.857,Pass,904,True,validated_core_event_team_scope,True,False,823.857,183,b39661dd-1ece-414b-a94a-1eef777e0ee4,True,True,True,safe_validated_frame_vector,77.5,69.0,77.5,69.0,72.8,56.6,77.5,69.0,72.8,56.6,-4.700000000000003,-12.4,13.260844618650804,129.56399999999996,Robert Andrich,Bayer Leverkusen,,,validated_spatial_anchor,2.5439999999999827,120.0,47.2,,,negative_0017,1.0,nonpositive_0016,1.0,C11,533862946a73608c134d18b78226b6371ce7173c
3895210,1,15,904,962,00:13:45.234,Ball Receipt*,904,True,unsupported_event_type,False,False,825.234,184,168afb18-5b0b-4f3b-8016-85ca51f4db6f,False,False,False,not_leverkusen_pass_carry,,,72.8,56.6,,,,,,,,,,130.94100000000003,Nadiem Amiri,Bayer Leverkusen,,,linked_360_unsupported_semantics,1.3770000000000664,,,,,,,,,C11,533862946a73608c134d18b78226b6371ce7173c
3895210,1,15,904,963,00:13:45.234,Carry,904,True,validated_core_event_team_scope,True,False,825.234,185,98abdd65-ba83-4ae9-af14-54bd29752f4c,True,True,True,safe_validated_frame_vector,72.8,56.6,72.8,56.6,76.2,56.6,72.8,56.6,76.2,56.6,3.4000000000000057,0.0,3.4000000000000057,130.94100000000003,Nadiem Amiri,Bayer Leverkusen,,,validated_spatial_anchor,0.0,120.0,43.8,positive_0016,1.0,,,,,C11,533862946a73608c134d18b78226b6371ce7173c
3895210,1,15,904,964,00:13:47.102,Pass,904,True,validated_core_event_team_scope,True,False,827.102,186,17ba5e29-6b23-4435-a00c-b5f8bfc1846f,True,True,True,safe_validated_frame_vector,76.2,56.6,76.2,56.6,68.6,29.1,76.2,56.6,68.6,29.1,-7.600000000000008,-27.5,28.530860484745286,132.80899999999997,Nadiem Amiri,Bayer Leverkusen,,,validated_spatial_anchor,1.8679999999999384,120.0,51.400000000000006,,,negative_0018,1.0,nonpositive_0017,1.0,C11,533862946a73608c134d18b78226b6371ce7173c
3895210,1,15,904,965,00:13:48.596,Ball Receipt*,904,False,no_360_frame,False,False,828.596,187,fa2dcda4-1ce3-41e0-ba28-e9daca16de23,False,False,False,not_leverkusen_pass_carry,,,68.6,29.1,,,,,,,,,,134.303,Piero Martín Hincapié Reyna,Bayer Leverkusen,,,no_360_frame,1.4940000000000282,,,,,,,,,C11,533862946a73608c134d18b78226b6371ce7173c
3895210,1,15,904,966,00:13:48.596,Carry,904,False,no_360_frame,False,False,828.596,188,1404f03b-4a63-4385-b29a-4cfe09848409,False,True,True,unsupported_or_unlinked_frame,,,68.6,29.1,72.5,25.4,,,,,,,,134.303,Piero Martín Hincapié Reyna,Bayer Leverkusen,,,no_360_frame,0.0,,,,,,,,,C11,533862946a73608c134d18b78226b6371ce7173c
3895210,1,15,904,967,00:13:50.819,Pass,904,True,validated_core_event_team_scope,True,False,830.819,189,f4947a4f-566f-4446-9bc7-de7e623eab60,True,True,True,safe_validated_frame_vector,72.5,25.4,72.5,25.4,64.5,52.3,72.5,25.4,64.5,52.3,-8.0,26.9,28.06439024814186,136.52599999999995,Piero Martín Hincapié Reyna,Bayer Leverkusen,,,validated_spatial_anchor,2.2229999999999563,120.0,55.5,,,negative_0018,2.0,nonpositive_0017,2.0,C11,533862946a73608c134d18b78226b6371ce7173c
3895210,1,15,904,968,00:13:52.581,Ball Receipt*,904,True,unsupported_event_type,False,False,832.581,190,d91c6610-ee9b-428c-9a14-8d044c4528b0,False,False,False,not_leverkusen_pass_carry,,,64.5,52.3,,,,,,,,,,138.288,Robert Andrich,Bayer Leverkusen,,,linked_360_unsupported_semantics,1.7620000000000573,,,,,,,,,C11,533862946a73608c134d18b78226b6371ce7173c
3895210,1,15,904,969,00:13:52.581,Carry,904,True,validated_core_event_team_scope,True,False,832.581,191,b31a90ac-3a9f-4db4-b754-6762b9369a88,True,True,True,safe_validated_frame_vector,64.5,52.3,64.5,52.3,65.8,56.6,64.5,52.3,65.8,56.6,1.2999999999999972,4.300000000000004,4.492215489043244,138.288,Robert Andrich,Bayer Leverkusen,,,validated_spatial_anchor,0.0,120.0,54.2,positive_0017,1.0,,,,,C11,533862946a73608c134d18b78226b6371ce7173c
3895210,1,15,904,970,00:13:53.361,Pass,904,True,validated_core_event_team_scope,True,False,833.361,192,dd5fba0b-3a94-4ccc-a8eb-3338341979e5,True,True,True,safe_validated_frame_vector,65.8,56.6,65.8,56.6,87.8,54.3,65.8,56.6,87.8,54.3,22.0,-2.3000000000000043,22.11990054227189,139.06799999999998,Robert Andrich,Bayer Leverkusen,pass.outcome:Incomplete,,validated_spatial_anchor,0.7799999999999727,120.0,32.2,positive_0017,2.0,,,,,C11,533862946a73608c134d18b78226b6371ce7173c
3895210,1,15,904,971,00:13:54.260,Ball Receipt*,904,True,unsupported_event_type,False,False,834.26,193,403f8827-2e80-4237-ab81-e1be62b6d487,False,False,False,not_leverkusen_pass_carry,,,87.9,52.7,,,,,,,,,,139.96699999999998,Jonas Hofmann,Bayer Leverkusen,ball_receipt.outcome:Incomplete,,linked_360_unsupported_semantics,0.8990000000000009,,,,,,,,,C11,533862946a73608c134d18b78226b6371ce7173c
3895210,1,15,904,972,00:13:54.260,Interception,185,True,unsupported_event_type,False,False,834.26,194,47d5353c-2a70-4b69-b77a-80efca63b07c,False,False,False,not_leverkusen_pass_carry,,,32.3,25.8,,,,,,,,,,139.96699999999998,Nico Elvedi,Borussia Mönchengladbach,type:Interception;interception.outcome:Lost In Play,,linked_360_unsupported_semantics,0.0,,,,,,,,,C11,533862946a73608c134d18b78226b6371ce7173c
3895210,1,15,904,973,00:13:55.967,Ball Recovery,904,True,unsupported_event_type,False,False,835.967,195,47d3cced-872f-497f-b9ad-83fc347a7247,False,False,False,not_leverkusen_pass_carry,,,81.4,60.7,,,,,,,,,,141.67399999999998,Granit Xhaka,Bayer Leverkusen,type:Ball Recovery,,linked_360_unsupported_semantics,1.7069999999999936,,,,,,,,,C11,533862946a73608c134d18b78226b6371ce7173c
3895210,1,15,904,974,00:13:55.967,Carry,904,True,validated_core_event_team_scope,True,False,835.967,196,d6e96269-c377-4777-9954-0fe55eddf1f3,True,True,True,safe_validated_frame_vector,81.4,60.7,81.4,60.7,73.4,61.8,81.4,60.7,73.4,61.8,-8.0,1.0999999999999943,8.075270893288968,141.67399999999998,Granit Xhaka,Bayer Leverkusen,,,validated_spatial_anchor,0.0,120.0,46.6,,,negative_0019,1.0,nonpositive_0018,1.0,C11,533862946a73608c134d18b78226b6371ce7173c
3895210,1,15,904,975,00:13:58.301,Pass,904,True,validated_core_event_team_scope,True,False,838.301,197,d7ee3a44-3a98-4cd5-a062-80feb3975fb7,True,True,True,safe_validated_frame_vector,73.4,61.8,73.4,61.8,83.4,62.7,73.4,61.8,83.4,62.7,10.0,0.9000000000000057,10.04041831797859,144.00800000000004,Granit Xhaka,Bayer Leverkusen,pass.outcome:Incomplete,,validated_spatial_anchor,2.33400000000006,120.0,36.6,positive_0018,1.0,,,,,C11,533862946a73608c134d18b78226b6371ce7173c
3895210,1,15,904,976,00:13:59.126,Ball Receipt*,904,True,unsupported_event_type,False,False,839.126,198,3a24e607-7660-4794-acd6-4d5f64694ce3,False,False,False,not_leverkusen_pass_carry,,,84.0,62.9,,,,,,,,,,144.83299999999997,Jonas Hofmann,Bayer Leverkusen,ball_receipt.outcome:Incomplete,,linked_360_unsupported_semantics,0.8249999999999318,,,,,,,,,C11,533862946a73608c134d18b78226b6371ce7173c
3895210,1,15,904,977,00:13:59.126,Pass,185,True,validated_core_event_team_scope,True,False,839.126,199,b23619a6-b042-48ee-88ad-9d2f0950f878,False,False,False,not_leverkusen_pass_carry,83.3,62.6,36.7,17.4,,,,,,,,,,144.83299999999997,Nico Elvedi,Borussia Mönchengladbach,pass.outcome:Incomplete;pass.type:Recovery,,validated_spatial_anchor,0.0,,,,,,,,,C11,533862946a73608c134d18b78226b6371ce7173c
3895210,1,15,904,978,00:14:00.086,Ball Receipt*,185,False,no_360_frame,False,False,840.086,200,7abba7e9-dded-4ccb-b7a4-70db4d62df14,False,False,False,not_leverkusen_pass_carry,,,43.2,13.8,,,,,,,,,,145.793,Florian Neuhaus,Borussia Mönchengladbach,ball_receipt.outcome:Incomplete,,no_360_frame,0.9600000000000364,,,,,,,,,C11,533862946a73608c134d18b78226b6371ce7173c
3895210,1,15,904,979,00:14:00.086,Pass,904,False,no_360_frame,False,False,840.086,201,b886d087-0e62-4a90-9ee7-14b5eb626671,False,True,True,unsupported_or_unlinked_frame,,,81.2,66.3,77.0,73.7,,,,,,,,145.793,Jonas Hofmann,Bayer Leverkusen,pass.type:Recovery,,no_360_frame,0.0,,,,,,,,,C11,533862946a73608c134d18b78226b6371ce7173c
3895210,1,15,904,980,00:14:01.020,Ball Receipt*,904,False,no_360_frame,False,False,841.02,202,bda587b5-f1c1-4276-9011-ebb8e4c8bc98,False,False,False,not_leverkusen_pass_carry,,,77.0,73.7,,,,,,,,,,146.72699999999998,Josip Stanišić,Bayer Leverkusen,,,no_360_frame,0.9339999999999692,,,,,,,,,C11,533862946a73608c134d18b78226b6371ce7173c
3895210,1,15,904,981,00:14:01.020,Carry,904,False,no_360_frame,False,False,841.02,203,b0200b20-eb6f-4483-8c22-78bdfc542d4e,False,True,True,unsupported_or_unlinked_frame,,,77.0,73.7,75.6,76.5,,,,,,,,146.72699999999998,Josip Stanišić,Bayer Leverkusen,,,no_360_frame,0.0,,,,,,,,,C11,533862946a73608c134d18b78226b6371ce7173c
3895210,1,15,904,982,00:14:02.033,Pass,904,True,validated_core_event_team_scope,True,False,842.033,204,795131ae-3052-4eb4-875a-2ef6d3e48b68,True,True,True,safe_validated_frame_vector,75.6,76.5,75.6,76.5,64.4,67.1,75.6,76.5,64.4,67.1,-11.199999999999989,-9.400000000000006,14.621901381147389,147.74,Josip Stanišić,Bayer Leverkusen,,,validated_spatial_anchor,1.0130000000000337,120.0,55.6,,,negative_0020,1.0,nonpositive_0019,1.0,C11,533862946a73608c134d18b78226b6371ce7173c
3895210,1,15,904,983,00:14:03.193,Ball Receipt*,904,True,unsupported_event_type,False,False,843.193,205,ee849e75-32a6-4ca7-b9da-383e3028ebff,False,False,False,not_leverkusen_pass_carry,,,64.4,67.1,,,,,,,,,,148.89999999999998,Robert Andrich,Bayer Leverkusen,,,linked_360_unsupported_semantics,1.1599999999999682,,,,,,,,,C11,533862946a73608c134d18b78226b6371ce7173c
3895210,1,15,904,984,00:14:03.193,Carry,904,True,validated_core_event_team_scope,True,False,843.193,206,f507863d-a478-4266-8372-23b0339de034,True,True,True,safe_validated_frame_vector,64.4,67.1,64.4,67.1,64.4,63.2,64.4,67.1,64.4,63.2,0.0,-3.899999999999992,3.899999999999992,148.89999999999998,Robert Andrich,Bayer Leverkusen,,,validated_spatial_anchor,0.0,120.0,55.6,,,,,nonpositive_0019,2.0,C11,533862946a73608c134d18b78226b6371ce7173c
3895210,1,15,904,985,00:14:05.624,Pass,904,True,validated_core_event_team_scope,True,False,845.624,207,831e6768-3d81-4bd0-b089-75f41e9fad4e,True,True,True,safe_validated_frame_vector,64.4,63.2,64.4,63.2,76.7,63.5,64.4,63.2,76.7,63.5,12.299999999999995,0.2999999999999971,12.303657992645924,151.33100000000002,Robert Andrich,Bayer Leverkusen,,,validated_spatial_anchor,2.43100000000004,120.0,43.3,positive_0019,1.0,,,,,C11,533862946a73608c134d18b78226b6371ce7173c
3895210,1,15,904,986,00:14:06.605,Ball Receipt*,904,True,unsupported_event_type,False,False,846.605,208,f404fce7-77b6-4844-90eb-e8d042fd50b4,False,False,False,not_leverkusen_pass_carry,,,76.7,63.5,,,,,,,,,,152.312,Granit Xhaka,Bayer Leverkusen,,,linked_360_unsupported_semantics,0.9809999999999944,,,,,,,,,C11,533862946a73608c134d18b78226b6371ce7173c
3895210,1,15,904,987,00:14:06.605,Carry,904,True,validated_core_event_team_scope,True,False,846.605,209,de7cb6bb-5852-4626-9e5f-6ba7abaabe67,True,True,True,safe_validated_frame_vector,76.7,63.5,76.7,63.5,78.6,63.2,76.7,63.5,78.6,63.2,1.8999999999999917,-0.2999999999999971,1.9235384061671252,152.312,Granit Xhaka,Bayer Leverkusen,,,validated_spatial_anchor,0.0,120.0,41.400000000000006,positive_0019,2.0,,,,,C11,533862946a73608c134d18b78226b6371ce7173c
3895210,1,15,904,988,00:14:06.645,Pass,904,True,validated_core_event_team_scope,True,False,846.645,210,907f38c9-64be-4f89-aacc-b9d183cad7f9,True,True,True,safe_validated_frame_vector,78.6,63.2,78.6,63.2,86.1,70.6,78.6,63.2,86.1,70.6,7.5,7.399999999999991,10.536128321162376,152.35199999999998,Granit Xhaka,Bayer Leverkusen,,,validated_spatial_anchor,0.0399999999999636,120.0,33.900000000000006,positive_0019,3.0,,,,,C11,533862946a73608c134d18b78226b6371ce7173c
3895210,1,15,904,989,00:14:07.681,Ball Receipt*,904,True,unsupported_event_type,False,False,847.681,211,7a6cd775-7d15-444b-bbbb-dec06dc0bd8e,False,False,False,not_leverkusen_pass_carry,,,86.1,70.6,,,,,,,,,,153.38800000000003,Jonas Hofmann,Bayer Leverkusen,,,linked_360_unsupported_semantics,1.0360000000000582,,,,,,,,,C11,533862946a73608c134d18b78226b6371ce7173c
3895210,1,15,904,990,00:14:07.681,Carry,904,True,validated_core_event_team_scope,True,False,847.681,212,a17bc1da-9711-4318-b7cf-45caf9bd38c7,True,True,True,safe_validated_frame_vector,86.1,70.6,86.1,70.6,84.0,72.9,86.1,70.6,84.0,72.9,-2.0999999999999943,2.300000000000012,3.114482300479492,153.38800000000003,Jonas Hofmann,Bayer Leverkusen,,,validated_spatial_anchor,0.0,120.0,36.0,,,negative_0021,1.0,nonpositive_0020,1.0,C11,533862946a73608c134d18b78226b6371ce7173c
3895210,1,15,904,991,00:14:08.653,Pass,904,True,validated_core_event_team_scope,True,False,848.653,213,f671f46c-e3ef-4ddf-91da-97b398250f18,True,True,True,safe_validated_frame_vector,84.0,72.9,84.0,72.9,69.8,62.0,84.0,72.9,69.8,62.0,-14.200000000000005,-10.900000000000006,17.901117283566414,154.36,Jonas Hofmann,Bayer Leverkusen,,,validated_spatial_anchor,0.97199999999998,120.0,50.2,,,negative_0021,2.0,nonpositive_0020,2.0,C11,533862946a73608c134d18b78226b6371ce7173c
3895210,1,15,904,992,00:14:10.092,Ball Receipt*,904,True,unsupported_event_type,False,False,850.092,214,dbf2a783-7084-4c67-82a2-ef7c1955f027,False,False,False,not_leverkusen_pass_carry,,,69.8,62.0,,,,,,,,,,155.79899999999998,Robert Andrich,Bayer Leverkusen,,,linked_360_unsupported_semantics,1.4389999999999643,,,,,,,,,C11,533862946a73608c134d18b78226b6371ce7173c
3895210,1,15,904,993,00:14:10.092,Carry,904,True,validated_core_event_team_scope,True,False,850.092,215,abef70f3-327a-49bb-8e02-1ba5162affa8,True,True,True,safe_validated_frame_vector,69.8,62.0,69.8,62.0,75.4,66.8,69.8,62.0,75.4,66.8,5.6000000000000085,4.799999999999997,7.375635565834314,155.79899999999998,Robert Andrich,Bayer Leverkusen,,,validated_spatial_anchor,0.0,120.0,44.6,positive_0020,1.0,,,,,C11,533862946a73608c134d18b78226b6371ce7173c
3895210,1,15,904,994,00:14:14.282,Pass,904,True,validated_core_event_team_scope,True,False,854.282,216,579319af-b9e3-43d1-9254-ff61577505f0,True,True,True,safe_validated_frame_vector,75.4,66.8,75.4,66.8,82.2,75.9,75.4,66.8,82.2,75.9,6.799999999999997,9.100000000000009,11.360017605620166,159.98900000000003,Robert Andrich,Bayer Leverkusen,,,validated_spatial_anchor,4.190000000000055,120.0,37.8,positive_0020,2.0,,,,,C11,533862946a73608c134d18b78226b6371ce7173c
3895210,1,15,904,995,00:14:15.466,Ball Receipt*,904,True,unsupported_event_type,False,False,855.466,217,7d2650f3-b829-43e9-b6ff-029c0dcdfaf1,False,False,False,not_leverkusen_pass_carry,,,82.2,75.9,,,,,,,,,,161.173,Josip Stanišić,Bayer Leverkusen,,,linked_360_unsupported_semantics,1.183999999999969,,,,,,,,,C11,533862946a73608c134d18b78226b6371ce7173c
3895210,1,15,904,996,00:14:15.466,Carry,904,True,validated_core_event_team_scope,True,False,855.466,218,5afe216d-1e01-46ac-8505-0405a71d0cb2,True,True,True,safe_validated_frame_vector,82.2,75.9,82.2,75.9,95.6,72.9,82.2,75.9,95.6,72.9,13.399999999999991,-3.0,13.731715115017488,161.173,Josip Stanišić,Bayer Leverkusen,,,validated_spatial_anchor,0.0,120.0,24.40000000000001,positive_0020,3.0,,,,,C11,533862946a73608c134d18b78226b6371ce7173c
3895210,1,15,904,997,00:14:17.188,Pass,904,True,validated_core_event_team_scope,True,False,857.188,219,10c5e253-6fef-4b11-a98d-6045c1a35796,True,True,True,safe_validated_frame_vector,95.6,72.9,95.6,72.9,92.0,79.1,95.6,72.9,92.0,79.1,-3.5999999999999943,6.199999999999989,7.169379331573955,162.89499999999998,Josip Stanišić,Bayer Leverkusen,,,validated_spatial_anchor,1.72199999999998,120.0,28.0,,,negative_0022,1.0,nonpositive_0021,1.0,C11,533862946a73608c134d18b78226b6371ce7173c
3895210,1,15,904,998,00:14:17.960,Ball Receipt*,904,True,unsupported_event_type,False,False,857.96,220,de45f479-c46b-4732-8c16-99e662541154,False,False,False,not_leverkusen_pass_carry,,,92.0,79.1,,,,,,,,,,163.66700000000003,Jeremie Frimpong,Bayer Leverkusen,,,linked_360_unsupported_semantics,0.7720000000000482,,,,,,,,,C11,533862946a73608c134d18b78226b6371ce7173c
3895210,1,15,904,999,00:14:17.960,Carry,904,True,validated_core_event_team_scope,True,False,857.96,221,b7de0fab-fc5c-4edf-b294-a77febdae50c,True,True,True,safe_validated_frame_vector,92.0,79.1,92.0,79.1,89.8,74.3,92.0,79.1,89.8,74.3,-2.200000000000003,-4.799999999999997,5.280151512977633,163.66700000000003,Jeremie Frimpong,Bayer Leverkusen,,,validated_spatial_anchor,0.0,120.0,30.200000000000003,,,negative_0022,2.0,nonpositive_0021,2.0,C11,533862946a73608c134d18b78226b6371ce7173c
3895210,1,15,904,1000,00:14:19.086,Pass,904,True,validated_core_event_team_scope,True,False,859.086,222,6084b6a1-cfe7-419d-9ba7-bd4965791a29,True,True,True,safe_validated_frame_vector,89.8,74.3,89.8,74.3,71.7,66.6,89.8,74.3,71.7,66.6,-18.099999999999994,-7.700000000000003,19.66977376585709,164.793,Jeremie Frimpong,Bayer Leverkusen,,,validated_spatial_anchor,1.1259999999999764,120.0,48.3,,,negative_0022,3.0,nonpositive_0021,3.0,C11,533862946a73608c134d18b78226b6371ce7173c
3895210,1,15,904,1001,00:14:20.840,Ball Receipt*,904,True,unsupported_event_type,False,False,860.84,223,90ae69d1-eada-4794-87a6-09aa7f8bdc7c,False,False,False,not_leverkusen_pass_carry,,,71.7,66.6,,,,,,,,,,166.54700000000005,Robert Andrich,Bayer Leverkusen,,,linked_360_unsupported_semantics,1.754000000000019,,,,,,,,,C11,533862946a73608c134d18b78226b6371ce7173c
3895210,1,15,904,1002,00:14:20.840,Pass,904,True,validated_core_event_team_scope,True,False,860.84,224,2599d19c-b1f4-42d7-a578-47931133d460,True,True,True,safe_validated_frame_vector,71.9,64.8,71.9,64.8,73.4,26.6,71.9,64.8,73.4,26.6,1.5,-38.2,38.229438918194965,166.54700000000005,Robert Andrich,Bayer Leverkusen,,,validated_spatial_anchor,0.0,120.0,46.6,positive_0021,1.0,,,,,C11,533862946a73608c134d18b78226b6371ce7173c
3895210,1,15,904,1003,00:14:22.924,Ball Receipt*,904,True,unsupported_event_type,False,False,862.924,225,2c3ccef6-9d46-4e22-9d2c-f9dff158197a,False,False,False,not_leverkusen_pass_carry,,,73.4,26.6,,,,,,,,,,168.63099999999997,Piero Martín Hincapié Reyna,Bayer Leverkusen,,,linked_360_unsupported_semantics,2.0839999999999463,,,,,,,,,C11,533862946a73608c134d18b78226b6371ce7173c
3895210,1,15,904,1004,00:14:22.924,Carry,904,True,validated_core_event_team_scope,True,False,862.924,226,c55234b1-2d8c-4b59-b5c0-16f23ce0d246,True,True,True,safe_validated_frame_vector,73.4,26.6,73.4,26.6,74.8,23.5,73.4,26.6,74.8,23.5,1.3999999999999917,-3.1000000000000014,3.4014702703389874,168.63099999999997,Piero Martín Hincapié Reyna,Bayer Leverkusen,,,validated_spatial_anchor,0.0,120.0,45.2,positive_0021,2.0,,,,,C11,533862946a73608c134d18b78226b6371ce7173c
3895210,1,15,904,1005,00:14:25.725,Pass,904,False,no_360_frame,False,False,865.725,227,7f7fed03-2e38-473d-9e31-b07af67a0e39,False,True,True,unsupported_or_unlinked_frame,,,74.8,23.5,79.5,6.6,,,,,,,,171.43200000000002,Piero Martín Hincapié Reyna,Bayer Leverkusen,,,no_360_frame,2.801000000000045,,,,,,,,,C11,533862946a73608c134d18b78226b6371ce7173c
3895210,1,15,904,1006,00:14:26.534,Pressure,185,True,validated_core_event_team_scope,True,False,866.534,228,f2eb42f4-d9f4-4949-af6b-7a1f6aa7488e,False,False,False,not_leverkusen_pass_carry,80.7,7.200000000000003,39.3,72.8,,,,,,,,,,172.241,Franck Honorat,Borussia Mönchengladbach,,,validated_spatial_anchor,0.8089999999999691,,,,,,,,,C11,533862946a73608c134d18b78226b6371ce7173c
3895210,1,15,904,1007,00:14:26.758,Ball Receipt*,904,True,unsupported_event_type,False,False,866.758,229,199eb79e-5c46-4096-a261-39ac0e53fee0,False,False,False,not_leverkusen_pass_carry,,,79.5,6.6,,,,,,,,,,172.46500000000003,Alejandro Grimaldo García,Bayer Leverkusen,,,linked_360_unsupported_semantics,0.2240000000000463,,,,,,,,,C11,533862946a73608c134d18b78226b6371ce7173c
3895210,1,15,904,1008,00:14:26.758,Carry,904,True,validated_core_event_team_scope,True,False,866.758,230,7b14a263-2b3c-40fc-8765-de33fc15bf7c,True,True,True,safe_validated_frame_vector,79.5,6.6,79.5,6.6,74.7,8.4,79.5,6.6,74.7,8.4,-4.799999999999997,1.8000000000000007,5.126402247190517,172.46500000000003,Alejandro Grimaldo García,Bayer Leverkusen,,,validated_spatial_anchor,0.0,120.0,45.3,,,negative_0023,1.0,nonpositive_0022,1.0,C11,533862946a73608c134d18b78226b6371ce7173c
3895210,1,15,904,1009,00:14:27.570,Dispossessed,904,True,unsupported_event_type,False,False,867.57,231,7a67679e-8b4e-4c13-810c-afaf55ac5e3b,False,False,False,not_leverkusen_pass_carry,,,74.7,8.4,,,,,,,,,,173.27700000000004,Alejandro Grimaldo García,Bayer Leverkusen,type:Dispossessed,,linked_360_unsupported_semantics,0.8120000000000118,,,,,,,,,C11,533862946a73608c134d18b78226b6371ce7173c
3895210,1,15,904,1010,00:14:27.570,Duel,185,True,unsupported_event_type,False,False,867.57,232,937155ae-7f34-4738-bd91-b7388795a83a,False,False,False,not_leverkusen_pass_carry,,,45.4,71.7,,,,,,,,,,173.27700000000004,Franck Honorat,Borussia Mönchengladbach,type:Duel;duel.outcome:Lost Out,,linked_360_unsupported_semantics,0.0,,,,,,,,,C11,533862946a73608c134d18b78226b6371ce7173c
3895292,2,109,904,2432,00:14:31.440,Pass,904,True,validated_core_event_team_scope,True,False,871.44,0,5048feb9-0ffe-46eb-8cbd-a0e4644687b5,True,True,True,safe_validated_frame_vector,120.0,80.0,120.0,80.0,113.8,33.8,120.0,80.0,113.8,33.8,-6.200000000000003,-46.2,46.614160938495935,0.0,Alejandro Grimaldo García,Bayer Leverkusen,pass.type:Corner,Corner,validated_spatial_anchor,,120.0,6.200000000000003,,,negative_0001,1.0,nonpositive_0001,1.0,C12,533862946a73608c134d18b78226b6371ce7173c
3895292,2,109,904,2433,00:14:33.588,Ball Receipt*,904,True,unsupported_event_type,False,False,873.588,1,9ffd01c5-72df-4128-a266-d89deb0428d9,False,False,False,not_leverkusen_pass_carry,,,113.8,33.8,,,,,,,,,,2.147999999999911,Jonathan Tah,Bayer Leverkusen,,,linked_360_unsupported_semantics,2.147999999999911,,,,,,,,,C12,533862946a73608c134d18b78226b6371ce7173c
3895292,2,109,904,2434,00:14:33.588,Duel,190,True,unsupported_event_type,False,False,873.588,2,aa30c53f-c02c-48c6-abf5-4616fcdf3e31,False,False,False,not_leverkusen_pass_carry,,,6.3,46.3,,,,,,,,,,2.147999999999911,Mikkel Kaufmann,Union Berlin,type:Duel,,linked_360_unsupported_semantics,0.0,,,,,,,,,C12,533862946a73608c134d18b78226b6371ce7173c
3895292,2,109,904,2435,00:14:33.588,Shot,904,True,related_team_label_conflict,False,True,873.588,3,020286f7-259d-4f4e-91a6-e1a361609c4a,False,False,False,not_leverkusen_pass_carry,,,113.8,33.8,,,,,,,,,,2.147999999999911,Jonathan Tah,Bayer Leverkusen,type:Shot,,linked_360_unsupported_semantics,0.0,,,,,,,,,C12,533862946a73608c134d18b78226b6371ce7173c
3895292,2,109,904,2436,00:14:33.900,Goal Keeper,190,False,no_360_frame,False,False,873.9,4,d5030bb7-6198-495c-8932-42c1de563df1,False,False,False,not_leverkusen_pass_carry,,,1.4,42.1,,,,,,,,,,2.4599999999999227,Frederik Rønnow,Union Berlin,,,no_360_frame,0.3120000000000118,,,,,,,,,C12,533862946a73608c134d18b78226b6371ce7173c
3895292,2,109,904,2437,00:14:34.604,Clearance,190,True,unsupported_event_type,False,False,874.604,5,da069e2e-ae2e-4413-8a06-fd06e248d451,False,False,False,not_leverkusen_pass_carry,,,5.3,34.9,,,,,,,,,,3.1639999999999877,Lucas Tousart,Union Berlin,type:Clearance,,linked_360_unsupported_semantics,0.7040000000000646,,,,,,,,,C12,533862946a73608c134d18b78226b6371ce7173c
3895292,2,109,904,2438,00:14:37.556,Pass,904,True,validated_core_event_team_scope,True,False,877.556,6,ccfc8512-fea2-45d8-8dc3-b82679cb5ced,True,True,True,safe_validated_frame_vector,94.8,28.4,94.8,28.4,73.0,45.4,94.8,28.4,73.0,45.4,-21.8,17.0,27.644891028904414,6.1159999999999854,Borja Iglesias Quintas,Bayer Leverkusen,pass.type:Recovery,,validated_spatial_anchor,2.951999999999998,120.0,47.0,,,negative_0001,2.0,nonpositive_0001,2.0,C12,533862946a73608c134d18b78226b6371ce7173c
3895292,2,109,904,2439,00:14:39.668,Ball Receipt*,904,True,unsupported_event_type,False,False,879.668,7,b975b80c-6131-46e1-b242-37c8b9e8ba83,False,False,False,not_leverkusen_pass_carry,,,73.0,45.4,,,,,,,,,,8.227999999999952,Odilon Kossonou,Bayer Leverkusen,,,linked_360_unsupported_semantics,2.1119999999999663,,,,,,,,,C12,533862946a73608c134d18b78226b6371ce7173c
3895292,2,109,904,2440,00:14:39.668,Carry,904,True,validated_core_event_team_scope,True,False,879.668,8,0a4638ed-7da2-4b8e-8ea1-19ee856acaef,True,True,True,safe_validated_frame_vector,73.0,45.4,73.0,45.4,73.8,47.8,73.0,45.4,73.8,47.8,0.7999999999999972,2.3999999999999986,2.5298221281347013,8.227999999999952,Odilon Kossonou,Bayer Leverkusen,,,validated_spatial_anchor,0.0,120.0,46.2,positive_0001,1.0,,,,,C12,533862946a73608c134d18b78226b6371ce7173c
3895292,2,109,904,2441,00:14:40.690,Pass,904,True,validated_core_event_team_scope,True,False,880.69,9,da7d099b-e027-4253-ab0d-7446fde3c2df,True,True,True,safe_validated_frame_vector,73.8,47.8,73.8,47.8,87.4,65.6,73.8,47.8,87.4,65.6,13.600000000000009,17.799999999999997,22.400892839349066,9.25,Odilon Kossonou,Bayer Leverkusen,,,validated_spatial_anchor,1.0220000000000482,120.0,32.599999999999994,positive_0001,2.0,,,,,C12,533862946a73608c134d18b78226b6371ce7173c
3895292,2,109,904,2442,00:14:42.505,Ball Receipt*,904,True,unsupported_event_type,False,False,882.505,10,e2ae3461-2eef-47b8-872c-fdb5b67d9734,False,False,False,not_leverkusen_pass_carry,,,87.4,65.6,,,,,,,,,,11.06499999999994,Granit Xhaka,Bayer Leverkusen,,,linked_360_unsupported_semantics,1.8149999999999409,,,,,,,,,C12,533862946a73608c134d18b78226b6371ce7173c
3895292,2,109,904,2443,00:14:42.505,Carry,904,True,validated_core_event_team_scope,True,False,882.505,11,2fefe8d1-db62-489c-aaed-88cc4946e870,True,True,True,safe_validated_frame_vector,87.4,65.6,87.4,65.6,92.0,64.6,87.4,65.6,92.0,64.6,4.599999999999994,-1.0,4.707440918375922,11.06499999999994,Granit Xhaka,Bayer Leverkusen,,,validated_spatial_anchor,0.0,120.0,28.0,positive_0001,3.0,,,,,C12,533862946a73608c134d18b78226b6371ce7173c
3895292,2,109,904,2444,00:14:43.372,Pass,904,True,validated_core_event_team_scope,True,False,883.372,12,299a33eb-96f7-432c-8155-90d0b1120211,True,True,True,safe_validated_frame_vector,92.0,64.6,92.0,64.6,107.0,44.2,92.0,64.6,107.0,44.2,15.0,-20.39999999999999,25.321137415211023,11.931999999999904,Granit Xhaka,Bayer Leverkusen,,,validated_spatial_anchor,0.8669999999999618,120.0,13.0,positive_0001,4.0,,,,,C12,533862946a73608c134d18b78226b6371ce7173c
3895292,2,109,904,2445,00:14:44.574,Pressure,190,True,validated_core_event_team_scope,True,False,884.574,13,77a1c1c3-926c-4673-a859-2e3ddb4d606d,False,False,False,not_leverkusen_pass_carry,108.5,43.3,11.5,36.7,,,,,,,,,,13.1339999999999,Danilho Doekhi,Union Berlin,,,validated_spatial_anchor,1.2019999999999982,,,,,,,,,C12,533862946a73608c134d18b78226b6371ce7173c
3895292,2,109,904,2446,00:14:44.674,Ball Receipt*,904,True,unsupported_event_type,False,False,884.674,14,36f39784-85a5-41f7-9a58-f59319c95ae5,False,False,False,not_leverkusen_pass_carry,,,107.0,44.2,,,,,,,,,,13.233999999999924,Piero Martín Hincapié Reyna,Bayer Leverkusen,,,linked_360_unsupported_semantics,0.1000000000000227,,,,,,,,,C12,533862946a73608c134d18b78226b6371ce7173c
3895292,2,109,904,2447,00:14:44.674,Carry,904,True,validated_core_event_team_scope,True,False,884.674,15,0303436c-082c-4a2c-a5ef-86ee446f1cb4,True,True,True,safe_validated_frame_vector,107.0,44.2,107.0,44.2,107.6,43.6,107.0,44.2,107.6,43.6,0.5999999999999943,-0.6000000000000014,0.848528137423854,13.233999999999924,Piero Martín Hincapié Reyna,Bayer Leverkusen,,,validated_spatial_anchor,0.0,120.0,12.400000000000006,positive_0001,5.0,,,,,C12,533862946a73608c134d18b78226b6371ce7173c
3895292,2,109,904,2448,00:14:45.392,Miscontrol,904,True,unsupported_event_type,False,False,885.392,16,d0cf4627-28a5-480e-984d-bb31e50c9532,False,False,False,not_leverkusen_pass_carry,,,107.6,43.6,,,,,,,,,,13.951999999999998,Piero Martín Hincapié Reyna,Bayer Leverkusen,type:Miscontrol,,linked_360_unsupported_semantics,0.7180000000000746,,,,,,,,,C12,533862946a73608c134d18b78226b6371ce7173c
3895292,2,109,904,2449,00:14:46.612,Clearance,190,True,unsupported_event_type,False,False,886.612,17,9ac71b82-23dc-4d51-a524-54e055d4a1f0,False,False,False,not_leverkusen_pass_carry,,,7.7,40.1,,,,,,,,,,15.171999999999912,Christopher Trimmel,Union Berlin,type:Clearance,,linked_360_unsupported_semantics,1.2199999999999136,,,,,,,,,C12,533862946a73608c134d18b78226b6371ce7173c
3895292,2,109,904,2450,00:14:50.341,Clearance,190,True,unsupported_event_type,False,False,890.341,18,5c270a71-13ef-43d1-88c7-3604c1ca07d5,False,False,False,not_leverkusen_pass_carry,,,15.5,19.7,,,,,,,,,,18.900999999999957,András Schäfer,Union Berlin,type:Clearance,,linked_360_unsupported_semantics,3.729000000000042,,,,,,,,,C12,533862946a73608c134d18b78226b6371ce7173c
3895292,2,109,904,2451,00:14:54.003,Ball Recovery,904,True,unsupported_event_type,False,False,894.003,19,0724c7c2-19bd-4fd1-806c-3bb3f696552a,False,False,False,not_leverkusen_pass_carry,,,75.8,78.2,,,,,,,,,,22.562999999999988,Florian Wirtz,Bayer Leverkusen,type:Ball Recovery,,linked_360_unsupported_semantics,3.6620000000000346,,,,,,,,,C12,533862946a73608c134d18b78226b6371ce7173c
3895292,2,109,904,2452,00:14:54.003,Carry,904,True,validated_core_event_team_scope,True,False,894.003,20,287f25bd-eae3-4f0e-a869-9470fcb8d39f,True,True,True,safe_validated_frame_vector,75.8,78.2,75.8,78.2,79.2,75.2,75.8,78.2,79.2,75.2,3.4000000000000057,-3.0,4.534313619501858,22.562999999999988,Florian Wirtz,Bayer Leverkusen,,,validated_spatial_anchor,0.0,120.0,40.8,positive_0001,6.0,,,,,C12,533862946a73608c134d18b78226b6371ce7173c
3895292,2,109,904,2453,00:14:57.682,Pass,904,False,no_360_frame,False,False,897.682,21,da14a154-2390-4016-9b0d-5c2592e69792,False,True,True,unsupported_or_unlinked_frame,,,79.2,75.2,72.6,55.4,,,,,,,,26.24199999999996,Florian Wirtz,Bayer Leverkusen,,,no_360_frame,3.6789999999999736,,,,,,,,,C12,533862946a73608c134d18b78226b6371ce7173c
3895292,2,109,904,2454,00:14:58.749,Ball Receipt*,904,True,unsupported_event_type,False,False,898.749,22,d53919d2-65d8-4976-bf66-bc07e6730e43,False,False,False,not_leverkusen_pass_carry,,,72.6,55.4,,,,,,,,,,27.30899999999997,Robert Andrich,Bayer Leverkusen,,,linked_360_unsupported_semantics,1.0670000000000073,,,,,,,,,C12,533862946a73608c134d18b78226b6371ce7173c
3895292,2,109,904,2455,00:14:58.749,Carry,904,True,validated_core_event_team_scope,True,False,898.749,23,cff5cfb9-06e1-42a1-bd04-4809e29cfb45,True,True,True,safe_validated_frame_vector,72.6,55.4,72.6,55.4,72.6,55.4,72.6,55.4,72.6,55.4,0.0,0.0,0.0,27.30899999999997,Robert Andrich,Bayer Leverkusen,,,validated_spatial_anchor,0.0,120.0,47.400000000000006,,,,,,,C12,533862946a73608c134d18b78226b6371ce7173c
3895292,2,109,904,2456,00:14:59.862,Pass,904,True,validated_core_event_team_scope,True,False,899.862,24,77229988-6440-4253-a881-51de121b019b,True,True,True,safe_validated_frame_vector,72.6,55.4,72.6,55.4,73.0,23.8,72.6,55.4,73.0,23.8,0.4000000000000057,-31.6,31.602531544165885,28.421999999999912,Robert Andrich,Bayer Leverkusen,,,validated_spatial_anchor,1.1129999999999427,120.0,47.0,positive_0002,1.0,,,,,C12,533862946a73608c134d18b78226b6371ce7173c
3895292,2,109,904,2457,00:15:01.739,Ball Receipt*,904,True,unsupported_event_type,False,False,901.739,25,94beb39a-8c51-4fd8-94ed-2c69d57e7b93,False,False,False,not_leverkusen_pass_carry,,,73.0,23.8,,,,,,,,,,30.298999999999975,Granit Xhaka,Bayer Leverkusen,,,linked_360_unsupported_semantics,1.8770000000000664,,,,,,,,,C12,533862946a73608c134d18b78226b6371ce7173c
3895292,2,109,904,2458,00:15:01.739,Carry,904,True,validated_core_event_team_scope,True,False,901.739,26,d20fd0ff-d833-49d5-b2bc-b9c38073a8fa,True,True,True,safe_validated_frame_vector,73.0,23.8,73.0,23.8,73.2,24.8,73.0,23.8,73.2,24.8,0.2000000000000028,1.0,1.0198039027185577,30.298999999999975,Granit Xhaka,Bayer Leverkusen,,,validated_spatial_anchor,0.0,120.0,46.8,positive_0002,2.0,,,,,C12,533862946a73608c134d18b78226b6371ce7173c
3895292,2,109,904,2459,00:15:03.883,Pass,904,True,validated_core_event_team_scope,True,False,903.883,27,965f09c3-01ca-44da-8dc5-080ce9529abd,True,True,True,safe_validated_frame_vector,73.2,24.8,73.2,24.8,69.0,45.4,73.2,24.8,69.0,45.4,-4.200000000000003,20.6,21.02379604162864,32.442999999999984,Granit Xhaka,Bayer Leverkusen,,,validated_spatial_anchor,2.144000000000005,120.0,51.0,,,negative_0002,1.0,nonpositive_0002,1.0,C12,533862946a73608c134d18b78226b6371ce7173c
3895292,2,109,904,2460,00:15:05.011,Ball Receipt*,904,True,unsupported_event_type,False,False,905.011,28,936c0f76-be7f-4894-85fc-a315bdd65138,False,False,False,not_leverkusen_pass_carry,,,69.0,45.4,,,,,,,,,,33.57099999999991,Jonathan Tah,Bayer Leverkusen,,,linked_360_unsupported_semantics,1.127999999999929,,,,,,,,,C12,533862946a73608c134d18b78226b6371ce7173c
3895292,2,109,904,2461,00:15:05.011,Carry,904,True,validated_core_event_team_scope,True,False,905.011,29,6ad7e954-550a-41a7-ae9b-dccb16d35bfc,True,True,True,safe_validated_frame_vector,69.0,45.4,69.0,45.4,69.0,45.4,69.0,45.4,69.0,45.4,0.0,0.0,0.0,33.57099999999991,Jonathan Tah,Bayer Leverkusen,,,validated_spatial_anchor,0.0,120.0,51.0,,,,,nonpositive_0002,2.0,C12,533862946a73608c134d18b78226b6371ce7173c
3895292,2,109,904,2462,00:15:05.632,Pass,904,True,validated_core_event_team_scope,True,False,905.632,30,884fcf28-3aba-4265-9fc8-18893b2be1c7,True,True,True,safe_validated_frame_vector,69.0,45.4,69.0,45.4,83.8,59.6,69.0,45.4,83.8,59.6,14.799999999999995,14.200000000000005,20.510485123467948,34.191999999999894,Jonathan Tah,Bayer Leverkusen,,,validated_spatial_anchor,0.6209999999999809,120.0,36.2,positive_0003,1.0,,,,,C12,533862946a73608c134d18b78226b6371ce7173c
3895292,2,109,904,2463,00:15:06.920,Ball Receipt*,904,True,unsupported_event_type,False,False,906.92,31,eb48ce7b-5b48-438c-9ee9-afba17bd42a8,False,False,False,not_leverkusen_pass_carry,,,83.8,59.6,,,,,,,,,,35.479999999999905,Florian Wirtz,Bayer Leverkusen,,,linked_360_unsupported_semantics,1.288000000000011,,,,,,,,,C12,533862946a73608c134d18b78226b6371ce7173c
3895292,2,109,904,2464,00:15:06.920,Carry,904,True,validated_core_event_team_scope,True,False,906.92,32,e107a9a6-faf6-43eb-83ca-bb30507b6548,True,True,True,safe_validated_frame_vector,83.8,59.6,83.8,59.6,86.2,62.0,83.8,59.6,86.2,62.0,2.4000000000000057,2.3999999999999986,3.394112549695431,35.479999999999905,Florian Wirtz,Bayer Leverkusen,,,validated_spatial_anchor,0.0,120.0,33.8,positive_0003,2.0,,,,,C12,533862946a73608c134d18b78226b6371ce7173c
3895292,2,109,904,2465,00:15:08.696,Pass,904,True,validated_core_event_team_scope,True,False,908.696,33,9c43afe8-5677-4456-8af1-91c23ab1584e,True,True,True,safe_validated_frame_vector,86.2,62.0,86.2,62.0,101.6,78.4,86.2,62.0,101.6,78.4,15.399999999999991,16.400000000000006,22.49711092562776,37.25599999999997,Florian Wirtz,Bayer Leverkusen,,,validated_spatial_anchor,1.7760000000000673,120.0,18.40000000000001,positive_0003,3.0,,,,,C12,533862946a73608c134d18b78226b6371ce7173c
3895292,2,109,904,2466,00:15:10.330,Ball Receipt*,904,True,unsupported_event_type,False,False,910.33,34,d3e99f30-f0b1-4675-b1c4-b408f2eb156f,False,False,False,not_leverkusen_pass_carry,,,101.6,78.4,,,,,,,,,,38.88999999999999,Nathan Tella,Bayer Leverkusen,,,linked_360_unsupported_semantics,1.6340000000000146,,,,,,,,,C12,533862946a73608c134d18b78226b6371ce7173c
3895292,2,109,904,2467,00:15:10.330,Carry,904,True,validated_core_event_team_scope,True,False,910.33,35,a2329226-5e53-4ea9-af21-f29dab10f2c3,True,True,True,safe_validated_frame_vector,101.6,78.4,101.6,78.4,101.6,78.4,101.6,78.4,101.6,78.4,0.0,0.0,0.0,38.88999999999999,Nathan Tella,Bayer Leverkusen,,,validated_spatial_anchor,0.0,120.0,18.40000000000001,,,,,nonpositive_0003,1.0,C12,533862946a73608c134d18b78226b6371ce7173c
3895292,2,109,904,2468,00:15:12.582,Pass,904,True,validated_core_event_team_scope,True,False,912.582,36,a6522ca6-2fa7-4be6-84ae-212bb831dcf6,True,True,True,safe_validated_frame_vector,101.6,78.4,101.6,78.4,94.2,56.8,101.6,78.4,94.2,56.8,-7.399999999999991,-21.60000000000001,22.832433072276817,41.14199999999994,Nathan Tella,Bayer Leverkusen,,,validated_spatial_anchor,2.2519999999999527,120.0,25.8,,,negative_0003,1.0,nonpositive_0003,2.0,C12,533862946a73608c134d18b78226b6371ce7173c
3895292,2,109,904,2469,00:15:13.508,Ball Receipt*,904,True,unsupported_event_type,False,False,913.508,37,1d252ce5-f74c-4267-ad2f-f954858fd647,False,False,False,not_leverkusen_pass_carry,,,94.2,56.8,,,,,,,,,,42.067999999999984,Robert Andrich,Bayer Leverkusen,,,linked_360_unsupported_semantics,0.9260000000000446,,,,,,,,,C12,533862946a73608c134d18b78226b6371ce7173c
3895292,2,109,904,2470,00:15:13.508,Carry,904,True,validated_core_event_team_scope,True,False,913.508,38,a02fe873-1355-4365-a472-25a72e499239,True,True,True,safe_validated_frame_vector,94.2,56.8,94.2,56.8,96.0,56.8,94.2,56.8,96.0,56.8,1.7999999999999972,0.0,1.7999999999999972,42.067999999999984,Robert Andrich,Bayer Leverkusen,,,validated_spatial_anchor,0.0,120.0,24.0,positive_0004,1.0,,,,,C12,533862946a73608c134d18b78226b6371ce7173c
3895292,2,109,904,2471,00:15:14.906,Pass,904,True,validated_core_event_team_scope,True,False,914.906,39,ffaa0872-1290-4350-8b42-6f43b6ffe46a,True,True,True,safe_validated_frame_vector,96.0,56.8,96.0,56.8,94.4,33.4,96.0,56.8,94.4,33.4,-1.5999999999999943,-23.4,23.454637068179075,43.46599999999989,Robert Andrich,Bayer Leverkusen,,,validated_spatial_anchor,1.3979999999999109,120.0,25.599999999999994,,,negative_0004,1.0,nonpositive_0004,1.0,C12,533862946a73608c134d18b78226b6371ce7173c
3895292,2,109,904,2472,00:15:16.934,Ball Receipt*,904,True,unsupported_event_type,False,False,916.934,40,f404507e-8e45-4053-a156-cd701b1c1543,False,False,False,not_leverkusen_pass_carry,,,94.4,33.4,,,,,,,,,,45.49399999999992,Granit Xhaka,Bayer Leverkusen,,,linked_360_unsupported_semantics,2.02800000000002,,,,,,,,,C12,533862946a73608c134d18b78226b6371ce7173c
3895292,2,109,904,2473,00:15:16.934,Carry,904,True,validated_core_event_team_scope,True,False,916.934,41,e006091d-f3d0-4f1d-b1c6-cecae7479d1b,True,True,True,safe_validated_frame_vector,94.4,33.4,94.4,33.4,91.0,33.8,94.4,33.4,91.0,33.8,-3.4000000000000057,0.3999999999999986,3.4234485537247434,45.49399999999992,Granit Xhaka,Bayer Leverkusen,,,validated_spatial_anchor,0.0,120.0,29.0,,,negative_0004,2.0,nonpositive_0004,2.0,C12,533862946a73608c134d18b78226b6371ce7173c
3895292,2,109,904,2474,00:15:17.111,Pressure,190,True,validated_core_event_team_scope,True,False,917.111,42,1db8f278-f7c1-4d9f-bae7-52bea863d7c5,False,False,False,not_leverkusen_pass_carry,97.9,34.5,22.1,45.5,,,,,,,,,,45.670999999999935,Lucas Tousart,Union Berlin,,,validated_spatial_anchor,0.1770000000000209,,,,,,,,,C12,533862946a73608c134d18b78226b6371ce7173c
3895292,2,109,904,2475,00:15:18.162,Pass,904,True,validated_core_event_team_scope,True,False,918.162,43,7d2de50d-4275-484a-a6ca-496ddc105268,True,True,True,safe_validated_frame_vector,91.0,33.8,91.0,33.8,99.4,22.6,91.0,33.8,99.4,22.6,8.400000000000006,-11.199999999999996,14.0,46.72199999999998,Granit Xhaka,Bayer Leverkusen,,,validated_spatial_anchor,1.0510000000000446,120.0,20.599999999999994,positive_0005,1.0,,,,,C12,533862946a73608c134d18b78226b6371ce7173c
3895292,2,109,904,2476,00:15:19.184,Ball Receipt*,904,True,unsupported_event_type,False,False,919.184,44,5cca4684-b9ec-43d7-be15-d583b63dfa41,False,False,False,not_leverkusen_pass_carry,,,99.4,22.6,,,,,,,,,,47.74399999999992,Alejandro Grimaldo García,Bayer Leverkusen,,,linked_360_unsupported_semantics,1.0219999999999343,,,,,,,,,C12,533862946a73608c134d18b78226b6371ce7173c
3895292,2,109,904,2477,00:15:19.184,Carry,904,True,validated_core_event_team_scope,True,False,919.184,45,18e7a8fa-5d2d-4210-88f9-152e6a1460fe,True,True,True,safe_validated_frame_vector,99.4,22.6,99.4,22.6,95.4,21.0,99.4,22.6,95.4,21.0,-4.0,-1.6000000000000014,4.308131845707604,47.74399999999992,Alejandro Grimaldo García,Bayer Leverkusen,,,validated_spatial_anchor,0.0,120.0,24.599999999999994,,,negative_0005,1.0,nonpositive_0005,1.0,C12,533862946a73608c134d18b78226b6371ce7173c
3895292,2,109,904,2478,00:15:20.520,Pass,904,True,validated_core_event_team_scope,True,False,920.52,46,2239e333-34a0-4c82-9f0f-5128aa073338,True,True,True,safe_validated_frame_vector,95.4,21.0,95.4,21.0,81.8,24.4,95.4,21.0,81.8,24.4,-13.600000000000009,3.3999999999999986,14.018559127100056,49.07999999999993,Alejandro Grimaldo García,Bayer Leverkusen,,,validated_spatial_anchor,1.3360000000000127,120.0,38.2,,,negative_0005,2.0,nonpositive_0005,2.0,C12,533862946a73608c134d18b78226b6371ce7173c
3895292,2,109,904,2479,00:15:22.045,Ball Receipt*,904,True,unsupported_event_type,False,False,922.045,47,af4359fc-23ad-433f-8a0b-90da0adc25d8,False,False,False,not_leverkusen_pass_carry,,,81.8,24.4,,,,,,,,,,50.60499999999991,Granit Xhaka,Bayer Leverkusen,,,linked_360_unsupported_semantics,1.5249999999999773,,,,,,,,,C12,533862946a73608c134d18b78226b6371ce7173c
3895292,2,109,904,2480,00:15:22.045,Carry,904,True,validated_core_event_team_scope,True,False,922.045,48,a42fd326-c2f7-4bfe-8fd4-691fd68f7a51,True,True,True,safe_validated_frame_vector,81.8,24.4,81.8,24.4,80.4,39.8,81.8,24.4,80.4,39.8,-1.3999999999999917,15.4,15.463505424062165,50.60499999999991,Granit Xhaka,Bayer Leverkusen,,,validated_spatial_anchor,0.0,120.0,39.6,,,negative_0005,3.0,nonpositive_0005,3.0,C12,533862946a73608c134d18b78226b6371ce7173c
3895292,2,109,904,2481,00:15:25.799,Pass,904,True,validated_core_event_team_scope,True,False,925.799,49,6dbc41d5-ab59-406f-b17f-a9ae50e661b5,True,True,True,safe_validated_frame_vector,80.4,39.8,80.4,39.8,75.8,44.0,80.4,39.8,75.8,44.0,-4.6000000000000085,4.200000000000003,6.228964600958983,54.35899999999992,Granit Xhaka,Bayer Leverkusen,,,validated_spatial_anchor,3.754000000000019,120.0,44.2,,,negative_0005,4.0,nonpositive_0005,4.0,C12,533862946a73608c134d18b78226b6371ce7173c
3895292,2,109,904,2482,00:15:26.674,Ball Receipt*,904,True,unsupported_event_type,False,False,926.674,50,19099c8b-e7b8-4eeb-8419-4fce09dcc878,False,False,False,not_leverkusen_pass_carry,,,75.8,44.0,,,,,,,,,,55.23399999999992,Jonathan Tah,Bayer Leverkusen,,,linked_360_unsupported_semantics,0.875,,,,,,,,,C12,533862946a73608c134d18b78226b6371ce7173c
3895292,2,109,904,2483,00:15:26.674,Carry,904,True,validated_core_event_team_scope,True,False,926.674,51,74480203-fdb2-4e54-b56c-3808dadb5b71,True,True,True,safe_validated_frame_vector,75.8,44.0,75.8,44.0,75.8,44.0,75.8,44.0,75.8,44.0,0.0,0.0,0.0,55.23399999999992,Jonathan Tah,Bayer Leverkusen,,,validated_spatial_anchor,0.0,120.0,44.2,,,,,nonpositive_0005,5.0,C12,533862946a73608c134d18b78226b6371ce7173c
3895292,2,109,904,2484,00:15:27.154,Pass,904,True,validated_core_event_team_scope,True,False,927.154,52,510de061-b0d7-4d9f-ba17-3edd0b249121,True,True,True,safe_validated_frame_vector,75.8,44.0,75.8,44.0,77.0,20.0,75.8,44.0,77.0,20.0,1.2000000000000028,-24.0,24.029981273400946,55.71399999999994,Jonathan Tah,Bayer Leverkusen,,,validated_spatial_anchor,0.4800000000000182,120.0,43.0,positive_0006,1.0,,,,,C12,533862946a73608c134d18b78226b6371ce7173c
3895292,2,109,904,2485,00:15:28.871,Ball Receipt*,904,True,unsupported_event_type,False,False,928.871,53,652e0c52-3531-4677-ba0c-ae5f547d323d,False,False,False,not_leverkusen_pass_carry,,,77.0,20.0,,,,,,,,,,57.430999999999926,Piero Martín Hincapié Reyna,Bayer Leverkusen,,,linked_360_unsupported_semantics,1.7169999999999843,,,,,,,,,C12,533862946a73608c134d18b78226b6371ce7173c
3895292,2,109,904,2486,00:15:28.871,Carry,904,True,validated_core_event_team_scope,True,False,928.871,54,f9225b7c-bde5-4ed4-bdb9-ccef3e31c5c5,True,True,True,safe_validated_frame_vector,77.0,20.0,77.0,20.0,77.0,20.0,77.0,20.0,77.0,20.0,0.0,0.0,0.0,57.430999999999926,Piero Martín Hincapié Reyna,Bayer Leverkusen,,,validated_spatial_anchor,0.0,120.0,43.0,,,,,,,C12,533862946a73608c134d18b78226b6371ce7173c
3895292,2,109,904,2487,00:15:29.526,Pass,904,True,validated_core_event_team_scope,True,False,929.526,55,73b90973-17e3-4ebb-b9d6-2cc8867c558c,True,True,True,safe_validated_frame_vector,77.0,20.0,77.0,20.0,87.6,16.4,77.0,20.0,87.6,16.4,10.599999999999994,-3.6000000000000014,11.19464157532522,58.0859999999999,Piero Martín Hincapié Reyna,Bayer Leverkusen,,,validated_spatial_anchor,0.6549999999999727,120.0,32.400000000000006,positive_0007,1.0,,,,,C12,533862946a73608c134d18b78226b6371ce7173c
3895292,2,109,904,2488,00:15:30.720,Ball Receipt*,904,True,unsupported_event_type,False,False,930.72,56,5b0931b5-8b51-4892-87dd-6708a610faa7,False,False,False,not_leverkusen_pass_carry,,,87.6,16.4,,,,,,,,,,59.27999999999997,Amine Adli,Bayer Leverkusen,,,linked_360_unsupported_semantics,1.1940000000000737,,,,,,,,,C12,533862946a73608c134d18b78226b6371ce7173c
3895292,2,109,904,2489,00:15:30.720,Carry,904,True,validated_core_event_team_scope,True,False,930.72,57,0909b28b-d394-491a-837d-ef12cf411ceb,True,True,True,safe_validated_frame_vector,87.6,16.4,87.6,16.4,88.4,15.8,87.6,16.4,88.4,15.8,0.8000000000000114,-0.5999999999999979,1.0000000000000078,59.27999999999997,Amine Adli,Bayer Leverkusen,,,validated_spatial_anchor,0.0,120.0,31.599999999999994,positive_0007,2.0,,,,,C12,533862946a73608c134d18b78226b6371ce7173c
3895292,2,109,904,2490,00:15:32.154,Pass,904,True,validated_core_event_team_scope,True,False,932.154,58,075be798-efd7-4d76-94cb-e4bc08e97bae,True,True,True,safe_validated_frame_vector,88.4,15.8,88.4,15.8,101.4,4.6,88.4,15.8,101.4,4.6,13.0,-11.2,17.15925406304132,60.71399999999994,Amine Adli,Bayer Leverkusen,,,validated_spatial_anchor,1.433999999999969,120.0,18.599999999999994,positive_0007,3.0,,,,,C12,533862946a73608c134d18b78226b6371ce7173c
3895292,2,109,904,2491,00:15:33.291,Ball Receipt*,904,True,unsupported_event_type,False,False,933.291,59,b9cab24a-05c3-406b-ac09-7f4aa102ea32,False,False,False,not_leverkusen_pass_carry,,,101.4,4.6,,,,,,,,,,61.851,Alejandro Grimaldo García,Bayer Leverkusen,,,linked_360_unsupported_semantics,1.1370000000000573,,,,,,,,,C12,533862946a73608c134d18b78226b6371ce7173c
3895292,2,109,904,2492,00:15:33.291,Carry,904,True,validated_core_event_team_scope,True,False,933.291,60,1ca295a5-6143-4357-901c-a146d397d07f,True,True,True,safe_validated_frame_vector,101.4,4.6,101.4,4.6,101.4,4.6,101.4,4.6,101.4,4.6,0.0,0.0,0.0,61.851,Alejandro Grimaldo García,Bayer Leverkusen,,,validated_spatial_anchor,0.0,120.0,18.599999999999994,,,,,nonpositive_0006,1.0,C12,533862946a73608c134d18b78226b6371ce7173c
3895292,2,109,904,2493,00:15:35.524,Pass,904,False,no_360_frame,False,False,935.524,61,c407cf1f-507e-4f48-9234-9b2e2aa5d38f,False,True,True,unsupported_or_unlinked_frame,,,101.4,4.6,85.0,5.4,,,,,,,,64.08399999999995,Alejandro Grimaldo García,Bayer Leverkusen,,,no_360_frame,2.2329999999999472,,,,,,,,,C12,533862946a73608c134d18b78226b6371ce7173c
3895292,2,109,904,2494,00:15:36.914,Ball Receipt*,904,False,no_360_frame,False,False,936.914,62,9cdda0d1-e176-419e-ae16-463c922c97c9,False,False,False,not_leverkusen_pass_carry,,,85.0,5.4,,,,,,,,,,65.47399999999993,Amine Adli,Bayer Leverkusen,,,no_360_frame,1.3899999999999864,,,,,,,,,C12,533862946a73608c134d18b78226b6371ce7173c
3895292,2,109,904,2495,00:15:36.914,Carry,904,False,no_360_frame,False,False,936.914,63,96df1c6e-11ec-40bf-9040-0d80d5ceac87,False,True,True,unsupported_or_unlinked_frame,,,85.0,5.4,85.0,5.4,,,,,,,,65.47399999999993,Amine Adli,Bayer Leverkusen,,,no_360_frame,0.0,,,,,,,,,C12,533862946a73608c134d18b78226b6371ce7173c
3895292,2,109,904,2496,00:15:36.950,Pass,904,True,validated_core_event_team_scope,True,False,936.95,64,3545fd07-ac0c-4e09-b873-d43bfccbf003,True,True,True,safe_validated_frame_vector,85.0,5.4,85.0,5.4,74.4,22.4,85.0,5.4,74.4,22.4,-10.599999999999994,17.0,20.033971149025845,65.50999999999999,Amine Adli,Bayer Leverkusen,,,validated_spatial_anchor,0.0360000000000582,120.0,45.6,,,negative_0006,1.0,nonpositive_0006,2.0,C12,533862946a73608c134d18b78226b6371ce7173c
3895292,2,109,904,2497,00:15:38.571,Ball Receipt*,904,True,unsupported_event_type,False,False,938.571,65,59263733-dac0-4ece-9f87-ed5e88bd118d,False,False,False,not_leverkusen_pass_carry,,,74.4,22.4,,,,,,,,,,67.13099999999997,Piero Martín Hincapié Reyna,Bayer Leverkusen,,,linked_360_unsupported_semantics,1.620999999999981,,,,,,,,,C12,533862946a73608c134d18b78226b6371ce7173c
3895292,2,109,904,2498,00:15:38.571,Carry,904,True,validated_core_event_team_scope,True,False,938.571,66,67a853ee-c715-41f7-ba0f-1fdbfef917d9,True,True,True,safe_validated_frame_vector,74.4,22.4,74.4,22.4,74.4,22.4,74.4,22.4,74.4,22.4,0.0,0.0,0.0,67.13099999999997,Piero Martín Hincapié Reyna,Bayer Leverkusen,,,validated_spatial_anchor,0.0,120.0,45.6,,,,,nonpositive_0006,3.0,C12,533862946a73608c134d18b78226b6371ce7173c
3895292,2,109,904,2499,00:15:40.208,Pass,904,True,validated_core_event_team_scope,True,False,940.208,67,99af0d5e-2d6e-41d1-9fbd-d59453c51976,True,True,True,safe_validated_frame_vector,74.4,22.4,74.4,22.4,73.0,43.6,74.4,22.4,73.0,43.6,-1.4000000000000057,21.200000000000003,21.246176126540988,68.76799999999992,Piero Martín Hincapié Reyna,Bayer Leverkusen,,,validated_spatial_anchor,1.6369999999999436,120.0,47.0,,,negative_0007,1.0,nonpositive_0006,4.0,C12,533862946a73608c134d18b78226b6371ce7173c
3895292,2,109,904,2500,00:15:41.467,Ball Receipt*,904,True,unsupported_event_type,False,False,941.467,68,09e55f75-a2b9-4b51-a9b6-f3534d0f2518,False,False,False,not_leverkusen_pass_carry,,,73.0,43.6,,,,,,,,,,70.02699999999993,Jonathan Tah,Bayer Leverkusen,,,linked_360_unsupported_semantics,1.2590000000000146,,,,,,,,,C12,533862946a73608c134d18b78226b6371ce7173c
3895292,2,109,904,2501,00:15:41.467,Carry,904,True,validated_core_event_team_scope,True,False,941.467,69,a5857ea8-72ba-4f49-bb8b-458259d7eac2,True,True,True,safe_validated_frame_vector,73.0,43.6,73.0,43.6,73.0,43.6,73.0,43.6,73.0,43.6,0.0,0.0,0.0,70.02699999999993,Jonathan Tah,Bayer Leverkusen,,,validated_spatial_anchor,0.0,120.0,47.0,,,,,nonpositive_0006,5.0,C12,533862946a73608c134d18b78226b6371ce7173c
3895292,2,109,904,2502,00:15:43.152,Pass,904,True,validated_core_event_team_scope,True,False,943.152,70,87145a65-82a3-4f0e-962e-b0f1e9eea4d9,True,True,True,safe_validated_frame_vector,73.0,43.6,73.0,43.6,73.0,23.6,73.0,43.6,73.0,23.6,0.0,-20.0,20.0,71.71199999999999,Jonathan Tah,Bayer Leverkusen,,,validated_spatial_anchor,1.6850000000000591,120.0,47.0,,,,,nonpositive_0006,6.0,C12,533862946a73608c134d18b78226b6371ce7173c
3895292,2,109,904,2503,00:15:44.665,Ball Receipt*,904,True,unsupported_event_type,False,False,944.665,71,5d0d671c-42c0-43b9-8f88-9e2e93db8d35,False,False,False,not_leverkusen_pass_carry,,,73.0,23.6,,,,,,,,,,73.22499999999991,Piero Martín Hincapié Reyna,Bayer Leverkusen,,,linked_360_unsupported_semantics,1.51299999999992,,,,,,,,,C12,533862946a73608c134d18b78226b6371ce7173c
3895292,2,109,904,2504,00:15:44.665,Carry,904,True,validated_core_event_team_scope,True,False,944.665,72,d0a09972-26a9-4aa4-aae9-f4388d261a4a,True,True,True,safe_validated_frame_vector,73.0,23.6,73.0,23.6,73.0,23.6,73.0,23.6,73.0,23.6,0.0,0.0,0.0,73.22499999999991,Piero Martín Hincapié Reyna,Bayer Leverkusen,,,validated_spatial_anchor,0.0,120.0,47.0,,,,,nonpositive_0006,7.0,C12,533862946a73608c134d18b78226b6371ce7173c
3895292,2,109,904,2505,00:15:45.617,Pass,904,True,validated_core_event_team_scope,True,False,945.617,73,babdb2a9-4402-44d0-9a58-64e145e6f801,True,True,True,safe_validated_frame_vector,73.0,23.6,73.0,23.6,100.2,5.0,73.0,23.6,100.2,5.0,27.200000000000003,-18.6,32.95147948120084,74.17699999999991,Piero Martín Hincapié Reyna,Bayer Leverkusen,,,validated_spatial_anchor,0.9519999999999982,120.0,19.8,positive_0008,1.0,,,,,C12,533862946a73608c134d18b78226b6371ce7173c
3895292,2,109,904,2506,00:15:47.612,Ball Receipt*,904,True,unsupported_event_type,False,False,947.612,74,2fd8301c-9523-4549-af28-167828be3acf,False,False,False,not_leverkusen_pass_carry,,,100.2,5.0,,,,,,,,,,76.17199999999991,Alejandro Grimaldo García,Bayer Leverkusen,,,linked_360_unsupported_semantics,1.9950000000000043,,,,,,,,,C12,533862946a73608c134d18b78226b6371ce7173c
3895292,2,109,904,2507,00:15:47.612,Carry,904,True,validated_core_event_team_scope,True,False,947.612,75,70c15b1e-5613-482a-8a45-9c917ef0374d,True,True,True,safe_validated_frame_vector,100.2,5.0,100.2,5.0,109.8,6.6,100.2,5.0,109.8,6.6,9.599999999999994,1.5999999999999996,9.732420048477149,76.17199999999991,Alejandro Grimaldo García,Bayer Leverkusen,,,validated_spatial_anchor,0.0,120.0,10.200000000000005,positive_0008,2.0,,,,,C12,533862946a73608c134d18b78226b6371ce7173c
3895292,2,109,904,2508,00:15:49.380,Pass,904,False,no_360_frame,False,False,949.38,76,d6c52184-ba8a-4dd9-989c-1785efbea013,False,True,True,unsupported_or_unlinked_frame,,,109.8,6.6,114.8,43.0,,,,,,,,77.93999999999994,Alejandro Grimaldo García,Bayer Leverkusen,pass.outcome:Incomplete,,no_360_frame,1.768000000000029,,,,,,,,,C12,533862946a73608c134d18b78226b6371ce7173c
3895292,2,109,904,2509,00:15:51.269,Clearance,190,True,unsupported_event_type,False,False,951.269,77,558ab8a8-e054-4138-a0eb-803c937b65bd,False,False,False,not_leverkusen_pass_carry,,,5.3,37.1,,,,,,,,,,79.82899999999995,Diogo Filipe Monteiro Pinto Leite,Union Berlin,type:Clearance,,linked_360_unsupported_semantics,1.88900000000001,,,,,,,,,C12,533862946a73608c134d18b78226b6371ce7173c
3895292,2,109,904,2510,00:15:53.157,Duel,904,True,unsupported_event_type,False,False,953.157,78,17c920f0-b589-4340-baf9-32b23ffd8af0,False,False,False,not_leverkusen_pass_carry,,,106.6,44.6,,,,,,,,,,81.71699999999998,Nathan Tella,Bayer Leverkusen,type:Duel,,linked_360_unsupported_semantics,1.8880000000000337,,,,,,,,,C12,533862946a73608c134d18b78226b6371ce7173c
3895292,2,109,904,2511,00:15:53.157,Clearance,190,True,unsupported_event_type,False,False,953.157,79,86187fe1-a816-4811-83fe-86af8f3c9ed6,False,False,False,not_leverkusen_pass_carry,,,13.5,35.5,,,,,,,,,,81.71699999999998,András Schäfer,Union Berlin,type:Clearance,,linked_360_unsupported_semantics,0.0,,,,,,,,,C12,533862946a73608c134d18b78226b6371ce7173c
3895292,2,109,904,2512,00:15:54.952,Clearance,190,True,unsupported_event_type,False,False,954.952,80,034e8c0c-1063-4d85-93e0-c85f01d2d12e,False,False,False,not_leverkusen_pass_carry,,,17.3,38.9,,,,,,,,,,83.51199999999994,Rani Khedira,Union Berlin,type:Clearance,,linked_360_unsupported_semantics,1.794999999999959,,,,,,,,,C12,533862946a73608c134d18b78226b6371ce7173c
3895292,2,109,904,2513,00:15:56.686,Ball Recovery,904,True,unsupported_event_type,False,False,956.686,81,f9fb9cce-b478-47be-b96f-2dd104090feb,False,False,False,not_leverkusen_pass_carry,,,91.4,36.6,,,,,,,,,,85.24599999999998,Jonathan Tah,Bayer Leverkusen,type:Ball Recovery,,linked_360_unsupported_semantics,1.7340000000000373,,,,,,,,,C12,533862946a73608c134d18b78226b6371ce7173c
3895292,2,109,904,2514,00:15:57.022,Pressure,904,True,validated_core_event_team_scope,True,False,957.022,82,5deefacf-4d81-4bea-8fdf-8c240e50a9f2,False,False,False,not_leverkusen_pass_carry,93.6,33.2,93.6,33.2,,,,,,,,,,85.582,Jonathan Tah,Bayer Leverkusen,,,validated_spatial_anchor,0.3360000000000127,,,,,,,,,C12,533862946a73608c134d18b78226b6371ce7173c
3895292,2,109,904,2515,00:15:57.261,Ball Recovery,190,True,unsupported_event_type,False,False,957.261,83,6c3837a4-1ff6-4acc-a5ba-f87fd6c33423,False,False,False,not_leverkusen_pass_carry,,,27.7,47.1,,,,,,,,,,85.82099999999991,Brenden Aaronson,Union Berlin,type:Ball Recovery,,linked_360_unsupported_semantics,0.238999999999919,,,,,,,,,C12,533862946a73608c134d18b78226b6371ce7173c
3895292,2,109,904,2516,00:15:58.040,Pressure,190,True,validated_core_event_team_scope,True,False,958.04,84,0d9ce659-5905-46aa-a29e-d180823ebf76,False,False,False,not_leverkusen_pass_carry,89.3,31.3,30.7,48.7,,,,,,,,,,86.59999999999991,Brenden Aaronson,Union Berlin,,,validated_spatial_anchor,0.7789999999999964,,,,,,,,,C12,533862946a73608c134d18b78226b6371ce7173c
3895292,2,109,904,2517,00:15:58.375,Pass,904,True,validated_core_event_team_scope,True,False,958.375,85,2b94dc13-2695-48ce-8777-274965f2b524,True,True,True,safe_validated_frame_vector,87.4,30.6,87.4,30.6,93.0,13.0,87.4,30.6,93.0,13.0,5.599999999999994,-17.6,18.469434208984318,86.93499999999995,Granit Xhaka,Bayer Leverkusen,pass.type:Recovery,,validated_spatial_anchor,0.3350000000000364,120.0,27.0,positive_0008,3.0,,,,,C12,533862946a73608c134d18b78226b6371ce7173c
3895292,2,109,904,2518,00:16:01.038,Ball Receipt*,904,True,unsupported_event_type,False,False,961.038,86,08cfa2ba-1d69-40ff-a930-8cfa86a7ef58,False,False,False,not_leverkusen_pass_carry,,,93.0,13.0,,,,,,,,,,89.59799999999996,Alejandro Grimaldo García,Bayer Leverkusen,,,linked_360_unsupported_semantics,2.663000000000011,,,,,,,,,C12,533862946a73608c134d18b78226b6371ce7173c
3895292,2,109,904,2519,00:16:01.038,Carry,904,True,validated_core_event_team_scope,True,False,961.038,87,82cd4c2e-fcb3-49ec-aa7c-de33632184ab,True,True,True,safe_validated_frame_vector,93.0,13.0,93.0,13.0,93.0,13.0,93.0,13.0,93.0,13.0,0.0,0.0,0.0,89.59799999999996,Alejandro Grimaldo García,Bayer Leverkusen,,,validated_spatial_anchor,0.0,120.0,27.0,,,,,nonpositive_0007,1.0,C12,533862946a73608c134d18b78226b6371ce7173c
3895292,2,109,904,2520,00:16:04.202,Pass,904,True,validated_core_event_team_scope,True,False,964.202,88,2b7e48e4-dc9b-4a96-8885-47ea71a59f34,True,True,True,safe_validated_frame_vector,93.0,13.0,93.0,13.0,74.0,12.6,93.0,13.0,74.0,12.6,-19.0,-0.4000000000000003,19.00421005987884,92.76199999999994,Alejandro Grimaldo García,Bayer Leverkusen,,,validated_spatial_anchor,3.1639999999999877,120.0,46.0,,,negative_0008,1.0,nonpositive_0007,2.0,C12,533862946a73608c134d18b78226b6371ce7173c
3895292,2,109,904,2521,00:16:05.607,Ball Receipt*,904,True,unsupported_event_type,False,False,965.607,89,aae1778b-f1de-4260-8c62-1dedf4300bcb,False,False,False,not_leverkusen_pass_carry,,,74.0,12.6,,,,,,,,,,94.16699999999992,Piero Martín Hincapié Reyna,Bayer Leverkusen,,,linked_360_unsupported_semantics,1.4049999999999727,,,,,,,,,C12,533862946a73608c134d18b78226b6371ce7173c
3895292,2,109,904,2522,00:16:05.607,Carry,904,True,validated_core_event_team_scope,True,False,965.607,90,e5bb6b9e-29d9-4fd1-85cb-fe7560b3f92a,True,True,True,safe_validated_frame_vector,74.0,12.6,74.0,12.6,72.6,25.4,74.0,12.6,72.6,25.4,-1.4000000000000057,12.8,12.876334882255897,94.16699999999992,Piero Martín Hincapié Reyna,Bayer Leverkusen,,,validated_spatial_anchor,0.0,120.0,47.400000000000006,,,negative_0008,2.0,nonpositive_0007,3.0,C12,533862946a73608c134d18b78226b6371ce7173c
3895292,2,109,904,2523,00:16:07.178,Pass,904,True,validated_core_event_team_scope,True,False,967.178,91,451794a3-9f94-4259-bf13-d3c0be5b13e4,True,True,True,safe_validated_frame_vector,72.6,25.4,72.6,25.4,79.2,45.4,72.6,25.4,79.2,45.4,6.6000000000000085,20.0,21.06086417980041,95.73799999999994,Piero Martín Hincapié Reyna,Bayer Leverkusen,,,validated_spatial_anchor,1.5710000000000264,120.0,40.8,positive_0009,1.0,,,,,C12,533862946a73608c134d18b78226b6371ce7173c
3895292,2,109,904,2524,00:16:08.609,Ball Receipt*,904,True,unsupported_event_type,False,False,968.609,92,4551bbd5-5b5e-4391-a06e-04ebc0c9eb95,False,False,False,not_leverkusen_pass_carry,,,79.2,45.4,,,,,,,,,,97.16899999999998,Robert Andrich,Bayer Leverkusen,,,linked_360_unsupported_semantics,1.43100000000004,,,,,,,,,C12,533862946a73608c134d18b78226b6371ce7173c
3895292,2,109,904,2525,00:16:08.609,Carry,904,True,validated_core_event_team_scope,True,False,968.609,93,cc192731-363a-4755-a79e-5f2364c3fc41,True,True,True,safe_validated_frame_vector,79.2,45.4,79.2,45.4,79.2,45.4,79.2,45.4,79.2,45.4,0.0,0.0,0.0,97.16899999999998,Robert Andrich,Bayer Leverkusen,,,validated_spatial_anchor,0.0,120.0,40.8,,,,,,,C12,533862946a73608c134d18b78226b6371ce7173c
3895292,2,109,904,2526,00:16:09.370,Pass,904,True,validated_core_event_team_scope,True,False,969.37,94,06479075-bb27-411e-af49-563c719919ed,True,True,True,safe_validated_frame_vector,79.2,45.4,79.2,45.4,98.2,69.2,79.2,45.4,98.2,69.2,19.0,23.800000000000004,30.453899586095705,97.92999999999996,Robert Andrich,Bayer Leverkusen,,,validated_spatial_anchor,0.7609999999999673,120.0,21.8,positive_0010,1.0,,,,,C12,533862946a73608c134d18b78226b6371ce7173c
3895292,2,109,904,2527,00:16:11.861,Ball Receipt*,904,True,unsupported_event_type,False,False,971.861,95,bc20d33e-b36d-4ba7-96d2-1aca15a7b758,False,False,False,not_leverkusen_pass_carry,,,98.2,69.2,,,,,,,,,,100.42099999999994,Nathan Tella,Bayer Leverkusen,,,linked_360_unsupported_semantics,2.490999999999985,,,,,,,,,C12,533862946a73608c134d18b78226b6371ce7173c
3895292,2,109,904,2528,00:16:11.861,Carry,904,True,validated_core_event_team_scope,True,False,971.861,96,b87d65da-8aea-4efa-8358-c4b4b34ce90a,True,True,True,safe_validated_frame_vector,98.2,69.2,98.2,69.2,97.4,69.2,98.2,69.2,97.4,69.2,-0.7999999999999972,0.0,0.7999999999999972,100.42099999999994,Nathan Tella,Bayer Leverkusen,,,validated_spatial_anchor,0.0,120.0,22.599999999999994,,,negative_0009,1.0,nonpositive_0008,1.0,C12,533862946a73608c134d18b78226b6371ce7173c
3895292,2,109,904,2529,00:16:13.483,Dribbled Past,190,False,no_360_frame,False,False,973.483,97,4cf740a7-fa8d-4e0b-be0c-81d8d17d981b,False,False,False,not_leverkusen_pass_carry,,,22.7,10.9,,,,,,,,,,102.04299999999988,Diogo Filipe Monteiro Pinto Leite,Union Berlin,,,no_360_frame,1.6219999999999573,,,,,,,,,C12,533862946a73608c134d18b78226b6371ce7173c
3895292,2,109,904,2530,00:16:13.483,Dribble,904,False,no_360_frame,False,False,973.483,98,36f98410-353d-4fd0-8e01-1b6e1dc053d5,False,False,False,not_leverkusen_pass_carry,,,97.4,69.2,,,,,,,,,,102.04299999999988,Nathan Tella,Bayer Leverkusen,,,no_360_frame,0.0,,,,,,,,,C12,533862946a73608c134d18b78226b6371ce7173c
3895292,2,109,904,2531,00:16:13.483,Carry,904,False,no_360_frame,False,False,973.483,99,0ae8672b-e751-4991-b10d-6590b961b14f,False,True,True,unsupported_or_unlinked_frame,,,97.4,69.2,91.2,60.8,,,,,,,,102.04299999999988,Nathan Tella,Bayer Leverkusen,,,no_360_frame,0.0,,,,,,,,,C12,533862946a73608c134d18b78226b6371ce7173c
3895292,2,109,904,2532,00:16:15.083,Pressure,190,False,no_360_frame,False,False,975.083,100,7215a9da-e27f-4850-a6e0-3b8f945a1619,False,False,False,not_leverkusen_pass_carry,,,25.3,17.3,,,,,,,,,,103.64299999999992,Diogo Filipe Monteiro Pinto Leite,Union Berlin,,,no_360_frame,1.6000000000000227,,,,,,,,,C12,533862946a73608c134d18b78226b6371ce7173c
3895292,2,109,904,2533,00:16:15.160,Ball Recovery,904,False,no_360_frame,False,False,975.16,101,6f65724e-43fa-4ae0-a771-ed283d95606d,False,False,False,not_leverkusen_pass_carry,,,91.2,60.8,,,,,,,,,,103.71999999999991,Odilon Kossonou,Bayer Leverkusen,type:Ball Recovery,,no_360_frame,0.0769999999999981,,,,,,,,,C12,533862946a73608c134d18b78226b6371ce7173c
3895292,2,109,904,2534,00:16:15.160,Carry,904,False,no_360_frame,False,False,975.16,102,d8247bb9-4d31-4b08-9a3d-562f80504dfb,False,True,True,unsupported_or_unlinked_frame,,,91.2,60.8,91.2,60.8,,,,,,,,103.71999999999991,Odilon Kossonou,Bayer Leverkusen,,,no_360_frame,0.0,,,,,,,,,C12,533862946a73608c134d18b78226b6371ce7173c
3895292,2,109,904,2535,00:16:15.567,Pass,904,False,no_360_frame,False,False,975.567,103,a85d0868-8dca-42df-8001-7549e2688045,False,True,True,unsupported_or_unlinked_frame,,,91.2,60.8,94.2,60.6,,,,,,,,104.12699999999997,Odilon Kossonou,Bayer Leverkusen,,,no_360_frame,0.4070000000000391,,,,,,,,,C12,533862946a73608c134d18b78226b6371ce7173c
3895292,2,109,904,2536,00:16:16.288,Ball Receipt*,904,True,unsupported_event_type,False,False,976.288,104,6c4faee7-f6ac-4284-94bb-c7d041aaff45,False,False,False,not_leverkusen_pass_carry,,,94.2,60.6,,,,,,,,,,104.84799999999996,Florian Wirtz,Bayer Leverkusen,,,linked_360_unsupported_semantics,0.7210000000000036,,,,,,,,,C12,533862946a73608c134d18b78226b6371ce7173c
3895292,2,109,904,2537,00:16:16.288,Carry,904,True,validated_core_event_team_scope,True,False,976.288,105,cb122629-975c-496f-aceb-6e5914342b1f,True,True,True,safe_validated_frame_vector,94.2,60.6,94.2,60.6,94.6,60.6,94.2,60.6,94.6,60.6,0.3999999999999915,0.0,0.3999999999999915,104.84799999999996,Florian Wirtz,Bayer Leverkusen,,,validated_spatial_anchor,0.0,120.0,25.40000000000001,positive_0011,1.0,,,,,C12,533862946a73608c134d18b78226b6371ce7173c
3895292,2,109,904,2538,00:16:16.292,Miscontrol,904,True,unsupported_event_type,False,False,976.292,106,e09b24f6-559b-4979-ac1d-2c023fbbe63d,False,False,False,not_leverkusen_pass_carry,,,94.6,60.6,,,,,,,,,,104.85199999999998,Florian Wirtz,Bayer Leverkusen,type:Miscontrol,,linked_360_unsupported_semantics,0.004000000000019,,,,,,,,,C12,533862946a73608c134d18b78226b6371ce7173c
3895292,2,109,904,2539,00:16:17.477,Ball Recovery,190,True,unsupported_event_type,False,False,977.477,107,6f24a498-54f4-41bf-9c82-ad3b32075bd2,False,False,False,not_leverkusen_pass_carry,,,25.3,24.7,,,,,,,,,,106.03699999999992,Brenden Aaronson,Union Berlin,type:Ball Recovery,,linked_360_unsupported_semantics,1.1849999999999454,,,,,,,,,C12,533862946a73608c134d18b78226b6371ce7173c
3895292,2,109,904,2540,00:16:17.477,Carry,190,True,validated_core_event_team_scope,True,False,977.477,108,5e786b43-2dac-4d48-87a0-d890217c65d2,False,False,False,not_leverkusen_pass_carry,94.7,55.3,25.3,24.7,,,,,,,,,,106.03699999999992,Brenden Aaronson,Union Berlin,,,validated_spatial_anchor,0.0,,,,,,,,,C12,533862946a73608c134d18b78226b6371ce7173c
3895292,2,109,904,2541,00:16:17.673,Pressure,904,True,validated_core_event_team_scope,True,False,977.673,109,4d26d4ff-daf9-4e5b-b0d9-9450e048c08e,False,False,False,not_leverkusen_pass_carry,94.6,57.8,94.6,57.8,,,,,,,,,,106.23299999999996,Florian Wirtz,Bayer Leverkusen,counterpress:true,,validated_spatial_anchor,0.1960000000000263,,,,,,,,,C12,533862946a73608c134d18b78226b6371ce7173c
3895292,2,109,904,2542,00:16:18.182,Pass,190,True,validated_core_event_team_scope,True,False,978.182,110,a59d648e-4bf8-423c-b912-3191c4d681a2,False,False,False,not_leverkusen_pass_carry,94.5,53.5,25.5,26.5,,,,,,,,,,106.74199999999996,Brenden Aaronson,Union Berlin,pass.outcome:Incomplete,,validated_spatial_anchor,0.5090000000000146,,,,,,,,,C12,533862946a73608c134d18b78226b6371ce7173c
3895292,2,109,904,2543,00:16:19.161,Ball Receipt*,190,True,unsupported_event_type,False,False,979.161,111,a266f09b-7ee3-45d4-993d-6b84ec91b99c,False,False,False,not_leverkusen_pass_carry,,,32.3,25.9,,,,,,,,,,107.72099999999988,András Schäfer,Union Berlin,ball_receipt.outcome:Incomplete,,linked_360_unsupported_semantics,0.978999999999928,,,,,,,,,C12,533862946a73608c134d18b78226b6371ce7173c
3895292,2,109,904,2544,00:16:19.161,Pass,904,True,validated_core_event_team_scope,True,False,979.161,112,8d4c210a-4ee7-4405-967a-2ee396f7caa8,True,True,True,safe_validated_frame_vector,89.4,53.8,89.4,53.8,93.4,56.0,89.4,53.8,93.4,56.0,4.0,2.200000000000003,4.565084884205332,107.72099999999988,Odilon Kossonou,Bayer Leverkusen,counterpress:true;pass.type:Interception,,validated_spatial_anchor,0.0,120.0,26.599999999999994,positive_0011,2.0,,,,,C12,533862946a73608c134d18b78226b6371ce7173c
3895292,2,109,904,2545,00:16:19.896,Ball Receipt*,904,True,unsupported_event_type,False,False,979.896,113,bbb1b1e1-2836-4a77-b18b-5222e4b95e33,False,False,False,not_leverkusen_pass_carry,,,93.4,56.0,,,,,,,,,,108.4559999999999,Florian Wirtz,Bayer Leverkusen,,,linked_360_unsupported_semantics,0.7350000000000136,,,,,,,,,C12,533862946a73608c134d18b78226b6371ce7173c
3895292,2,109,904,2546,00:16:19.896,Carry,904,True,validated_core_event_team_scope,True,False,979.896,114,e85e9ad9-1d95-4d9f-8bc4-8f8ff7d1edb0,True,True,True,safe_validated_frame_vector,93.4,56.0,93.4,56.0,93.4,56.0,93.4,56.0,93.4,56.0,0.0,0.0,0.0,108.4559999999999,Florian Wirtz,Bayer Leverkusen,,,validated_spatial_anchor,0.0,120.0,26.599999999999994,,,,,,,C12,533862946a73608c134d18b78226b6371ce7173c
3895292,2,109,904,2547,00:16:20.834,Pass,904,True,validated_core_event_team_scope,True,False,980.834,115,a477c91b-8cf2-435a-a554-d2dbf2585d48,True,True,True,safe_validated_frame_vector,93.4,56.0,93.4,56.0,113.4,60.2,93.4,56.0,113.4,60.2,20.0,4.200000000000003,20.43624231604235,109.39399999999988,Florian Wirtz,Bayer Leverkusen,,,validated_spatial_anchor,0.9379999999999882,120.0,6.599999999999994,positive_0012,1.0,,,,,C12,533862946a73608c134d18b78226b6371ce7173c
3895292,2,109,904,2548,00:16:22.854,Ball Receipt*,904,True,unsupported_event_type,False,False,982.854,116,1f7205e9-e532-4aa7-b1d6-ff811a99d8bd,False,False,False,not_leverkusen_pass_carry,,,113.4,60.2,,,,,,,,,,111.414,Nathan Tella,Bayer Leverkusen,,,linked_360_unsupported_semantics,2.0200000000000955,,,,,,,,,C12,533862946a73608c134d18b78226b6371ce7173c
3895292,2,109,904,2549,00:16:22.854,Pass,904,True,validated_core_event_team_scope,True,False,982.854,117,8c9c5a81-3ac3-4209-9d14-01dac22853fe,True,True,True,safe_validated_frame_vector,113.6,60.4,113.6,60.4,115.4,42.2,113.6,60.4,115.4,42.2,1.8000000000000114,-18.2,18.288794383446927,111.414,Nathan Tella,Bayer Leverkusen,pass.outcome:Incomplete,,validated_spatial_anchor,0.0,120.0,4.599999999999994,positive_0012,2.0,,,,,C12,533862946a73608c134d18b78226b6371ce7173c
3895292,2,109,904,2550,00:16:23.446,Clearance,190,True,unsupported_event_type,False,False,983.446,118,bc01f66d-0798-478b-a779-5d3cefd95a36,False,False,False,not_leverkusen_pass_carry,,,4.7,37.9,,,,,,,,,,112.00599999999996,Danilho Doekhi,Union Berlin,type:Clearance;out:true,,linked_360_unsupported_semantics,0.5919999999999845,,,,,,,,,C12,533862946a73608c134d18b78226b6371ce7173c
3895292,2,109,904,2551,00:16:50.236,Substitution,190,False,no_360_frame,False,False,1010.236,119,3ed99467-9728-406a-81cc-3aa9f224b8fb,False,False,False,not_leverkusen_pass_carry,,,,,,,,,,,,,,138.79599999999994,Rani Khedira,Union Berlin,,,no_360_frame,26.789999999999964,,,,,,,,,C12,533862946a73608c134d18b78226b6371ce7173c
3895292,2,109,904,2552,00:17:08.807,Substitution,190,False,no_360_frame,False,False,1028.807,120,0b0a086a-208c-4c08-8e72-5c05724199d1,False,False,False,not_leverkusen_pass_carry,,,,,,,,,,,,,,157.36699999999996,Christopher Trimmel,Union Berlin,,,no_360_frame,18.571000000000023,,,,,,,,,C12,533862946a73608c134d18b78226b6371ce7173c
3895292,2,109,904,2553,00:17:13.957,Substitution,190,False,no_360_frame,False,False,1033.957,121,3b406a74-8d14-4db9-905b-79dd9656d242,False,False,False,not_leverkusen_pass_carry,,,,,,,,,,,,,,162.51700000000005,András Schäfer,Union Berlin,,,no_360_frame,5.150000000000091,,,,,,,,,C12,533862946a73608c134d18b78226b6371ce7173c
3895052,1,17,904,300,00:05:39.491,Ball Recovery,904,True,unsupported_event_type,False,False,339.491,0,f7a5cf2b-d965-4472-9fb4-c60e51e5c022,False,False,False,not_leverkusen_pass_carry,,,3.1,23.7,,,,,,,,,,0.0,Lukáš Hrádecký,Bayer Leverkusen,type:Ball Recovery,,linked_360_unsupported_semantics,,,,,,,,,,C13,533862946a73608c134d18b78226b6371ce7173c
3895052,1,17,904,301,00:05:47.932,Pass,904,False,no_360_frame,False,False,347.932,1,3f516b22-ee40-4efe-a6a4-6b76dec2ed43,False,True,True,unsupported_or_unlinked_frame,,,5.5,29.7,18.0,18.1,,,,,,,,8.441000000000031,Lukáš Hrádecký,Bayer Leverkusen,,,no_360_frame,8.441000000000031,,,,,,,,,C13,533862946a73608c134d18b78226b6371ce7173c
3895052,1,17,904,302,00:05:49.730,Ball Receipt*,904,False,no_360_frame,False,False,349.73,2,aa7bac1a-585b-4860-8a08-dccac94ceef6,False,False,False,not_leverkusen_pass_carry,,,18.0,18.1,,,,,,,,,,10.239000000000033,Edmond Fayçal Tapsoba,Bayer Leverkusen,,,no_360_frame,1.7980000000000018,,,,,,,,,C13,533862946a73608c134d18b78226b6371ce7173c
3895052,1,17,904,303,00:05:50.656,Pass,904,True,validated_core_event_team_scope,True,False,350.656,3,255d6e3d-7309-485e-ad7b-8fa794aa5b9e,True,True,True,safe_validated_frame_vector,15.6,16.1,15.6,16.1,27.2,8.0,15.6,16.1,27.2,8.0,11.6,-8.100000000000001,14.14814475470194,11.16500000000002,Edmond Fayçal Tapsoba,Bayer Leverkusen,,,validated_spatial_anchor,0.9259999999999876,27.2,0.0,positive_0012,1.0,,,,,C13,533862946a73608c134d18b78226b6371ce7173c
3895052,1,17,904,304,00:05:51.623,Ball Receipt*,904,True,unsupported_event_type,False,False,351.623,4,0674a04b-50d5-4a36-b451-937df82b0b82,False,False,False,not_leverkusen_pass_carry,,,27.2,8.0,,,,,,,,,,12.132000000000003,Granit Xhaka,Bayer Leverkusen,,,linked_360_unsupported_semantics,0.9669999999999844,,,,,,,,,C13,533862946a73608c134d18b78226b6371ce7173c
3895052,1,17,904,305,00:05:51.623,Carry,904,True,validated_core_event_team_scope,True,False,351.623,5,9ee96fd8-7e6a-4530-99f7-e8fe35b831d6,True,True,True,safe_validated_frame_vector,27.2,8.0,27.2,8.0,38.8,9.2,27.2,8.0,38.8,9.2,11.599999999999998,1.1999999999999993,11.661903789690598,12.132000000000003,Granit Xhaka,Bayer Leverkusen,,,validated_spatial_anchor,0.0,38.8,0.0,positive_0012,2.0,,,,,C13,533862946a73608c134d18b78226b6371ce7173c
3895052,1,17,904,306,00:05:57.715,Pass,904,True,validated_core_event_team_scope,True,False,357.715,6,6cbd006a-52e4-4a4c-93c1-c5704aeb8549,True,True,True,safe_validated_frame_vector,38.8,9.2,38.8,9.2,44.9,0.1,38.8,9.2,44.9,0.1,6.100000000000001,-9.1,10.955363982999378,18.22399999999999,Granit Xhaka,Bayer Leverkusen,,,validated_spatial_anchor,6.0919999999999845,44.9,0.0,positive_0012,3.0,,,,,C13,533862946a73608c134d18b78226b6371ce7173c
3895052,1,17,904,307,00:05:58.692,Ball Receipt*,904,True,unsupported_event_type,False,False,358.692,7,edf1a557-c2a7-42cc-ae0f-78d824ad78ca,False,False,False,not_leverkusen_pass_carry,,,44.9,0.1,,,,,,,,,,19.201000000000025,Alejandro Grimaldo García,Bayer Leverkusen,,,linked_360_unsupported_semantics,0.9770000000000324,,,,,,,,,C13,533862946a73608c134d18b78226b6371ce7173c
3895052,1,17,904,308,00:05:58.692,Carry,904,True,validated_core_event_team_scope,True,False,358.692,8,60b08e8c-3c15-4d30-8ebb-c5f83e449d83,True,True,True,safe_validated_frame_vector,44.9,0.1,44.9,0.1,43.8,1.3,44.9,0.1,43.8,1.3,-1.1000000000000014,1.2,1.6278820596099717,19.201000000000025,Alejandro Grimaldo García,Bayer Leverkusen,,,validated_spatial_anchor,0.0,44.9,1.1000000000000014,,,negative_0008,1.0,nonpositive_0008,1.0,C13,533862946a73608c134d18b78226b6371ce7173c
3895052,1,17,904,309,00:05:58.772,Pass,904,True,validated_core_event_team_scope,True,False,358.772,9,de72c156-22fc-4732-889a-d7c7e5f73bdc,True,True,True,safe_validated_frame_vector,43.8,1.3,43.8,1.3,28.5,9.2,43.8,1.3,28.5,9.2,-15.299999999999995,7.899999999999999,17.219175357722563,19.28100000000001,Alejandro Grimaldo García,Bayer Leverkusen,,,validated_spatial_anchor,0.079999999999984,44.9,16.4,,,negative_0008,2.0,nonpositive_0008,2.0,C13,533862946a73608c134d18b78226b6371ce7173c
3895052,1,17,904,310,00:06:00.462,Ball Receipt*,904,False,no_360_frame,False,False,360.462,10,6e770056-0d66-4c82-9be5-1b5ca3bc8fea,False,False,False,not_leverkusen_pass_carry,,,28.5,9.2,,,,,,,,,,20.971000000000004,Edmond Fayçal Tapsoba,Bayer Leverkusen,,,no_360_frame,1.6899999999999975,,,,,,,,,C13,533862946a73608c134d18b78226b6371ce7173c
3895052,1,17,904,311,00:06:00.462,Carry,904,False,no_360_frame,False,False,360.462,11,ee281be8-1568-4ee1-9896-2779797d84ae,False,True,True,unsupported_or_unlinked_frame,,,28.5,9.2,32.5,16.2,,,,,,,,20.971000000000004,Edmond Fayçal Tapsoba,Bayer Leverkusen,,,no_360_frame,0.0,,,,,,,,,C13,533862946a73608c134d18b78226b6371ce7173c
3895052,1,17,904,312,00:06:02.875,Pass,904,True,validated_core_event_team_scope,True,False,362.875,12,aa8f36fc-cb33-4568-b372-7c1c883c17a0,True,True,True,safe_validated_frame_vector,32.5,16.2,32.5,16.2,41.0,16.8,32.5,16.2,41.0,16.8,8.5,0.6000000000000014,8.521150157109075,23.38400000000001,Edmond Fayçal Tapsoba,Bayer Leverkusen,,,validated_spatial_anchor,2.413000000000011,44.9,3.899999999999999,positive_0013,1.0,,,,,C13,533862946a73608c134d18b78226b6371ce7173c
3895052,1,17,904,313,00:06:03.699,Ball Receipt*,904,True,unsupported_event_type,False,False,363.699,13,2e0ee3af-b22d-44f1-9021-f28ef06bac68,False,False,False,not_leverkusen_pass_carry,,,41.0,16.8,,,,,,,,,,24.208000000000027,Granit Xhaka,Bayer Leverkusen,,,linked_360_unsupported_semantics,0.8240000000000123,,,,,,,,,C13,533862946a73608c134d18b78226b6371ce7173c
3895052,1,17,904,314,00:06:03.699,Carry,904,True,validated_core_event_team_scope,True,False,363.699,14,ad40b95f-3d3b-4c06-94f6-a8ccc28c9854,True,True,True,safe_validated_frame_vector,41.0,16.8,41.0,16.8,42.8,14.8,41.0,16.8,42.8,14.8,1.7999999999999972,-2.0,2.69072480941474,24.208000000000027,Granit Xhaka,Bayer Leverkusen,,,validated_spatial_anchor,0.0,44.9,2.1000000000000014,positive_0013,2.0,,,,,C13,533862946a73608c134d18b78226b6371ce7173c
3895052,1,17,904,315,00:06:03.804,Pressure,182,True,validated_core_event_team_scope,True,False,363.804,15,1974342f-bb31-4283-bc10-0840f8cebf69,False,False,False,not_leverkusen_pass_carry,43.1,12.700000000000005,76.9,67.3,,,,,,,,,,24.312999999999988,Xavi Simons,RB Leipzig,,,validated_spatial_anchor,0.1049999999999613,,,,,,,,,C13,533862946a73608c134d18b78226b6371ce7173c
3895052,1,17,904,316,00:06:03.994,Pass,904,True,validated_core_event_team_scope,True,False,363.994,16,c113e55e-e19b-4e04-a5ab-a22df4b23459,True,True,True,safe_validated_frame_vector,42.8,14.8,42.8,14.8,30.9,15.8,42.8,14.8,30.9,15.8,-11.9,1.0,11.941942890501526,24.503000000000043,Granit Xhaka,Bayer Leverkusen,,,validated_spatial_anchor,0.1900000000000545,44.9,14.0,,,negative_0009,1.0,nonpositive_0009,1.0,C13,533862946a73608c134d18b78226b6371ce7173c
3895052,1,17,904,317,00:06:05.162,Ball Receipt*,904,True,unsupported_event_type,False,False,365.162,17,ab665f76-99ca-4836-8208-121ace3a0685,False,False,False,not_leverkusen_pass_carry,,,30.9,15.8,,,,,,,,,,25.670999999999992,Edmond Fayçal Tapsoba,Bayer Leverkusen,,,linked_360_unsupported_semantics,1.1679999999999495,,,,,,,,,C13,533862946a73608c134d18b78226b6371ce7173c
3895052,1,17,904,318,00:06:05.162,Carry,904,True,validated_core_event_team_scope,True,False,365.162,18,83ee5950-879e-4b5b-a3ab-55af02fe066b,True,True,True,safe_validated_frame_vector,30.9,15.8,30.9,15.8,32.1,17.2,30.9,15.8,32.1,17.2,1.2000000000000028,1.3999999999999986,1.8439088914585784,25.670999999999992,Edmond Fayçal Tapsoba,Bayer Leverkusen,,,validated_spatial_anchor,0.0,44.9,12.799999999999995,positive_0014,1.0,,,,,C13,533862946a73608c134d18b78226b6371ce7173c
3895052,1,17,904,319,00:06:05.492,Pass,904,True,validated_core_event_team_scope,True,False,365.492,19,e229d5e9-5dd7-4fde-9e62-25288d6862d7,True,True,True,safe_validated_frame_vector,32.1,17.2,32.1,17.2,45.4,22.4,32.1,17.2,45.4,22.4,13.299999999999995,5.199999999999999,14.28040615668896,26.001000000000037,Edmond Fayçal Tapsoba,Bayer Leverkusen,,,validated_spatial_anchor,0.3300000000000409,45.4,0.0,positive_0014,2.0,,,,,C13,533862946a73608c134d18b78226b6371ce7173c
3895052,1,17,904,320,00:06:07.022,Ball Receipt*,904,True,unsupported_event_type,False,False,367.022,20,14fdaead-f14c-4958-bcb0-8ea822d3f0a8,False,False,False,not_leverkusen_pass_carry,,,45.4,22.4,,,,,,,,,,27.53100000000001,Exequiel Alejandro Palacios,Bayer Leverkusen,,,linked_360_unsupported_semantics,1.5299999999999727,,,,,,,,,C13,533862946a73608c134d18b78226b6371ce7173c
3895052,1,17,904,321,00:06:07.022,Carry,904,True,validated_core_event_team_scope,True,False,367.022,21,f2477d52-6b97-4a85-8c6a-3b4e1f186aa9,True,True,True,safe_validated_frame_vector,45.4,22.4,45.4,22.4,48.4,19.4,45.4,22.4,48.4,19.4,3.0,-3.0,4.242640687119285,27.53100000000001,Exequiel Alejandro Palacios,Bayer Leverkusen,,,validated_spatial_anchor,0.0,48.4,0.0,positive_0014,3.0,,,,,C13,533862946a73608c134d18b78226b6371ce7173c
3895052,1,17,904,322,00:06:07.208,Pressure,182,True,validated_core_event_team_scope,True,False,367.208,22,df0eb700-15c2-427d-a67c-710a8be37b0a,False,False,False,not_leverkusen_pass_carry,46.5,23.700000000000003,73.5,56.3,,,,,,,,,,27.71700000000004,Daniel Olmo Carvajal,RB Leipzig,,,validated_spatial_anchor,0.1860000000000354,,,,,,,,,C13,533862946a73608c134d18b78226b6371ce7173c
3895052,1,17,904,323,00:06:07.675,Pass,904,True,validated_core_event_team_scope,True,False,367.675,23,443e9fed-714c-4727-aa02-cedc2fed2a87,True,True,True,safe_validated_frame_vector,48.4,19.4,48.4,19.4,52.6,13.4,48.4,19.4,52.6,13.4,4.200000000000003,-5.999999999999998,7.323933369440222,28.184000000000022,Exequiel Alejandro Palacios,Bayer Leverkusen,,,validated_spatial_anchor,0.4669999999999845,52.6,0.0,positive_0014,4.0,,,,,C13,533862946a73608c134d18b78226b6371ce7173c
3895052,1,17,904,324,00:06:08.426,Ball Receipt*,904,True,unsupported_event_type,False,False,368.426,24,9b1b6a91-9074-4e6b-afbe-bb2972ea26e6,False,False,False,not_leverkusen_pass_carry,,,52.6,13.4,,,,,,,,,,28.935,Florian Wirtz,Bayer Leverkusen,,,linked_360_unsupported_semantics,0.7509999999999764,,,,,,,,,C13,533862946a73608c134d18b78226b6371ce7173c
3895052,1,17,904,325,00:06:08.426,Pass,904,True,validated_core_event_team_scope,True,False,368.426,25,5eb7c87e-b040-4122-89a4-8e5c755f3000,True,True,True,safe_validated_frame_vector,52.2,13.4,52.2,13.4,43.8,25.0,52.2,13.4,43.8,25.0,-8.400000000000006,11.6,14.32201103197453,28.935,Florian Wirtz,Bayer Leverkusen,,,validated_spatial_anchor,0.0,52.6,8.800000000000004,,,negative_0010,1.0,nonpositive_0010,1.0,C13,533862946a73608c134d18b78226b6371ce7173c
3895052,1,17,904,326,00:06:09.358,Ball Receipt*,904,True,unsupported_event_type,False,False,369.358,26,e02e9d6a-4918-4c04-8e0a-195785fda561,False,False,False,not_leverkusen_pass_carry,,,43.8,25.0,,,,,,,,,,29.86700000000002,Granit Xhaka,Bayer Leverkusen,,,linked_360_unsupported_semantics,0.9320000000000164,,,,,,,,,C13,533862946a73608c134d18b78226b6371ce7173c
3895052,1,17,904,327,00:06:09.358,Carry,904,True,validated_core_event_team_scope,True,False,369.358,27,bce128c2-63ca-463b-811c-cdfd5182984b,True,True,True,safe_validated_frame_vector,43.8,25.0,43.8,25.0,45.0,28.4,43.8,25.0,45.0,28.4,1.2000000000000028,3.3999999999999986,3.6055512754639887,29.86700000000002,Granit Xhaka,Bayer Leverkusen,,,validated_spatial_anchor,0.0,52.6,7.600000000000001,positive_0015,1.0,,,,,C13,533862946a73608c134d18b78226b6371ce7173c
3895052,1,17,904,328,00:06:10.209,Pass,904,True,validated_core_event_team_scope,True,False,370.209,28,8306ea5b-2ee8-4812-b799-41913d44b2d0,True,True,True,safe_validated_frame_vector,45.0,28.4,45.0,28.4,38.6,52.1,45.0,28.4,38.6,52.1,-6.399999999999999,23.700000000000003,24.54893073027825,30.718000000000018,Granit Xhaka,Bayer Leverkusen,,,validated_spatial_anchor,0.8509999999999991,52.6,14.0,,,negative_0011,1.0,nonpositive_0011,1.0,C13,533862946a73608c134d18b78226b6371ce7173c
3895052,1,17,904,329,00:06:11.684,Ball Receipt*,904,True,unsupported_event_type,False,False,371.684,29,d76eb5df-841c-4e79-9020-b73bf863e897,False,False,False,not_leverkusen_pass_carry,,,38.6,52.1,,,,,,,,,,32.19300000000004,Jonathan Tah,Bayer Leverkusen,,,linked_360_unsupported_semantics,1.4750000000000227,,,,,,,,,C13,533862946a73608c134d18b78226b6371ce7173c
3895052,1,17,904,330,00:06:11.684,Carry,904,True,validated_core_event_team_scope,True,False,371.684,30,3efdf119-7c67-4366-a2cf-4e54a24f96f8,True,True,True,safe_validated_frame_vector,38.6,52.1,38.6,52.1,55.4,55.0,38.6,52.1,55.4,55.0,16.799999999999997,2.8999999999999986,17.048460341039593,32.19300000000004,Jonathan Tah,Bayer Leverkusen,,,validated_spatial_anchor,0.0,55.4,0.0,positive_0016,1.0,,,,,C13,533862946a73608c134d18b78226b6371ce7173c
3895052,1,17,904,331,00:06:14.673,Pass,904,False,no_360_frame,False,False,374.673,31,b78a3204-6ab6-4642-9eb6-2bc2e4bf9a73,False,True,True,unsupported_or_unlinked_frame,,,55.4,55.0,62.7,70.8,,,,,,,,35.182000000000016,Jonathan Tah,Bayer Leverkusen,,,no_360_frame,2.988999999999976,,,,,,,,,C13,533862946a73608c134d18b78226b6371ce7173c
3895052,1,17,904,332,00:06:15.746,Ball Receipt*,904,False,no_360_frame,False,False,375.746,32,d55c297a-ef77-40d2-bdef-fe4c2d5ff8f5,False,False,False,not_leverkusen_pass_carry,,,62.7,70.8,,,,,,,,,,36.255,Odilon Kossonou,Bayer Leverkusen,,,no_360_frame,1.072999999999979,,,,,,,,,C13,533862946a73608c134d18b78226b6371ce7173c
3895052,1,17,904,333,00:06:15.746,Carry,904,False,no_360_frame,False,False,375.746,33,ee06c457-f476-4846-8968-0649e3b5dd0f,False,True,True,unsupported_or_unlinked_frame,,,62.7,70.8,63.3,73.4,,,,,,,,36.255,Odilon Kossonou,Bayer Leverkusen,,,no_360_frame,0.0,,,,,,,,,C13,533862946a73608c134d18b78226b6371ce7173c
3895052,1,17,904,334,00:06:16.453,Pressure,182,False,no_360_frame,False,False,376.453,34,32d454a5-ba2d-49f5-a42b-7b2806ca8e6b,False,False,False,not_leverkusen_pass_carry,,,52.2,12.9,,,,,,,,,,36.96199999999999,Timo Werner,RB Leipzig,,,no_360_frame,0.7069999999999936,,,,,,,,,C13,533862946a73608c134d18b78226b6371ce7173c
3895052,1,17,904,335,00:06:16.459,Pass,904,False,no_360_frame,False,False,376.459,35,6681da7c-cc5c-41c1-b23d-fc62cceccbc2,False,True,True,unsupported_or_unlinked_frame,,,63.3,73.4,70.1,75.2,,,,,,,,36.96800000000002,Odilon Kossonou,Bayer Leverkusen,,,no_360_frame,0.0060000000000286,,,,,,,,,C13,533862946a73608c134d18b78226b6371ce7173c
3895052,1,17,904,336,00:06:17.546,Ball Receipt*,904,True,unsupported_event_type,False,False,377.546,36,3f7f838c-e47e-4d2e-93bc-549dc3dbc775,False,False,False,not_leverkusen_pass_carry,,,70.1,75.2,,,,,,,,,,38.05500000000001,Jeremie Frimpong,Bayer Leverkusen,,,linked_360_unsupported_semantics,1.086999999999989,,,,,,,,,C13,533862946a73608c134d18b78226b6371ce7173c
3895052,1,17,904,337,00:06:17.546,Carry,904,True,validated_core_event_team_scope,True,False,377.546,37,f3f77fb1-7eaf-432e-ba4b-b3bdff74804e,True,True,True,safe_validated_frame_vector,70.1,75.2,70.1,75.2,70.5,75.0,70.1,75.2,70.5,75.0,0.4000000000000057,-0.2000000000000028,0.4472135954999643,38.05500000000001,Jeremie Frimpong,Bayer Leverkusen,,,validated_spatial_anchor,0.0,70.5,0.0,positive_0016,2.0,,,,,C13,533862946a73608c134d18b78226b6371ce7173c
3895052,1,17,904,338,00:06:18.020,Pass,904,True,validated_core_event_team_scope,True,False,378.02,38,2519917b-2ff0-4fc2-b58e-8a3860da7a18,True,True,True,safe_validated_frame_vector,70.5,75.0,70.5,75.0,83.5,72.2,70.5,75.0,83.5,72.2,13.0,-2.799999999999997,13.29812016790343,38.529,Jeremie Frimpong,Bayer Leverkusen,,,validated_spatial_anchor,0.4739999999999895,83.5,0.0,positive_0016,3.0,,,,,C13,533862946a73608c134d18b78226b6371ce7173c
3895052,1,17,904,339,00:06:18.878,Ball Receipt*,904,True,unsupported_event_type,False,False,378.878,39,4c982c50-0315-4cdb-b6ab-133d786710bc,False,False,False,not_leverkusen_pass_carry,,,83.5,72.2,,,,,,,,,,39.387,Jonas Hofmann,Bayer Leverkusen,,,linked_360_unsupported_semantics,0.8580000000000041,,,,,,,,,C13,533862946a73608c134d18b78226b6371ce7173c
3895052,1,17,904,340,00:06:18.878,Carry,904,True,validated_core_event_team_scope,True,False,378.878,40,d5d337e5-d809-4c24-8963-59a487ccf605,True,True,True,safe_validated_frame_vector,83.5,72.2,83.5,72.2,85.4,73.4,83.5,72.2,85.4,73.4,1.9000000000000057,1.2000000000000028,2.2472205054244294,39.387,Jonas Hofmann,Bayer Leverkusen,,,validated_spatial_anchor,0.0,85.4,0.0,positive_0016,4.0,,,,,C13,533862946a73608c134d18b78226b6371ce7173c
3895052,1,17,904,341,00:06:20.699,Pass,904,True,validated_core_event_team_scope,True,False,380.699,41,b8e00e85-579c-4970-9759-fea3ab966db3,True,True,True,safe_validated_frame_vector,85.4,73.4,85.4,73.4,83.7,60.4,85.4,73.4,83.7,60.4,-1.7000000000000028,-13.000000000000009,13.110682667199304,41.20800000000003,Jonas Hofmann,Bayer Leverkusen,,,validated_spatial_anchor,1.8210000000000264,85.4,1.7000000000000028,,,negative_0012,1.0,nonpositive_0012,1.0,C13,533862946a73608c134d18b78226b6371ce7173c
3895052,1,17,904,342,00:06:21.448,Pressure,182,True,validated_core_event_team_scope,True,False,381.448,42,b0c2b5d7-470f-45bd-9bd9-20049682c523,False,False,False,not_leverkusen_pass_carry,83.8,61.5,36.2,18.5,,,,,,,,,,41.957,Daniel Olmo Carvajal,RB Leipzig,,,validated_spatial_anchor,0.7489999999999668,,,,,,,,,C13,533862946a73608c134d18b78226b6371ce7173c
3895052,1,17,904,343,00:06:21.676,Ball Receipt*,904,True,unsupported_event_type,False,False,381.676,43,3eb22506-89d4-4230-96f4-0cc90241b0ef,False,False,False,not_leverkusen_pass_carry,,,83.7,60.4,,,,,,,,,,42.185,Florian Wirtz,Bayer Leverkusen,,,linked_360_unsupported_semantics,0.2280000000000086,,,,,,,,,C13,533862946a73608c134d18b78226b6371ce7173c
3895052,1,17,904,344,00:06:21.676,Carry,904,True,validated_core_event_team_scope,True,False,381.676,44,9d569410-c32d-4ef8-abb5-bf329a7549ee,True,True,True,safe_validated_frame_vector,83.7,60.4,83.7,60.4,89.6,52.9,83.7,60.4,89.6,52.9,5.899999999999992,-7.5,9.54253635046783,42.185,Florian Wirtz,Bayer Leverkusen,,,validated_spatial_anchor,0.0,89.6,0.0,positive_0017,1.0,,,,,C13,533862946a73608c134d18b78226b6371ce7173c
3895052,1,17,904,345,00:06:22.969,Pressure,182,True,validated_core_event_team_scope,True,False,382.969,45,4aaa9c64-42b1-478f-8552-3f14a1caef3d,False,False,False,not_leverkusen_pass_carry,88.9,57.5,31.1,22.5,,,,,,,,,,43.47800000000001,Xaver Schlager,RB Leipzig,,,validated_spatial_anchor,1.2930000000000064,,,,,,,,,C13,533862946a73608c134d18b78226b6371ce7173c
3895052,1,17,904,346,00:06:23.454,Dispossessed,904,True,unsupported_event_type,False,False,383.454,46,8822e06a-c5f5-4306-aef8-2fef2318b77e,False,False,False,not_leverkusen_pass_carry,,,89.6,52.9,,,,,,,,,,43.96300000000002,Florian Wirtz,Bayer Leverkusen,type:Dispossessed,,linked_360_unsupported_semantics,0.4850000000000136,,,,,,,,,C13,533862946a73608c134d18b78226b6371ce7173c
3895052,1,17,904,347,00:06:23.454,Duel,182,True,unsupported_event_type,False,False,383.454,47,bc3e5394-92ad-4eb2-bcf9-454d8336659c,False,False,False,not_leverkusen_pass_carry,,,30.5,27.2,,,,,,,,,,43.96300000000002,Xaver Schlager,RB Leipzig,type:Duel;duel.outcome:Success In Play,,linked_360_unsupported_semantics,0.0,,,,,,,,,C13,533862946a73608c134d18b78226b6371ce7173c
3895052,1,17,904,348,00:06:24.803,Ball Recovery,182,True,unsupported_event_type,False,False,384.803,48,9e91c070-24d3-4fe7-949f-83e113f520ec,False,False,False,not_leverkusen_pass_carry,,,32.5,23.9,,,,,,,,,,45.31200000000001,Daniel Olmo Carvajal,RB Leipzig,type:Ball Recovery,,linked_360_unsupported_semantics,1.3489999999999895,,,,,,,,,C13,533862946a73608c134d18b78226b6371ce7173c
3895052,1,17,904,349,00:06:24.803,Carry,182,True,validated_core_event_team_scope,True,False,384.803,49,e4fc3ae0-4ab9-410d-94a0-32504edb24fd,False,False,False,not_leverkusen_pass_carry,87.5,56.1,32.5,23.9,,,,,,,,,,45.31200000000001,Daniel Olmo Carvajal,RB Leipzig,,,validated_spatial_anchor,0.0,,,,,,,,,C13,533862946a73608c134d18b78226b6371ce7173c
3895052,1,17,904,350,00:06:25.696,Pressure,904,True,validated_core_event_team_scope,True,False,385.696,50,3570f419-5029-45ff-925c-ce5ec23dbb24,False,False,False,not_leverkusen_pass_carry,85.6,61.8,85.6,61.8,,,,,,,,,,46.20500000000004,Jonas Hofmann,Bayer Leverkusen,counterpress:true,,validated_spatial_anchor,0.8930000000000291,,,,,,,,,C13,533862946a73608c134d18b78226b6371ce7173c
3895052,1,17,904,351,00:06:26.036,Pass,182,True,validated_core_event_team_scope,True,False,386.036,51,d64a401e-b7ba-490e-8d7b-550d85b01524,False,False,False,not_leverkusen_pass_carry,85.5,57.5,34.5,22.5,,,,,,,,,,46.545000000000016,Daniel Olmo Carvajal,RB Leipzig,pass.outcome:Incomplete,,validated_spatial_anchor,0.339999999999975,,,,,,,,,C13,533862946a73608c134d18b78226b6371ce7173c
3895052,1,17,904,352,00:06:27.329,Ball Receipt*,182,True,unsupported_event_type,False,False,387.329,52,2154b166-8b00-45a6-b1bf-d8f805198128,False,False,False,not_leverkusen_pass_carry,,,47.4,32.0,,,,,,,,,,47.83800000000002,Ikoma Loïs Openda,RB Leipzig,ball_receipt.outcome:Incomplete,,linked_360_unsupported_semantics,1.2930000000000064,,,,,,,,,C13,533862946a73608c134d18b78226b6371ce7173c
3895052,1,17,904,353,00:06:27.329,Pass,904,True,validated_core_event_team_scope,True,False,387.329,53,cac05379-37e8-4c29-9857-deb1cd6a7e4e,True,True,True,safe_validated_frame_vector,74.3,44.9,74.3,44.9,73.9,57.2,74.3,44.9,73.9,57.2,-0.3999999999999915,12.300000000000004,12.30650234632083,47.83800000000002,Exequiel Alejandro Palacios,Bayer Leverkusen,counterpress:true;pass.type:Interception,,validated_spatial_anchor,0.0,89.6,15.699999999999989,,,negative_0013,1.0,nonpositive_0013,1.0,C13,533862946a73608c134d18b78226b6371ce7173c
3895052,1,17,904,354,00:06:28.417,Ball Receipt*,904,True,unsupported_event_type,False,False,388.417,54,8b0f70fb-18e8-4a18-a575-608dcd3153f9,False,False,False,not_leverkusen_pass_carry,,,73.9,57.2,,,,,,,,,,48.92599999999999,Granit Xhaka,Bayer Leverkusen,,,linked_360_unsupported_semantics,1.0879999999999654,,,,,,,,,C13,533862946a73608c134d18b78226b6371ce7173c
3895052,1,17,904,355,00:06:28.417,Pass,904,True,validated_core_event_team_scope,True,False,388.417,55,1cdbf528-796c-47d9-bc87-2dc866f1541c,True,True,True,safe_validated_frame_vector,73.9,57.8,73.9,57.8,56.6,52.1,73.9,57.8,56.6,52.1,-17.300000000000004,-5.699999999999996,18.214829123546565,48.92599999999999,Granit Xhaka,Bayer Leverkusen,,,validated_spatial_anchor,0.0,89.6,32.99999999999999,,,negative_0013,2.0,nonpositive_0013,2.0,C13,533862946a73608c134d18b78226b6371ce7173c
3895052,1,17,904,356,00:06:29.910,Ball Receipt*,904,True,unsupported_event_type,False,False,389.91,56,466eccdb-c941-4f75-aff1-2944b1a59e3d,False,False,False,not_leverkusen_pass_carry,,,56.6,52.1,,,,,,,,,,50.41900000000004,Jonathan Tah,Bayer Leverkusen,,,linked_360_unsupported_semantics,1.4930000000000518,,,,,,,,,C13,533862946a73608c134d18b78226b6371ce7173c
3895052,1,17,904,357,00:06:29.910,Carry,904,True,validated_core_event_team_scope,True,False,389.91,57,3fa131e1-45d8-46a9-83a5-534566af8763,True,True,True,safe_validated_frame_vector,56.6,52.1,56.6,52.1,56.4,43.5,56.6,52.1,56.4,43.5,-0.2000000000000028,-8.600000000000001,8.602325267042628,50.41900000000004,Jonathan Tah,Bayer Leverkusen,,,validated_spatial_anchor,0.0,89.6,33.2,,,negative_0013,3.0,nonpositive_0013,3.0,C13,533862946a73608c134d18b78226b6371ce7173c
3895052,1,17,904,358,00:06:31.671,Pass,904,True,validated_core_event_team_scope,True,False,391.671,58,cf1f3507-3298-4acb-b2fc-3dd68b5aad26,True,True,True,safe_validated_frame_vector,56.4,43.5,56.4,43.5,68.9,7.6,56.4,43.5,68.9,7.6,12.500000000000009,-35.9,38.013944809766855,52.18000000000001,Jonathan Tah,Bayer Leverkusen,,,validated_spatial_anchor,1.7609999999999673,89.6,20.69999999999999,positive_0018,1.0,,,,,C13,533862946a73608c134d18b78226b6371ce7173c
3895052,1,17,904,359,00:06:33.051,Ball Receipt*,904,False,no_360_frame,False,False,393.051,59,08c3259d-c0ce-4c66-9aee-62de255259ae,False,False,False,not_leverkusen_pass_carry,,,68.9,7.6,,,,,,,,,,53.56,Alejandro Grimaldo García,Bayer Leverkusen,,,no_360_frame,1.3799999999999957,,,,,,,,,C13,533862946a73608c134d18b78226b6371ce7173c
3895052,1,17,904,360,00:06:33.051,Carry,904,False,no_360_frame,False,False,393.051,60,e83fa094-3a61-44d6-91a1-934566d0a705,False,True,True,unsupported_or_unlinked_frame,,,68.9,7.6,81.7,7.1,,,,,,,,53.56,Alejandro Grimaldo García,Bayer Leverkusen,,,no_360_frame,0.0,,,,,,,,,C13,533862946a73608c134d18b78226b6371ce7173c
3895052,1,17,904,361,00:06:36.053,Pass,904,False,no_360_frame,False,False,396.053,61,f57745b2-2c27-4f2f-8cb3-f369b5d2484f,False,True,True,unsupported_or_unlinked_frame,,,81.7,7.1,74.1,18.4,,,,,,,,56.56200000000001,Alejandro Grimaldo García,Bayer Leverkusen,,,no_360_frame,3.002000000000009,,,,,,,,,C13,533862946a73608c134d18b78226b6371ce7173c
3895052,1,17,904,362,00:06:37.739,Ball Receipt*,904,True,unsupported_event_type,False,False,397.739,62,f4c96189-c3e2-4491-9e97-bb2016985024,False,False,False,not_leverkusen_pass_carry,,,74.1,18.4,,,,,,,,,,58.24799999999999,Exequiel Alejandro Palacios,Bayer Leverkusen,,,linked_360_unsupported_semantics,1.6859999999999786,,,,,,,,,C13,533862946a73608c134d18b78226b6371ce7173c
3895052,1,17,904,363,00:06:37.739,Carry,904,True,validated_core_event_team_scope,True,False,397.739,63,32d9fc40-b95c-4d4a-9574-8340ff444e67,True,True,True,safe_validated_frame_vector,74.1,18.4,74.1,18.4,73.3,18.4,74.1,18.4,73.3,18.4,-0.7999999999999972,0.0,0.7999999999999972,58.24799999999999,Exequiel Alejandro Palacios,Bayer Leverkusen,,,validated_spatial_anchor,0.0,89.6,16.299999999999997,,,negative_0014,1.0,nonpositive_0014,1.0,C13,533862946a73608c134d18b78226b6371ce7173c
3895052,1,17,904,364,00:06:38.543,Pass,904,True,validated_core_event_team_scope,True,False,398.543,64,f2b67d17-7a41-4ad5-a4e8-4a273d22ae16,True,True,True,safe_validated_frame_vector,73.3,18.4,73.3,18.4,79.3,23.6,73.3,18.4,79.3,23.6,6.0,5.200000000000003,7.939773296511685,59.05200000000002,Exequiel Alejandro Palacios,Bayer Leverkusen,,,validated_spatial_anchor,0.8040000000000305,89.6,10.299999999999995,positive_0019,1.0,,,,,C13,533862946a73608c134d18b78226b6371ce7173c
3895052,1,17,904,365,00:06:39.422,Ball Receipt*,904,True,unsupported_event_type,False,False,399.422,65,69524811-4918-4785-923d-78184f785804,False,False,False,not_leverkusen_pass_carry,,,79.3,23.6,,,,,,,,,,59.93100000000004,Victor Okoh Boniface,Bayer Leverkusen,,,linked_360_unsupported_semantics,0.8790000000000191,,,,,,,,,C13,533862946a73608c134d18b78226b6371ce7173c
3895052,1,17,904,366,00:06:39.422,Pass,904,True,validated_core_event_team_scope,True,False,399.422,66,083f6173-25b6-441c-8b33-3415bb3fbd58,True,True,True,safe_validated_frame_vector,80.1,25.4,80.1,25.4,72.5,20.8,80.1,25.4,72.5,20.8,-7.599999999999994,-4.599999999999998,8.883692925805118,59.93100000000004,Victor Okoh Boniface,Bayer Leverkusen,,,validated_spatial_anchor,0.0,89.6,17.099999999999994,,,negative_0015,1.0,nonpositive_0015,1.0,C13,533862946a73608c134d18b78226b6371ce7173c
3895052,1,17,904,367,00:06:40.395,Ball Receipt*,904,True,unsupported_event_type,False,False,400.395,67,eba2e6e8-636d-45f0-a8ce-0f0bd1d57411,False,False,False,not_leverkusen_pass_carry,,,72.5,20.8,,,,,,,,,,60.904,Exequiel Alejandro Palacios,Bayer Leverkusen,,,linked_360_unsupported_semantics,0.9729999999999565,,,,,,,,,C13,533862946a73608c134d18b78226b6371ce7173c
3895052,1,17,904,368,00:06:40.395,Carry,904,True,validated_core_event_team_scope,True,False,400.395,68,41f9512b-ca4f-49d7-8b8d-4a8999004a4d,True,True,True,safe_validated_frame_vector,72.5,20.8,72.5,20.8,72.5,22.0,72.5,20.8,72.5,22.0,0.0,1.1999999999999993,1.1999999999999993,60.904,Exequiel Alejandro Palacios,Bayer Leverkusen,,,validated_spatial_anchor,0.0,89.6,17.099999999999994,,,,,nonpositive_0015,2.0,C13,533862946a73608c134d18b78226b6371ce7173c
3895052,1,17,904,369,00:06:40.811,Pass,904,True,validated_core_event_team_scope,True,False,400.811,69,9eb51b15-3167-43e5-90ca-ca7b9be4372a,True,True,True,safe_validated_frame_vector,72.5,22.0,72.5,22.0,74.5,34.9,72.5,22.0,74.5,34.9,2.0,12.9,13.054118124178284,61.31999999999999,Exequiel Alejandro Palacios,Bayer Leverkusen,,,validated_spatial_anchor,0.4159999999999968,89.6,15.099999999999994,positive_0020,1.0,,,,,C13,533862946a73608c134d18b78226b6371ce7173c
3895052,1,17,904,370,00:06:42.260,Ball Receipt*,904,True,unsupported_event_type,False,False,402.26,70,059fd091-ff2b-4556-a70b-0e68acc6b0cf,False,False,False,not_leverkusen_pass_carry,,,74.5,34.9,,,,,,,,,,62.769000000000005,Granit Xhaka,Bayer Leverkusen,,,linked_360_unsupported_semantics,1.4490000000000125,,,,,,,,,C13,533862946a73608c134d18b78226b6371ce7173c
3895052,1,17,904,371,00:06:42.260,Carry,904,True,validated_core_event_team_scope,True,False,402.26,71,22881a06-05be-4bf0-8518-2681eb9797a3,True,True,True,safe_validated_frame_vector,74.5,34.9,74.5,34.9,73.3,37.5,74.5,34.9,73.3,37.5,-1.2000000000000028,2.6000000000000014,2.863564212655273,62.769000000000005,Granit Xhaka,Bayer Leverkusen,,,validated_spatial_anchor,0.0,89.6,16.299999999999997,,,negative_0016,1.0,nonpositive_0016,1.0,C13,533862946a73608c134d18b78226b6371ce7173c
3895052,1,17,904,372,00:06:43.824,Pass,904,True,validated_core_event_team_scope,True,False,403.824,72,6088b9ad-bddd-45ba-8d07-3e78feb5654a,True,True,True,safe_validated_frame_vector,73.3,37.5,73.3,37.5,71.9,54.2,73.3,37.5,71.9,54.2,-1.3999999999999917,16.700000000000003,16.758579892103032,64.33300000000003,Granit Xhaka,Bayer Leverkusen,,,validated_spatial_anchor,1.5640000000000214,89.6,17.69999999999999,,,negative_0016,2.0,nonpositive_0016,2.0,C13,533862946a73608c134d18b78226b6371ce7173c
3895052,1,17,904,373,00:06:44.952,Ball Receipt*,904,True,unsupported_event_type,False,False,404.952,73,192e9df3-dac7-415f-8997-939d4d5b0f65,False,False,False,not_leverkusen_pass_carry,,,71.9,54.2,,,,,,,,,,65.46100000000001,Odilon Kossonou,Bayer Leverkusen,,,linked_360_unsupported_semantics,1.127999999999986,,,,,,,,,C13,533862946a73608c134d18b78226b6371ce7173c
3895052,1,17,904,374,00:06:44.952,Carry,904,True,validated_core_event_team_scope,True,False,404.952,74,1bc603e2-bad1-46d7-8749-cc2556e31806,True,True,True,safe_validated_frame_vector,71.9,54.2,71.9,54.2,70.5,56.4,71.9,54.2,70.5,56.4,-1.4000000000000057,2.199999999999996,2.607680962081059,65.46100000000001,Odilon Kossonou,Bayer Leverkusen,,,validated_spatial_anchor,0.0,89.6,19.099999999999994,,,negative_0016,3.0,nonpositive_0016,3.0,C13,533862946a73608c134d18b78226b6371ce7173c
3895052,1,17,904,375,00:06:45.201,Pressure,182,True,validated_core_event_team_scope,True,False,405.201,75,2ecae5af-88bb-4062-af1e-2d24dc92d5f0,False,False,False,not_leverkusen_pass_carry,73.8,57.5,46.2,22.5,,,,,,,,,,65.71000000000004,Timo Werner,RB Leipzig,,,validated_spatial_anchor,0.2490000000000236,,,,,,,,,C13,533862946a73608c134d18b78226b6371ce7173c
3895052,1,17,904,376,00:06:45.267,Pass,904,True,validated_core_event_team_scope,True,False,405.267,76,1df1b344-254f-4242-bbff-259be52f2f9f,True,True,True,safe_validated_frame_vector,70.5,56.4,70.5,56.4,63.5,50.9,70.5,56.4,63.5,50.9,-7.0,-5.5,8.902246907382429,65.77600000000001,Odilon Kossonou,Bayer Leverkusen,,,validated_spatial_anchor,0.065999999999974,89.6,26.099999999999994,,,negative_0016,4.0,nonpositive_0016,4.0,C13,533862946a73608c134d18b78226b6371ce7173c
3895052,1,17,904,377,00:06:46.086,Ball Receipt*,904,True,unsupported_event_type,False,False,406.086,77,da545246-60fd-4a0d-9d5d-5d3ca007b671,False,False,False,not_leverkusen_pass_carry,,,63.5,50.9,,,,,,,,,,66.59500000000003,Jonathan Tah,Bayer Leverkusen,,,linked_360_unsupported_semantics,0.8190000000000168,,,,,,,,,C13,533862946a73608c134d18b78226b6371ce7173c
3895052,1,17,904,378,00:06:46.086,Carry,904,True,validated_core_event_team_scope,True,False,406.086,78,5ad79794-5352-47c6-ada3-96c1ef072a85,True,True,True,safe_validated_frame_vector,63.5,50.9,63.5,50.9,63.7,51.3,63.5,50.9,63.7,51.3,0.2000000000000028,0.3999999999999986,0.4472135954999579,66.59500000000003,Jonathan Tah,Bayer Leverkusen,,,validated_spatial_anchor,0.0,89.6,25.89999999999999,positive_0021,1.0,,,,,C13,533862946a73608c134d18b78226b6371ce7173c
3895052,1,17,904,379,00:06:46.122,Pass,904,True,validated_core_event_team_scope,True,False,406.122,79,ea396394-e219-4728-a86d-bb5b1ee852d5,True,True,True,safe_validated_frame_vector,63.7,51.3,63.7,51.3,82.3,61.0,63.7,51.3,82.3,61.0,18.599999999999994,9.700000000000005,20.977368757782752,66.63100000000003,Jonathan Tah,Bayer Leverkusen,,,validated_spatial_anchor,0.0360000000000013,89.6,7.299999999999997,positive_0021,2.0,,,,,C13,533862946a73608c134d18b78226b6371ce7173c
3895052,1,17,904,380,00:06:47.086,Ball Receipt*,904,True,unsupported_event_type,False,False,407.086,80,277885fb-01ce-483f-8d09-45be01ab9779,False,False,False,not_leverkusen_pass_carry,,,82.3,61.0,,,,,,,,,,67.59500000000003,Jonas Hofmann,Bayer Leverkusen,,,linked_360_unsupported_semantics,0.9639999999999986,,,,,,,,,C13,533862946a73608c134d18b78226b6371ce7173c
3895052,1,17,904,381,00:06:47.086,Pass,904,True,validated_core_event_team_scope,True,False,407.086,81,def9f373-446b-4c52-93fe-6dfd8eb38e67,True,True,True,safe_validated_frame_vector,82.3,61.4,82.3,61.4,78.7,53.3,82.3,61.4,78.7,53.3,-3.5999999999999943,-8.100000000000001,8.863972021616494,67.59500000000003,Jonas Hofmann,Bayer Leverkusen,,,validated_spatial_anchor,0.0,89.6,10.899999999999991,,,negative_0017,1.0,nonpositive_0017,1.0,C13,533862946a73608c134d18b78226b6371ce7173c
3895052,1,17,904,382,00:06:47.925,Ball Receipt*,904,True,unsupported_event_type,False,False,407.925,82,8caecad9-5b7d-4c78-8088-c858e00b900d,False,False,False,not_leverkusen_pass_carry,,,78.7,53.3,,,,,,,,,,68.43400000000003,Granit Xhaka,Bayer Leverkusen,,,linked_360_unsupported_semantics,0.8389999999999986,,,,,,,,,C13,533862946a73608c134d18b78226b6371ce7173c
3895052,1,17,904,383,00:06:47.925,Carry,904,True,validated_core_event_team_scope,True,False,407.925,83,0629b250-600d-423c-858d-2830bccad9ff,True,True,True,safe_validated_frame_vector,78.7,53.3,78.7,53.3,80.9,44.9,78.7,53.3,80.9,44.9,2.200000000000003,-8.399999999999999,8.683317338436963,68.43400000000003,Granit Xhaka,Bayer Leverkusen,,,validated_spatial_anchor,0.0,89.6,8.699999999999989,positive_0022,1.0,,,,,C13,533862946a73608c134d18b78226b6371ce7173c
3895052,1,17,904,384,00:06:49.276,Pass,904,True,validated_core_event_team_scope,True,False,409.276,84,7a1cae44-d611-4898-8e6a-0e6ab7ad3571,True,True,True,safe_validated_frame_vector,80.9,44.9,80.9,44.9,98.2,25.4,80.9,44.9,98.2,25.4,17.299999999999997,-19.5,26.0679880313,69.78500000000003,Granit Xhaka,Bayer Leverkusen,pass.outcome:Incomplete,,validated_spatial_anchor,1.350999999999999,98.2,0.0,positive_0022,2.0,,,,,C13,533862946a73608c134d18b78226b6371ce7173c
3895052,1,17,904,385,00:06:50.291,Ball Receipt*,904,True,unsupported_event_type,False,False,410.291,85,35af85ca-d396-423b-a75f-c7315989a22d,False,False,False,not_leverkusen_pass_carry,,,101.8,24.8,,,,,,,,,,70.80000000000001,Alejandro Grimaldo García,Bayer Leverkusen,ball_receipt.outcome:Incomplete,,linked_360_unsupported_semantics,1.0149999999999864,,,,,,,,,C13,533862946a73608c134d18b78226b6371ce7173c
3895052,2,120,904,2435,00:12:51.005,Goal Keeper,904,True,unsupported_event_type,False,False,771.005,0,da79dab4-246b-4c9c-ae5c-ac61e59f5df0,False,False,False,not_leverkusen_pass_carry,,,9.6,43.6,,,,,,,,,,0.0,Lukáš Hrádecký,Bayer Leverkusen,,,linked_360_unsupported_semantics,,,,,,,,,,C14,533862946a73608c134d18b78226b6371ce7173c
3895052,2,120,904,2436,00:12:57.349,Pass,904,False,no_360_frame,False,False,777.349,1,c2aac72f-84de-4515-a3b2-a2c1299e80af,False,True,True,unsupported_or_unlinked_frame,,,12.3,37.6,32.7,11.1,,,,,,,,6.344000000000051,Lukáš Hrádecký,Bayer Leverkusen,,,no_360_frame,6.344000000000051,,,,,,,,,C14,533862946a73608c134d18b78226b6371ce7173c
3895052,2,120,904,2437,00:13:01.232,Ball Receipt*,904,False,no_360_frame,False,False,781.232,2,46071e24-5c9f-42c2-95f2-063228ebdd75,False,False,False,not_leverkusen_pass_carry,,,32.7,11.1,,,,,,,,,,10.226999999999975,Alejandro Grimaldo García,Bayer Leverkusen,,,no_360_frame,3.882999999999925,,,,,,,,,C14,533862946a73608c134d18b78226b6371ce7173c
3895052,2,120,904,2438,00:13:01.725,Pass,904,True,validated_core_event_team_scope,True,False,781.725,3,ec31a8ea-e545-4883-8065-bf82dc9554dd,True,True,True,safe_validated_frame_vector,42.8,8.9,42.8,8.9,40.8,20.7,42.8,8.9,40.8,20.7,-2.0,11.8,11.968291440301744,10.720000000000027,Alejandro Grimaldo García,Bayer Leverkusen,,,validated_spatial_anchor,0.4930000000000518,42.8,2.0,,,negative_0113,1.0,nonpositive_0113,1.0,C14,533862946a73608c134d18b78226b6371ce7173c
3895052,2,120,904,2439,00:13:03.285,Ball Receipt*,904,True,unsupported_event_type,False,False,783.285,4,f6fbf1a8-ceea-4a8f-b871-5e12045e0bca,False,False,False,not_leverkusen_pass_carry,,,40.8,20.7,,,,,,,,,,12.279999999999973,Granit Xhaka,Bayer Leverkusen,,,linked_360_unsupported_semantics,1.5599999999999454,,,,,,,,,C14,533862946a73608c134d18b78226b6371ce7173c
3895052,2,120,904,2440,00:13:03.285,Carry,904,True,validated_core_event_team_scope,True,False,783.285,5,c7929c81-e59c-4eab-9a4e-37c61fffe547,True,True,True,safe_validated_frame_vector,40.8,20.7,40.8,20.7,45.4,22.1,40.8,20.7,45.4,22.1,4.600000000000001,1.400000000000002,4.808326112068525,12.279999999999973,Granit Xhaka,Bayer Leverkusen,,,validated_spatial_anchor,0.0,45.4,0.0,positive_0139,1.0,,,,,C14,533862946a73608c134d18b78226b6371ce7173c
3895052,2,120,904,2441,00:13:15.747,Pass,904,True,validated_core_event_team_scope,True,False,795.747,6,f761e55b-2e61-45c7-8673-df2b24e4f7e6,True,True,True,safe_validated_frame_vector,45.4,22.1,45.4,22.1,38.2,26.4,45.4,22.1,38.2,26.4,-7.199999999999996,4.299999999999997,8.386298349092996,24.74199999999996,Granit Xhaka,Bayer Leverkusen,,,validated_spatial_anchor,12.461999999999987,45.4,7.199999999999996,,,negative_0114,1.0,nonpositive_0114,1.0,C14,533862946a73608c134d18b78226b6371ce7173c
3895052,2,120,904,2442,00:13:16.621,Ball Receipt*,904,True,unsupported_event_type,False,False,796.621,7,1a7610fc-58d6-42eb-a270-ac5b1e54dd68,False,False,False,not_leverkusen_pass_carry,,,38.2,26.4,,,,,,,,,,25.615999999999985,Edmond Fayçal Tapsoba,Bayer Leverkusen,,,linked_360_unsupported_semantics,0.8740000000000236,,,,,,,,,C14,533862946a73608c134d18b78226b6371ce7173c
3895052,2,120,904,2443,00:13:16.621,Carry,904,True,validated_core_event_team_scope,True,False,796.621,8,4615f367-dbca-4153-bd81-a87f86849146,True,True,True,safe_validated_frame_vector,38.2,26.4,38.2,26.4,41.2,29.8,38.2,26.4,41.2,29.8,3.0,3.400000000000002,4.534313619501855,25.615999999999985,Edmond Fayçal Tapsoba,Bayer Leverkusen,,,validated_spatial_anchor,0.0,45.4,4.199999999999996,positive_0140,1.0,,,,,C14,533862946a73608c134d18b78226b6371ce7173c
3895052,2,120,904,2444,00:13:22.189,Pass,904,True,validated_core_event_team_scope,True,False,802.189,9,4f109803-39c5-424d-bd53-0a0bfe33c299,True,True,True,safe_validated_frame_vector,41.2,29.8,41.2,29.8,49.8,42.8,41.2,29.8,49.8,42.8,8.599999999999994,12.999999999999996,15.587174214718964,31.18399999999997,Edmond Fayçal Tapsoba,Bayer Leverkusen,,,validated_spatial_anchor,5.567999999999984,49.8,0.0,positive_0140,2.0,,,,,C14,533862946a73608c134d18b78226b6371ce7173c
3895052,2,120,904,2445,00:13:23.447,Ball Receipt*,904,True,unsupported_event_type,False,False,803.447,10,a4b0854c-a75f-41e8-8317-af167c89e4e2,False,False,False,not_leverkusen_pass_carry,,,49.8,42.8,,,,,,,,,,32.44200000000001,Exequiel Alejandro Palacios,Bayer Leverkusen,,,linked_360_unsupported_semantics,1.2580000000000382,,,,,,,,,C14,533862946a73608c134d18b78226b6371ce7173c
3895052,2,120,904,2446,00:13:23.447,Carry,904,True,validated_core_event_team_scope,True,False,803.447,11,d6dabf94-1d65-4383-a419-1d425515d6c9,True,True,True,safe_validated_frame_vector,49.8,42.8,49.8,42.8,47.4,44.0,49.8,42.8,47.4,44.0,-2.3999999999999986,1.2000000000000028,2.683281572999748,32.44200000000001,Exequiel Alejandro Palacios,Bayer Leverkusen,,,validated_spatial_anchor,0.0,49.8,2.3999999999999986,,,negative_0115,1.0,nonpositive_0115,1.0,C14,533862946a73608c134d18b78226b6371ce7173c
3895052,2,120,904,2447,00:13:24.193,Pass,904,True,validated_core_event_team_scope,True,False,804.193,12,073fec49-cc77-4294-8a3e-e80e8b9cb245,True,True,True,safe_validated_frame_vector,47.4,44.0,47.4,44.0,34.7,52.1,47.4,44.0,34.7,52.1,-12.699999999999996,8.100000000000001,15.063200191194433,33.18799999999999,Exequiel Alejandro Palacios,Bayer Leverkusen,,,validated_spatial_anchor,0.7459999999999809,49.8,15.099999999999994,,,negative_0115,2.0,nonpositive_0115,2.0,C14,533862946a73608c134d18b78226b6371ce7173c
3895052,2,120,904,2448,00:13:25.921,Ball Receipt*,904,True,unsupported_event_type,False,False,805.921,13,d2af7091-c252-4091-a3d1-776db80b920e,False,False,False,not_leverkusen_pass_carry,,,34.7,52.1,,,,,,,,,,34.916000000000054,Jonathan Tah,Bayer Leverkusen,,,linked_360_unsupported_semantics,1.7280000000000657,,,,,,,,,C14,533862946a73608c134d18b78226b6371ce7173c
3895052,2,120,904,2449,00:13:25.921,Carry,904,True,validated_core_event_team_scope,True,False,805.921,14,b7976ea1-0912-4c4c-b842-0b41270fc2d4,True,True,True,safe_validated_frame_vector,34.7,52.1,34.7,52.1,35.8,52.1,34.7,52.1,35.8,52.1,1.0999999999999943,0.0,1.0999999999999943,34.916000000000054,Jonathan Tah,Bayer Leverkusen,,,validated_spatial_anchor,0.0,49.8,14.0,positive_0141,1.0,,,,,C14,533862946a73608c134d18b78226b6371ce7173c
3895052,2,120,904,2450,00:13:28.288,Pass,904,True,validated_core_event_team_scope,True,False,808.288,15,d44a5e0f-4476-405f-8aa0-bdaff6368c11,True,True,True,safe_validated_frame_vector,35.8,52.1,35.8,52.1,39.4,69.7,35.8,52.1,39.4,69.7,3.6000000000000014,17.6,17.9644092583085,37.283000000000015,Jonathan Tah,Bayer Leverkusen,,,validated_spatial_anchor,2.366999999999962,49.8,10.4,positive_0141,2.0,,,,,C14,533862946a73608c134d18b78226b6371ce7173c
3895052,2,120,904,2451,00:13:29.542,Ball Receipt*,904,True,unsupported_event_type,False,False,809.542,16,62d4bf2d-e216-4cb8-ac1f-dc6e6d3e5272,False,False,False,not_leverkusen_pass_carry,,,39.4,69.7,,,,,,,,,,38.53700000000004,Odilon Kossonou,Bayer Leverkusen,,,linked_360_unsupported_semantics,1.254000000000019,,,,,,,,,C14,533862946a73608c134d18b78226b6371ce7173c
3895052,2,120,904,2452,00:13:29.542,Carry,904,True,validated_core_event_team_scope,True,False,809.542,17,944b5335-4076-4961-b3aa-77e4510f252d,True,True,True,safe_validated_frame_vector,39.4,69.7,39.4,69.7,39.2,69.9,39.4,69.7,39.2,69.9,-0.1999999999999957,0.2000000000000028,0.282842712474618,38.53700000000004,Odilon Kossonou,Bayer Leverkusen,,,validated_spatial_anchor,0.0,49.8,10.599999999999994,,,negative_0116,1.0,nonpositive_0116,1.0,C14,533862946a73608c134d18b78226b6371ce7173c
3895052,2,120,904,2453,00:13:30.616,Pass,904,True,validated_core_event_team_scope,True,False,810.616,18,e23bb6a9-fee8-4902-a951-0337803a0a06,True,True,True,safe_validated_frame_vector,39.2,69.9,39.2,69.9,48.0,75.8,39.2,69.9,48.0,75.8,8.799999999999997,5.899999999999992,10.594810050208538,39.61099999999999,Odilon Kossonou,Bayer Leverkusen,,,validated_spatial_anchor,1.0739999999999554,49.8,1.7999999999999972,positive_0142,1.0,,,,,C14,533862946a73608c134d18b78226b6371ce7173c
3895052,2,120,904,2454,00:13:32.244,Ball Receipt*,904,True,unsupported_event_type,False,False,812.244,19,dd4aabef-6052-4a1d-af6b-06f63afe702a,False,False,False,not_leverkusen_pass_carry,,,48.0,75.8,,,,,,,,,,41.23900000000003,Jeremie Frimpong,Bayer Leverkusen,,,linked_360_unsupported_semantics,1.6280000000000427,,,,,,,,,C14,533862946a73608c134d18b78226b6371ce7173c
3895052,2,120,904,2455,00:13:32.244,Carry,904,True,validated_core_event_team_scope,True,False,812.244,20,dc0b8222-bccf-497a-8987-f0a7ec6a30e1,True,True,True,safe_validated_frame_vector,48.0,75.8,48.0,75.8,51.0,74.4,48.0,75.8,51.0,74.4,3.0,-1.3999999999999917,3.310589071449366,41.23900000000003,Jeremie Frimpong,Bayer Leverkusen,,,validated_spatial_anchor,0.0,51.0,0.0,positive_0142,2.0,,,,,C14,533862946a73608c134d18b78226b6371ce7173c
3895052,2,120,904,2456,00:13:33.736,Pass,904,True,validated_core_event_team_scope,True,False,813.736,21,e20bc19a-fda7-417c-b686-821ff5560d21,True,True,True,safe_validated_frame_vector,51.0,74.4,51.0,74.4,50.0,67.5,51.0,74.4,50.0,67.5,-1.0,-6.900000000000006,6.972087205421349,42.731,Jeremie Frimpong,Bayer Leverkusen,,,validated_spatial_anchor,1.4919999999999618,51.0,1.0,,,negative_0117,1.0,nonpositive_0117,1.0,C14,533862946a73608c134d18b78226b6371ce7173c
3895052,2,120,904,2457,00:13:34.761,Ball Receipt*,904,True,unsupported_event_type,False,False,814.761,22,43116305-6a05-4c0e-8eba-64fcd52160dc,False,False,False,not_leverkusen_pass_carry,,,50.0,67.5,,,,,,,,,,43.75599999999997,Exequiel Alejandro Palacios,Bayer Leverkusen,,,linked_360_unsupported_semantics,1.0249999999999773,,,,,,,,,C14,533862946a73608c134d18b78226b6371ce7173c
3895052,2,120,904,2458,00:13:34.761,Carry,904,True,validated_core_event_team_scope,True,False,814.761,23,73a2b1a4-539a-477c-854f-5f37073880ab,True,True,True,safe_validated_frame_vector,50.0,67.5,50.0,67.5,50.0,65.9,50.0,67.5,50.0,65.9,0.0,-1.5999999999999943,1.5999999999999943,43.75599999999997,Exequiel Alejandro Palacios,Bayer Leverkusen,,,validated_spatial_anchor,0.0,51.0,1.0,,,,,nonpositive_0117,2.0,C14,533862946a73608c134d18b78226b6371ce7173c
3895052,2,120,904,2459,00:13:35.454,Pass,904,True,validated_core_event_team_scope,True,False,815.454,24,5eecd107-d000-4d0a-8704-5ef0b9e65d95,True,True,True,safe_validated_frame_vector,50.0,65.9,50.0,65.9,62.3,58.9,50.0,65.9,62.3,58.9,12.299999999999995,-7.000000000000007,14.152384958020328,44.44899999999996,Exequiel Alejandro Palacios,Bayer Leverkusen,,,validated_spatial_anchor,0.6929999999999836,62.3,0.0,positive_0143,1.0,,,,,C14,533862946a73608c134d18b78226b6371ce7173c
3895052,2,120,904,2460,00:13:36.821,Ball Receipt*,904,True,unsupported_event_type,False,False,816.821,25,f1a9024f-ccdc-4e21-9ce6-cb0ca2384abc,False,False,False,not_leverkusen_pass_carry,,,62.3,58.9,,,,,,,,,,45.81600000000003,Jeremie Frimpong,Bayer Leverkusen,,,linked_360_unsupported_semantics,1.3670000000000757,,,,,,,,,C14,533862946a73608c134d18b78226b6371ce7173c
3895052,2,120,904,2461,00:13:36.821,Pass,904,True,validated_core_event_team_scope,True,False,816.821,26,6d780410-c238-42ff-87dc-66b5258801c8,True,True,True,safe_validated_frame_vector,62.3,56.7,62.3,56.7,44.8,47.8,62.3,56.7,44.8,47.8,-17.5,-8.900000000000006,19.633135256499408,45.81600000000003,Jeremie Frimpong,Bayer Leverkusen,,,validated_spatial_anchor,0.0,62.3,17.5,,,negative_0118,1.0,nonpositive_0118,1.0,C14,533862946a73608c134d18b78226b6371ce7173c
3895052,2,120,904,2462,00:13:38.188,Ball Receipt*,904,True,unsupported_event_type,False,False,818.188,27,4fca4876-af06-4d46-b69d-129014f70c4c,False,False,False,not_leverkusen_pass_carry,,,44.8,47.8,,,,,,,,,,47.18299999999999,Granit Xhaka,Bayer Leverkusen,,,linked_360_unsupported_semantics,1.3669999999999618,,,,,,,,,C14,533862946a73608c134d18b78226b6371ce7173c
3895052,2,120,904,2463,00:13:38.188,Carry,904,True,validated_core_event_team_scope,True,False,818.188,28,717da11c-7b62-4b37-b860-54af5670913b,True,True,True,safe_validated_frame_vector,44.8,47.8,44.8,47.8,43.2,46.0,44.8,47.8,43.2,46.0,-1.5999999999999943,-1.7999999999999972,2.408318915758453,47.18299999999999,Granit Xhaka,Bayer Leverkusen,,,validated_spatial_anchor,0.0,62.3,19.099999999999994,,,negative_0118,2.0,nonpositive_0118,2.0,C14,533862946a73608c134d18b78226b6371ce7173c
3895052,2,120,904,2464,00:13:38.528,Pass,904,True,validated_core_event_team_scope,True,False,818.528,29,f7d25154-47fe-418b-beff-735cd1a325eb,True,True,True,safe_validated_frame_vector,43.2,46.0,43.2,46.0,47.0,25.3,43.2,46.0,47.0,25.3,3.799999999999997,-20.7,21.0459022139703,47.523000000000025,Granit Xhaka,Bayer Leverkusen,,,validated_spatial_anchor,0.3400000000000318,62.3,15.299999999999995,positive_0144,1.0,,,,,C14,533862946a73608c134d18b78226b6371ce7173c
3895052,2,120,904,2465,00:13:39.899,Ball Receipt*,904,True,unsupported_event_type,False,False,819.899,30,722c421d-7bc9-43e4-8154-2e5fb7b3d21d,False,False,False,not_leverkusen_pass_carry,,,47.0,25.3,,,,,,,,,,48.894000000000005,Edmond Fayçal Tapsoba,Bayer Leverkusen,,,linked_360_unsupported_semantics,1.370999999999981,,,,,,,,,C14,533862946a73608c134d18b78226b6371ce7173c
3895052,2,120,904,2466,00:13:39.899,Carry,904,True,validated_core_event_team_scope,True,False,819.899,31,34edf9e4-3e95-47b2-bbc8-71ec9e37aac4,True,True,True,safe_validated_frame_vector,47.0,25.3,47.0,25.3,64.5,19.9,47.0,25.3,64.5,19.9,17.5,-5.400000000000002,18.31420213932346,48.894000000000005,Edmond Fayçal Tapsoba,Bayer Leverkusen,,,validated_spatial_anchor,0.0,64.5,0.0,positive_0144,2.0,,,,,C14,533862946a73608c134d18b78226b6371ce7173c
3895052,2,120,904,2467,00:13:42.394,Pass,904,False,no_360_frame,False,False,822.394,32,1374ac0a-a91a-45fa-9978-eafe638715c4,False,True,True,unsupported_or_unlinked_frame,,,64.5,19.9,90.6,20.7,,,,,,,,51.38900000000001,Edmond Fayçal Tapsoba,Bayer Leverkusen,,,no_360_frame,2.4950000000000045,,,,,,,,,C14,533862946a73608c134d18b78226b6371ce7173c
3895052,2,120,904,2468,00:13:43.403,Ball Receipt*,904,True,unsupported_event_type,False,False,823.403,33,73b25166-9aad-47fe-9eb8-a0f23c183b8b,False,False,False,not_leverkusen_pass_carry,,,90.6,20.7,,,,,,,,,,52.398000000000025,Florian Wirtz,Bayer Leverkusen,,,linked_360_unsupported_semantics,1.0090000000000146,,,,,,,,,C14,533862946a73608c134d18b78226b6371ce7173c
3895052,2,120,904,2469,00:13:43.403,Carry,904,True,validated_core_event_team_scope,True,False,823.403,34,d4932484-ed6f-471c-82fa-747bab0d5e2e,True,True,True,safe_validated_frame_vector,90.6,20.7,90.6,20.7,105.5,18.3,90.6,20.7,105.5,18.3,14.900000000000006,-2.3999999999999986,15.092050887801834,52.398000000000025,Florian Wirtz,Bayer Leverkusen,,,validated_spatial_anchor,0.0,105.5,0.0,positive_0144,3.0,,,,,C14,533862946a73608c134d18b78226b6371ce7173c
3895052,2,120,904,2470,00:13:44.873,Pressure,182,True,validated_core_event_team_scope,True,False,824.873,35,f55668f9-f17f-48c9-a162-8162ed7714e2,False,False,False,not_leverkusen_pass_carry,96.5,21.4,23.5,58.6,,,,,,,,,,53.86800000000005,Benjamin Henrichs,RB Leipzig,,,validated_spatial_anchor,1.4700000000000273,,,,,,,,,C14,533862946a73608c134d18b78226b6371ce7173c
3895052,2,120,904,2471,00:13:45.277,Pass,904,True,validated_core_event_team_scope,True,False,825.277,36,a876ae63-a1e3-44d7-a4ad-6ab8d6ee416f,True,True,True,safe_validated_frame_vector,105.5,18.3,105.5,18.3,98.4,16.7,105.5,18.3,98.4,16.7,-7.099999999999994,-1.6000000000000014,7.278049189171499,54.27200000000005,Florian Wirtz,Bayer Leverkusen,,,validated_spatial_anchor,0.4039999999999963,105.5,7.099999999999994,,,negative_0119,1.0,nonpositive_0119,1.0,C14,533862946a73608c134d18b78226b6371ce7173c
3895052,2,120,904,2472,00:13:46.373,Ball Receipt*,904,True,unsupported_event_type,False,False,826.373,37,81a59670-c321-4330-abb7-770b0066ad1b,False,False,False,not_leverkusen_pass_carry,,,98.4,16.7,,,,,,,,,,55.36800000000005,Alejandro Grimaldo García,Bayer Leverkusen,,,linked_360_unsupported_semantics,1.0960000000000036,,,,,,,,,C14,533862946a73608c134d18b78226b6371ce7173c
3895052,2,120,904,2473,00:13:46.373,Carry,904,True,validated_core_event_team_scope,True,False,826.373,38,74317729-e4d8-44bb-b5f3-f2aef093e779,True,True,True,safe_validated_frame_vector,98.4,16.7,98.4,16.7,95.2,23.3,98.4,16.7,95.2,23.3,-3.200000000000003,6.600000000000001,7.334848328356902,55.36800000000005,Alejandro Grimaldo García,Bayer Leverkusen,,,validated_spatial_anchor,0.0,105.5,10.299999999999995,,,negative_0119,2.0,nonpositive_0119,2.0,C14,533862946a73608c134d18b78226b6371ce7173c
3895052,2,120,904,2474,00:13:48.425,Pass,904,True,validated_core_event_team_scope,True,False,828.425,39,33b1d7c3-8118-4103-87c6-4590b79b3501,True,True,True,safe_validated_frame_vector,95.2,23.3,95.2,23.3,104.8,13.1,95.2,23.3,104.8,13.1,9.599999999999994,-10.2,14.0071410359145,57.41999999999996,Alejandro Grimaldo García,Bayer Leverkusen,,,validated_spatial_anchor,2.0519999999999072,105.5,0.7000000000000028,positive_0145,1.0,,,,,C14,533862946a73608c134d18b78226b6371ce7173c
3895052,2,120,904,2475,00:13:49.383,Ball Receipt*,904,True,unsupported_event_type,False,False,829.383,40,41855f08-f7fb-4568-ab8f-4d06c989a4ed,False,False,False,not_leverkusen_pass_carry,,,104.8,13.1,,,,,,,,,,58.37800000000004,Florian Wirtz,Bayer Leverkusen,,,linked_360_unsupported_semantics,0.9580000000000836,,,,,,,,,C14,533862946a73608c134d18b78226b6371ce7173c
3895052,2,120,904,2476,00:13:49.383,Carry,904,True,validated_core_event_team_scope,True,False,829.383,41,ce88987b-b437-4be9-8925-6d5d762939d0,True,True,True,safe_validated_frame_vector,104.8,13.1,104.8,13.1,109.5,19.5,104.8,13.1,109.5,19.5,4.700000000000003,6.4,7.940403012442129,58.37800000000004,Florian Wirtz,Bayer Leverkusen,,,validated_spatial_anchor,0.0,109.5,0.0,positive_0145,2.0,,,,,C14,533862946a73608c134d18b78226b6371ce7173c
3895052,2,120,904,2477,00:13:51.236,Pass,904,True,validated_core_event_team_scope,True,False,831.236,42,4212e9f7-4de8-49ad-bfa7-849139744461,True,True,True,safe_validated_frame_vector,109.5,19.5,109.5,19.5,110.3,29.0,109.5,19.5,110.3,29.0,0.7999999999999972,9.5,9.533624704172071,60.231,Florian Wirtz,Bayer Leverkusen,pass.outcome:Incomplete,,validated_spatial_anchor,1.852999999999952,110.3,0.0,positive_0145,3.0,,,,,C14,533862946a73608c134d18b78226b6371ce7173c
3895052,2,120,904,2478,00:13:51.713,Ball Receipt*,904,True,unsupported_event_type,False,False,831.713,43,83d4da11-d2b4-47f3-9444-4c1df7eb8ef0,False,False,False,not_leverkusen_pass_carry,,,109.5,29.0,,,,,,,,,,60.70799999999997,Alejandro Grimaldo García,Bayer Leverkusen,ball_receipt.outcome:Incomplete,,linked_360_unsupported_semantics,0.4769999999999754,,,,,,,,,C14,533862946a73608c134d18b78226b6371ce7173c
3895052,2,120,904,2479,00:13:51.713,Clearance,182,True,unsupported_event_type,False,False,831.713,44,b4371347-ed4e-4e5c-82b6-b7a4b26ddba4,False,False,False,not_leverkusen_pass_carry,,,9.8,51.1,,,,,,,,,,60.70799999999997,Mohamed Simakan,RB Leipzig,type:Clearance,,linked_360_unsupported_semantics,0.0,,,,,,,,,C14,533862946a73608c134d18b78226b6371ce7173c
3895052,2,120,904,2480,00:13:52.132,Pressure,904,True,validated_core_event_team_scope,True,False,832.132,45,0a501c87-0967-4bad-b915-793e20232e59,False,False,False,not_leverkusen_pass_carry,112.9,23.1,112.9,23.1,,,,,,,,,,61.12699999999995,Alejandro Grimaldo García,Bayer Leverkusen,,,validated_spatial_anchor,0.4189999999999827,,,,,,,,,C14,533862946a73608c134d18b78226b6371ce7173c
3895052,2,120,904,2481,00:13:52.383,Pass,182,True,validated_core_event_team_scope,True,False,832.383,46,68196fd3-5f1d-495a-8d68-53959041beb4,False,False,False,not_leverkusen_pass_carry,116.4,23.200000000000003,3.6,56.8,,,,,,,,,,61.37800000000004,Benjamin Henrichs,RB Leipzig,pass.type:Recovery,,validated_spatial_anchor,0.25100000000009,,,,,,,,,C14,533862946a73608c134d18b78226b6371ce7173c
3895052,2,120,904,2482,00:13:53.551,Ball Receipt*,182,True,unsupported_event_type,False,False,833.551,47,20701285-3ca7-4b77-873a-4d380cc8b0dd,False,False,False,not_leverkusen_pass_carry,,,14.0,53.3,,,,,,,,,,62.54600000000005,Xavi Simons,RB Leipzig,,,linked_360_unsupported_semantics,1.1680000000000064,,,,,,,,,C14,533862946a73608c134d18b78226b6371ce7173c
3895052,2,120,904,2483,00:13:53.551,Carry,182,True,validated_core_event_team_scope,True,False,833.551,48,e0ec11a4-0848-4252-ad67-345761e6c046,False,False,False,not_leverkusen_pass_carry,106.0,26.700000000000003,14.0,53.3,,,,,,,,,,62.54600000000005,Xavi Simons,RB Leipzig,,,validated_spatial_anchor,0.0,,,,,,,,,C14,533862946a73608c134d18b78226b6371ce7173c
3895052,2,120,904,2484,00:13:54.710,Pass,182,True,validated_core_event_team_scope,True,False,834.71,49,12033062-4d46-4145-9488-6434dfb24f91,False,False,False,not_leverkusen_pass_carry,99.1,24.200000000000003,20.9,55.8,,,,,,,,,,63.70500000000004,Xavi Simons,RB Leipzig,pass.outcome:Incomplete,,validated_spatial_anchor,1.1589999999999918,,,,,,,,,C14,533862946a73608c134d18b78226b6371ce7173c
3895052,2,120,904,2485,00:13:56.551,Ball Recovery,904,False,no_360_frame,False,False,836.551,50,0e9457f8-4ee9-4a30-849a-211b6abe5f42,False,False,False,not_leverkusen_pass_carry,,,82.8,62.7,,,,,,,,,,65.54600000000005,Odilon Kossonou,Bayer Leverkusen,type:Ball Recovery,,no_360_frame,1.841000000000008,,,,,,,,,C14,533862946a73608c134d18b78226b6371ce7173c
3895052,2,120,904,2486,00:13:56.551,Carry,904,False,no_360_frame,False,False,836.551,51,0165638a-ec55-4c21-8239-1d36769527b7,False,True,True,unsupported_or_unlinked_frame,,,82.8,62.7,83.8,60.3,,,,,,,,65.54600000000005,Odilon Kossonou,Bayer Leverkusen,,,no_360_frame,0.0,,,,,,,,,C14,533862946a73608c134d18b78226b6371ce7173c
3895052,2,120,904,2487,00:13:57.010,Pressure,182,True,validated_core_event_team_scope,True,False,837.01,52,ee62b3ac-6216-4d62-9cfc-adfd7c73984c,False,False,False,not_leverkusen_pass_carry,85.1,62.4,34.9,17.6,,,,,,,,,,66.005,Daniel Olmo Carvajal,RB Leipzig,,,validated_spatial_anchor,0.4589999999999463,,,,,,,,,C14,533862946a73608c134d18b78226b6371ce7173c
3895052,2,120,904,2488,00:13:57.332,Pass,904,False,no_360_frame,False,False,837.332,53,baf415a0-ba75-4cc0-9d54-281cc86bb008,False,True,True,unsupported_or_unlinked_frame,,,83.8,60.3,83.0,49.9,,,,,,,,66.327,Odilon Kossonou,Bayer Leverkusen,,,no_360_frame,0.3220000000000027,,,,,,,,,C14,533862946a73608c134d18b78226b6371ce7173c
3895052,2,120,904,2489,00:13:58.396,Ball Receipt*,904,False,no_360_frame,False,False,838.396,54,68a2e29a-d7b5-474c-bcaf-ae38ae9e00bd,False,False,False,not_leverkusen_pass_carry,,,83.0,49.9,,,,,,,,,,67.39099999999996,Exequiel Alejandro Palacios,Bayer Leverkusen,,,no_360_frame,1.0639999999999643,,,,,,,,,C14,533862946a73608c134d18b78226b6371ce7173c
3895052,2,120,904,2490,00:13:58.396,Carry,904,False,no_360_frame,False,False,838.396,55,10c715d5-7f7c-464c-825b-019fcde8b1fa,False,True,True,unsupported_or_unlinked_frame,,,83.0,49.9,84.6,49.2,,,,,,,,67.39099999999996,Exequiel Alejandro Palacios,Bayer Leverkusen,,,no_360_frame,0.0,,,,,,,,,C14,533862946a73608c134d18b78226b6371ce7173c
3895052,2,120,904,2491,00:13:58.834,Pass,904,True,validated_core_event_team_scope,True,False,838.834,56,769a6fdc-7879-4c46-91d7-30cc0e400dc9,True,True,True,safe_validated_frame_vector,84.6,49.2,84.6,49.2,81.8,25.7,84.6,49.2,81.8,25.7,-2.799999999999997,-23.500000000000004,23.66622065307429,67.82899999999995,Exequiel Alejandro Palacios,Bayer Leverkusen,,,validated_spatial_anchor,0.4379999999999882,110.3,28.5,,,negative_0120,1.0,nonpositive_0120,1.0,C14,533862946a73608c134d18b78226b6371ce7173c
3895052,2,120,904,2492,00:14:00.118,Ball Receipt*,904,True,unsupported_event_type,False,False,840.118,57,4df33bb3-f523-4b1e-b16a-412556837f1a,False,False,False,not_leverkusen_pass_carry,,,81.8,25.7,,,,,,,,,,69.11300000000006,Granit Xhaka,Bayer Leverkusen,,,linked_360_unsupported_semantics,1.2840000000001055,,,,,,,,,C14,533862946a73608c134d18b78226b6371ce7173c
3895052,2,120,904,2493,00:14:00.118,Carry,904,True,validated_core_event_team_scope,True,False,840.118,58,d9300ec0-a6ae-4536-abd6-36a3348230e6,True,True,True,safe_validated_frame_vector,81.8,25.7,81.8,25.7,82.6,24.7,81.8,25.7,82.6,24.7,0.7999999999999972,-1.0,1.280624847486568,69.11300000000006,Granit Xhaka,Bayer Leverkusen,,,validated_spatial_anchor,0.0,110.3,27.700000000000003,positive_0146,1.0,,,,,C14,533862946a73608c134d18b78226b6371ce7173c
3895052,2,120,904,2494,00:14:02.469,Pass,904,True,validated_core_event_team_scope,True,False,842.469,59,f7f6d64c-a561-420b-8b73-6bf3d6de897c,True,True,True,safe_validated_frame_vector,82.6,24.7,82.6,24.7,82.8,37.2,82.6,24.7,82.8,37.2,0.2000000000000028,12.500000000000004,12.501599897613108,71.46400000000006,Granit Xhaka,Bayer Leverkusen,,,validated_spatial_anchor,2.350999999999999,110.3,27.5,positive_0146,2.0,,,,,C14,533862946a73608c134d18b78226b6371ce7173c
3895052,2,120,904,2495,00:14:03.607,Ball Receipt*,904,True,unsupported_event_type,False,False,843.607,60,29bf7e2b-4ccc-473a-ae0c-223ec78cf4f6,False,False,False,not_leverkusen_pass_carry,,,82.8,37.2,,,,,,,,,,72.60199999999998,Exequiel Alejandro Palacios,Bayer Leverkusen,,,linked_360_unsupported_semantics,1.13799999999992,,,,,,,,,C14,533862946a73608c134d18b78226b6371ce7173c
3895052,2,120,904,2496,00:14:03.607,Carry,904,True,validated_core_event_team_scope,True,False,843.607,61,af9a14e6-d845-4eac-8157-b271fec615c2,True,True,True,safe_validated_frame_vector,82.8,37.2,82.8,37.2,82.6,38.6,82.8,37.2,82.6,38.6,-0.2000000000000028,1.3999999999999986,1.414213562373094,72.60199999999998,Exequiel Alejandro Palacios,Bayer Leverkusen,,,validated_spatial_anchor,0.0,110.3,27.700000000000003,,,negative_0121,1.0,nonpositive_0121,1.0,C14,533862946a73608c134d18b78226b6371ce7173c
3895052,2,120,904,2497,00:14:04.000,Pass,904,True,validated_core_event_team_scope,True,False,844.0,62,da5b5aca-cc15-4e47-8807-e2ecdbba8e36,True,True,True,safe_validated_frame_vector,82.6,38.6,82.6,38.6,90.2,36.8,82.6,38.6,90.2,36.8,7.600000000000008,-1.8000000000000045,7.810249675906664,72.995,Exequiel Alejandro Palacios,Bayer Leverkusen,,,validated_spatial_anchor,0.3930000000000291,110.3,20.099999999999994,positive_0147,1.0,,,,,C14,533862946a73608c134d18b78226b6371ce7173c
3895052,2,120,904,2498,00:14:04.723,Ball Receipt*,904,True,unsupported_event_type,False,False,844.723,63,43ffe80c-b03e-4f9f-acff-94b16ea593c0,False,False,False,not_leverkusen_pass_carry,,,90.2,36.8,,,,,,,,,,73.71799999999996,Jonas Hofmann,Bayer Leverkusen,,,linked_360_unsupported_semantics,0.7229999999999563,,,,,,,,,C14,533862946a73608c134d18b78226b6371ce7173c
3895052,2,120,904,2499,00:14:04.723,Carry,904,True,validated_core_event_team_scope,True,False,844.723,64,6679877f-7c1e-4409-a036-fdcbffc96c75,True,True,True,safe_validated_frame_vector,90.2,36.8,90.2,36.8,89.4,36.8,90.2,36.8,89.4,36.8,-0.7999999999999972,0.0,0.7999999999999972,73.71799999999996,Jonas Hofmann,Bayer Leverkusen,,,validated_spatial_anchor,0.0,110.3,20.89999999999999,,,negative_0122,1.0,nonpositive_0122,1.0,C14,533862946a73608c134d18b78226b6371ce7173c
3895052,2,120,904,2500,00:14:04.756,Pass,904,True,validated_core_event_team_scope,True,False,844.756,65,2dec9925-9879-4a7b-ad0b-24cb92aeed5f,True,True,True,safe_validated_frame_vector,89.4,36.8,89.4,36.8,82.2,35.2,89.4,36.8,82.2,35.2,-7.200000000000003,-1.5999999999999943,7.375635565834311,73.75099999999998,Jonas Hofmann,Bayer Leverkusen,,,validated_spatial_anchor,0.0330000000000154,110.3,28.099999999999994,,,negative_0122,2.0,nonpositive_0122,2.0,C14,533862946a73608c134d18b78226b6371ce7173c
3895052,2,120,904,2501,00:14:05.333,Ball Receipt*,904,True,unsupported_event_type,False,False,845.333,66,015a9084-1709-452b-bcf4-28e0939df779,False,False,False,not_leverkusen_pass_carry,,,82.2,35.2,,,,,,,,,,74.32799999999997,Exequiel Alejandro Palacios,Bayer Leverkusen,,,linked_360_unsupported_semantics,0.5769999999999982,,,,,,,,,C14,533862946a73608c134d18b78226b6371ce7173c
3895052,2,120,904,2502,00:14:05.333,Carry,904,True,validated_core_event_team_scope,True,False,845.333,67,381d4b12-41e8-4120-9106-2cd94322bbe7,True,True,True,safe_validated_frame_vector,82.2,35.2,82.2,35.2,81.8,34.8,82.2,35.2,81.8,34.8,-0.4000000000000057,-0.4000000000000057,0.5656854249492461,74.32799999999997,Exequiel Alejandro Palacios,Bayer Leverkusen,,,validated_spatial_anchor,0.0,110.3,28.5,,,negative_0122,3.0,nonpositive_0122,3.0,C14,533862946a73608c134d18b78226b6371ce7173c
3895052,2,120,904,2503,00:14:05.453,Pass,904,True,validated_core_event_team_scope,True,False,845.453,68,3835daba-06c5-4f75-b92c-896d51d1266f,True,True,True,safe_validated_frame_vector,81.8,34.8,81.8,34.8,80.1,24.1,81.8,34.8,80.1,24.1,-1.7000000000000028,-10.699999999999996,10.83420509312981,74.44799999999998,Exequiel Alejandro Palacios,Bayer Leverkusen,,,validated_spatial_anchor,0.1200000000000045,110.3,30.200000000000003,,,negative_0122,4.0,nonpositive_0122,4.0,C14,533862946a73608c134d18b78226b6371ce7173c
3895052,2,120,904,2504,00:14:06.614,Ball Receipt*,904,True,unsupported_event_type,False,False,846.614,69,32adf66f-3e0d-4fc6-858d-dba5174f54eb,False,False,False,not_leverkusen_pass_carry,,,80.1,24.1,,,,,,,,,,75.60900000000004,Granit Xhaka,Bayer Leverkusen,,,linked_360_unsupported_semantics,1.1610000000000582,,,,,,,,,C14,533862946a73608c134d18b78226b6371ce7173c
3895052,2,120,904,2505,00:14:06.614,Carry,904,True,validated_core_event_team_scope,True,False,846.614,70,bdcd0d4d-0979-4613-b728-3f0fe1a1c2f0,True,True,True,safe_validated_frame_vector,80.1,24.1,80.1,24.1,77.5,22.5,80.1,24.1,77.5,22.5,-2.5999999999999943,-1.6000000000000014,3.052867504494745,75.60900000000004,Granit Xhaka,Bayer Leverkusen,,,validated_spatial_anchor,0.0,110.3,32.8,,,negative_0122,5.0,nonpositive_0122,5.0,C14,533862946a73608c134d18b78226b6371ce7173c
3895052,2,120,904,2506,00:14:06.950,Pass,904,True,validated_core_event_team_scope,True,False,846.95,71,3fe03753-a78f-4d15-9bce-eb77a1fd58ea,True,True,True,safe_validated_frame_vector,77.5,22.5,77.5,22.5,69.1,25.9,77.5,22.5,69.1,25.9,-8.400000000000006,3.3999999999999986,9.06200860736736,75.94500000000005,Granit Xhaka,Bayer Leverkusen,,,validated_spatial_anchor,0.3360000000000127,110.3,41.2,,,negative_0122,6.0,nonpositive_0122,6.0,C14,533862946a73608c134d18b78226b6371ce7173c
3895052,2,120,904,2507,00:14:08.393,Ball Receipt*,904,True,unsupported_event_type,False,False,848.393,72,cc3b8cd4-8a85-4857-af0c-9a1febd8e57b,False,False,False,not_leverkusen_pass_carry,,,69.1,25.9,,,,,,,,,,77.38800000000003,Edmond Fayçal Tapsoba,Bayer Leverkusen,,,linked_360_unsupported_semantics,1.4429999999999836,,,,,,,,,C14,533862946a73608c134d18b78226b6371ce7173c
3895052,2,120,904,2508,00:14:08.393,Carry,904,True,validated_core_event_team_scope,True,False,848.393,73,d21816b2-1a12-41ed-a4c9-50fe948d9c86,True,True,True,safe_validated_frame_vector,69.1,25.9,69.1,25.9,70.9,30.8,69.1,25.9,70.9,30.8,1.8000000000000114,4.900000000000002,5.220153254455281,77.38800000000003,Edmond Fayçal Tapsoba,Bayer Leverkusen,,,validated_spatial_anchor,0.0,110.3,39.39999999999999,positive_0148,1.0,,,,,C14,533862946a73608c134d18b78226b6371ce7173c
3895052,2,120,904,2509,00:14:09.877,Pass,904,True,validated_core_event_team_scope,True,False,849.877,74,1f7c0dac-a43d-4630-925f-228e6455cd9c,True,True,True,safe_validated_frame_vector,70.9,30.8,70.9,30.8,77.7,40.2,70.9,30.8,77.7,40.2,6.799999999999997,9.400000000000002,11.60172400981854,78.87199999999996,Edmond Fayçal Tapsoba,Bayer Leverkusen,,,validated_spatial_anchor,1.4839999999999236,110.3,32.599999999999994,positive_0148,2.0,,,,,C14,533862946a73608c134d18b78226b6371ce7173c
3895052,2,120,904,2510,00:14:10.685,Ball Receipt*,904,True,unsupported_event_type,False,False,850.685,75,200b2f30-5a5c-4d8e-94f4-94006a1f51e8,False,False,False,not_leverkusen_pass_carry,,,77.7,40.2,,,,,,,,,,79.67999999999995,Jonas Hofmann,Bayer Leverkusen,,,linked_360_unsupported_semantics,0.8079999999999927,,,,,,,,,C14,533862946a73608c134d18b78226b6371ce7173c
3895052,2,120,904,2511,00:14:10.685,Carry,904,True,validated_core_event_team_scope,True,False,850.685,76,ca227e93-8a52-4987-902a-04e65abe4975,True,True,True,safe_validated_frame_vector,77.7,40.2,77.7,40.2,76.5,39.2,77.7,40.2,76.5,39.2,-1.2000000000000028,-1.0,1.562049935181333,79.67999999999995,Jonas Hofmann,Bayer Leverkusen,,,validated_spatial_anchor,0.0,110.3,33.8,,,negative_0123,1.0,nonpositive_0123,1.0,C14,533862946a73608c134d18b78226b6371ce7173c
3895052,2,120,904,2512,00:14:12.061,Pass,904,True,validated_core_event_team_scope,True,False,852.061,77,9b25d12c-0a0a-4b91-8517-6c3d1226143a,True,True,True,safe_validated_frame_vector,76.5,39.2,76.5,39.2,67.7,36.4,76.5,39.2,67.7,36.4,-8.799999999999997,-2.8000000000000043,9.234717104492155,81.05600000000004,Jonas Hofmann,Bayer Leverkusen,,,validated_spatial_anchor,1.37600000000009,110.3,42.6,,,negative_0123,2.0,nonpositive_0123,2.0,C14,533862946a73608c134d18b78226b6371ce7173c
3895052,2,120,904,2513,00:14:13.081,Ball Receipt*,904,True,unsupported_event_type,False,False,853.081,78,afa499b2-2190-413f-9f4d-78081da4cc32,False,False,False,not_leverkusen_pass_carry,,,67.7,36.4,,,,,,,,,,82.07600000000002,Edmond Fayçal Tapsoba,Bayer Leverkusen,,,linked_360_unsupported_semantics,1.0199999999999818,,,,,,,,,C14,533862946a73608c134d18b78226b6371ce7173c
3895052,2,120,904,2514,00:14:13.081,Carry,904,True,validated_core_event_team_scope,True,False,853.081,79,fb196349-3ee0-4617-871c-0b5dcd50b20e,True,True,True,safe_validated_frame_vector,67.7,36.4,67.7,36.4,72.1,29.8,67.7,36.4,72.1,29.8,4.399999999999992,-6.599999999999998,7.93221280602077,82.07600000000002,Edmond Fayçal Tapsoba,Bayer Leverkusen,,,validated_spatial_anchor,0.0,110.3,38.2,positive_0149,1.0,,,,,C14,533862946a73608c134d18b78226b6371ce7173c
3895052,2,120,904,2515,00:14:16.352,Pressure,182,True,validated_core_event_team_scope,True,False,856.352,80,5b21c53c-3b94-4623-a671-ea465bd3c38b,False,False,False,not_leverkusen_pass_carry,70.6,32.7,49.4,47.3,,,,,,,,,,85.34699999999998,Ikoma Loïs Openda,RB Leipzig,,,validated_spatial_anchor,3.270999999999958,,,,,,,,,C14,533862946a73608c134d18b78226b6371ce7173c
3895052,2,120,904,2516,00:14:16.744,Pass,904,True,validated_core_event_team_scope,True,False,856.744,81,0b451cc2-46bb-43bf-826e-8ba2f13d7477,True,True,True,safe_validated_frame_vector,72.1,29.8,72.1,29.8,64.1,20.3,72.1,29.8,64.1,20.3,-8.0,-9.5,12.41974234837422,85.73900000000003,Edmond Fayçal Tapsoba,Bayer Leverkusen,,,validated_spatial_anchor,0.3920000000000527,110.3,46.2,,,negative_0124,1.0,nonpositive_0124,1.0,C14,533862946a73608c134d18b78226b6371ce7173c
3895052,2,120,904,2517,00:14:17.683,Ball Receipt*,904,True,unsupported_event_type,False,False,857.683,82,6c0aaa48-9d6b-41c6-8993-9788b801c730,False,False,False,not_leverkusen_pass_carry,,,64.1,20.3,,,,,,,,,,86.678,Granit Xhaka,Bayer Leverkusen,,,linked_360_unsupported_semantics,0.9389999999999644,,,,,,,,,C14,533862946a73608c134d18b78226b6371ce7173c
3895052,2,120,904,2518,00:14:17.683,Carry,904,True,validated_core_event_team_scope,True,False,857.683,83,365e78c2-850a-4bd9-ac86-5d5f7b265806,True,True,True,safe_validated_frame_vector,64.1,20.3,64.1,20.3,72.3,41.6,64.1,20.3,72.3,41.6,8.200000000000003,21.3,22.823890991678,86.678,Granit Xhaka,Bayer Leverkusen,,,validated_spatial_anchor,0.0,110.3,38.0,positive_0150,1.0,,,,,C14,533862946a73608c134d18b78226b6371ce7173c
3895052,2,120,904,2519,00:14:23.642,Pass,904,True,validated_core_event_team_scope,True,False,863.642,84,0d7b826d-b329-43b8-b678-728ed3a251f2,True,True,True,safe_validated_frame_vector,72.3,41.6,72.3,41.6,89.0,40.8,72.3,41.6,89.0,40.8,16.700000000000003,-0.8000000000000043,16.719150696132864,92.63700000000006,Granit Xhaka,Bayer Leverkusen,,,validated_spatial_anchor,5.95900000000006,110.3,21.3,positive_0150,2.0,,,,,C14,533862946a73608c134d18b78226b6371ce7173c
3895052,2,120,904,2520,00:14:24.400,Pressure,182,True,validated_core_event_team_scope,True,False,864.4,85,ef6a729c-5bab-4558-91fb-2419206f851d,False,False,False,not_leverkusen_pass_carry,90.3,40.9,29.7,39.1,,,,,,,,,,93.39499999999998,Willi Orban,RB Leipzig,,,validated_spatial_anchor,0.7579999999999245,,,,,,,,,C14,533862946a73608c134d18b78226b6371ce7173c
3895052,2,120,904,2521,00:14:24.687,Ball Receipt*,904,True,unsupported_event_type,False,False,864.687,86,875dc5ea-234b-4be6-ba5b-947a50f9e8b5,False,False,False,not_leverkusen_pass_carry,,,89.0,40.8,,,,,,,,,,93.68200000000002,Victor Okoh Boniface,Bayer Leverkusen,,,linked_360_unsupported_semantics,0.2870000000000345,,,,,,,,,C14,533862946a73608c134d18b78226b6371ce7173c
3895052,2,120,904,2522,00:14:24.687,Pass,904,True,validated_core_event_team_scope,True,False,864.687,87,ba9346eb-729b-41da-bf2b-cd2d212c0791,True,True,True,safe_validated_frame_vector,87.4,41.8,87.4,41.8,90.8,41.4,87.4,41.8,90.8,41.4,3.3999999999999915,-0.3999999999999986,3.423448553724729,93.68200000000002,Victor Okoh Boniface,Bayer Leverkusen,pass.outcome:Incomplete,,validated_spatial_anchor,0.0,110.3,19.5,positive_0150,3.0,,,,,C14,533862946a73608c134d18b78226b6371ce7173c
3895052,2,120,904,2523,00:14:24.735,Ball Receipt*,904,False,no_360_frame,False,False,864.735,88,4a4442e9-98c7-4dff-b315-3271acbe9557,False,False,False,not_leverkusen_pass_carry,,,94.6,51.5,,,,,,,,,,93.73000000000002,Jonas Hofmann,Bayer Leverkusen,ball_receipt.outcome:Incomplete,,no_360_frame,0.0480000000000018,,,,,,,,,C14,533862946a73608c134d18b78226b6371ce7173c
3895052,2,120,904,2524,00:14:24.735,Block,182,False,no_360_frame,False,False,864.735,89,ff5aa211-b40e-4e77-9d28-e056da623a55,False,False,False,not_leverkusen_pass_carry,,,29.3,38.7,,,,,,,,,,93.73000000000002,Willi Orban,RB Leipzig,type:Block,,no_360_frame,0.0,,,,,,,,,C14,533862946a73608c134d18b78226b6371ce7173c
3895052,2,120,904,2525,00:14:26.128,Pressure,904,True,validated_core_event_team_scope,True,False,866.128,90,0756de33-3fcd-4023-a798-e2ca72ed8017,False,False,False,not_leverkusen_pass_carry,95.4,46.4,95.4,46.4,,,,,,,,,,95.12300000000003,Jonas Hofmann,Bayer Leverkusen,,,validated_spatial_anchor,1.393000000000029,,,,,,,,,C14,533862946a73608c134d18b78226b6371ce7173c
3895067,1,3,904,18,00:00:24.745,Pass,904,True,validated_core_event_team_scope,True,False,24.745,0,30439125-dd53-46d2-95b0-e188be25443c,True,True,True,safe_validated_frame_vector,34.8,30.3,34.8,30.3,26.9,44.3,34.8,30.3,26.9,44.3,-7.899999999999999,13.999999999999996,16.075136080294932,0.0,Granit Xhaka,Bayer Leverkusen,pass.type:Free Kick,Free Kick,validated_spatial_anchor,,34.8,7.899999999999999,,,negative_0001,1.0,nonpositive_0001,1.0,C15,533862946a73608c134d18b78226b6371ce7173c
3895067,1,3,904,19,00:00:25.509,Ball Receipt*,904,True,unsupported_event_type,False,False,25.509,1,a815f844-803f-46d0-98ef-cb7d3aca3c8b,False,False,False,not_leverkusen_pass_carry,,,26.9,44.3,,,,,,,,,,0.7639999999999993,Jonathan Tah,Bayer Leverkusen,,,linked_360_unsupported_semantics,0.7639999999999993,,,,,,,,,C15,533862946a73608c134d18b78226b6371ce7173c
3895067,1,3,904,20,00:00:25.509,Carry,904,True,validated_core_event_team_scope,True,False,25.509,2,ead699aa-f13c-4cdf-8423-f658ad925cb5,True,True,True,safe_validated_frame_vector,26.9,44.3,26.9,44.3,31.3,45.0,26.9,44.3,31.3,45.0,4.400000000000002,0.7000000000000028,4.455333881989096,0.7639999999999993,Jonathan Tah,Bayer Leverkusen,,,validated_spatial_anchor,0.0,34.8,3.4999999999999964,positive_0001,1.0,,,,,C15,533862946a73608c134d18b78226b6371ce7173c
3895067,1,3,904,21,00:00:27.093,Pass,904,True,validated_core_event_team_scope,True,False,27.093,3,d109e813-a171-4eab-bd01-20c8e0a2d54b,True,True,True,safe_validated_frame_vector,31.3,45.0,31.3,45.0,40.0,42.9,31.3,45.0,40.0,42.9,8.7,-2.1000000000000014,8.949860334105779,2.347999999999999,Jonathan Tah,Bayer Leverkusen,,,validated_spatial_anchor,1.5839999999999996,40.0,0.0,positive_0001,2.0,,,,,C15,533862946a73608c134d18b78226b6371ce7173c
3895067,1,3,904,22,00:00:27.893,Ball Receipt*,904,True,unsupported_event_type,False,False,27.893,4,4dbc35f7-4520-4c1d-a0c1-81c1760b2c40,False,False,False,not_leverkusen_pass_carry,,,40.0,42.9,,,,,,,,,,3.148,Exequiel Alejandro Palacios,Bayer Leverkusen,,,linked_360_unsupported_semantics,0.8000000000000007,,,,,,,,,C15,533862946a73608c134d18b78226b6371ce7173c
3895067,1,3,904,23,00:00:27.893,Carry,904,True,validated_core_event_team_scope,True,False,27.893,5,10df0432-33a1-4c21-9b36-dc9a9488ba69,True,True,True,safe_validated_frame_vector,40.0,42.9,40.0,42.9,40.0,36.5,40.0,42.9,40.0,36.5,0.0,-6.399999999999999,6.399999999999999,3.148,Exequiel Alejandro Palacios,Bayer Leverkusen,,,validated_spatial_anchor,0.0,40.0,0.0,,,,,,,C15,533862946a73608c134d18b78226b6371ce7173c
3895067,1,3,904,24,00:00:29.485,Pass,904,True,validated_core_event_team_scope,True,False,29.485,6,447b0a0c-05be-471b-aaf1-2bc3a39574a6,True,True,True,safe_validated_frame_vector,40.0,36.5,40.0,36.5,56.2,3.7,40.0,36.5,56.2,3.7,16.200000000000003,-32.8,36.58250948199153,4.739999999999998,Exequiel Alejandro Palacios,Bayer Leverkusen,,,validated_spatial_anchor,1.5919999999999987,56.2,0.0,positive_0002,1.0,,,,,C15,533862946a73608c134d18b78226b6371ce7173c
3895067,1,3,904,25,00:00:31.979,Ball Receipt*,904,False,no_360_frame,False,False,31.979,7,b3acab4e-f147-4ab7-8b84-8d90f00ed126,False,False,False,not_leverkusen_pass_carry,,,56.2,3.7,,,,,,,,,,7.233999999999998,Alejandro Grimaldo García,Bayer Leverkusen,,,no_360_frame,2.494,,,,,,,,,C15,533862946a73608c134d18b78226b6371ce7173c
3895067,1,3,904,26,00:00:32.594,Pass,904,False,no_360_frame,False,False,32.594,8,7ec1b841-0000-48ef-8b63-277239da3299,False,True,True,unsupported_or_unlinked_frame,,,54.5,2.8,41.9,16.6,,,,,,,,7.849,Alejandro Grimaldo García,Bayer Leverkusen,,,no_360_frame,0.615000000000002,,,,,,,,,C15,533862946a73608c134d18b78226b6371ce7173c
3895067,1,3,904,27,00:00:33.832,Ball Receipt*,904,False,no_360_frame,False,False,33.832,9,c1ae8433-3128-4a28-aae7-22525204f668,False,False,False,not_leverkusen_pass_carry,,,41.9,16.6,,,,,,,,,,9.087,Edmond Fayçal Tapsoba,Bayer Leverkusen,,,no_360_frame,1.2379999999999995,,,,,,,,,C15,533862946a73608c134d18b78226b6371ce7173c
3895067,1,3,904,28,00:00:37.042,Pass,904,True,validated_core_event_team_scope,True,False,37.042,10,2385fdd1-5767-4de2-9c4b-54ed4e9d1e43,True,True,True,safe_validated_frame_vector,42.1,33.5,42.1,33.5,48.8,63.4,42.1,33.5,48.8,63.4,6.699999999999996,29.9,30.641475160311717,12.297,Edmond Fayçal Tapsoba,Bayer Leverkusen,,,validated_spatial_anchor,3.210000000000001,56.2,7.400000000000006,positive_0002,2.0,,,,,C15,533862946a73608c134d18b78226b6371ce7173c
3895067,1,3,904,29,00:00:38.642,Ball Receipt*,904,True,unsupported_event_type,False,False,38.642,11,5647da51-88db-4e25-a864-8610b7aaea93,False,False,False,not_leverkusen_pass_carry,,,48.8,63.4,,,,,,,,,,13.897000000000002,Odilon Kossonou,Bayer Leverkusen,,,linked_360_unsupported_semantics,1.6000000000000014,,,,,,,,,C15,533862946a73608c134d18b78226b6371ce7173c
3895067,1,3,904,30,00:00:38.642,Carry,904,True,validated_core_event_team_scope,True,False,38.642,12,12a36da3-d1f7-4490-a4f8-f4be3907a880,True,True,True,safe_validated_frame_vector,48.8,63.4,48.8,63.4,49.2,62.3,48.8,63.4,49.2,62.3,0.4000000000000057,-1.1000000000000014,1.1704699910719658,13.897000000000002,Odilon Kossonou,Bayer Leverkusen,,,validated_spatial_anchor,0.0,56.2,7.0,positive_0002,3.0,,,,,C15,533862946a73608c134d18b78226b6371ce7173c
3895067,1,3,904,31,00:00:41.586,Pass,904,True,validated_core_event_team_scope,True,False,41.586,13,846dfbba-d9ca-4a4e-9f80-b12670b4085e,True,True,True,safe_validated_frame_vector,49.2,62.3,49.2,62.3,51.5,49.4,49.2,62.3,51.5,49.4,2.299999999999997,-12.9,13.103434664239751,16.840999999999998,Odilon Kossonou,Bayer Leverkusen,,,validated_spatial_anchor,2.9439999999999955,56.2,4.700000000000003,positive_0002,4.0,,,,,C15,533862946a73608c134d18b78226b6371ce7173c
3895067,1,3,904,32,00:00:42.460,Pressure,872,True,validated_core_event_team_scope,True,False,42.46,14,5ec55ad0-1494-4ad7-9fdd-7226078bb2db,False,False,False,not_leverkusen_pass_carry,54.0,47.9,66.0,32.1,,,,,,,,,,17.715,Marvin Mehlem,Darmstadt 98,,,validated_spatial_anchor,0.8740000000000023,,,,,,,,,C15,533862946a73608c134d18b78226b6371ce7173c
3895067,1,3,904,33,00:00:42.541,Ball Receipt*,904,True,unsupported_event_type,False,False,42.541,15,e04b6836-a1e8-4472-b5ef-4f602b2c983e,False,False,False,not_leverkusen_pass_carry,,,51.5,49.4,,,,,,,,,,17.795999999999996,Granit Xhaka,Bayer Leverkusen,,,linked_360_unsupported_semantics,0.0809999999999959,,,,,,,,,C15,533862946a73608c134d18b78226b6371ce7173c
3895067,1,3,904,34,00:00:42.541,Carry,904,True,validated_core_event_team_scope,True,False,42.541,16,13e3148f-e1f5-46b5-929a-d4dc6755ebf6,True,True,True,safe_validated_frame_vector,51.5,49.4,51.5,49.4,49.7,50.3,51.5,49.4,49.7,50.3,-1.7999999999999972,0.8999999999999986,2.0124611797498075,17.795999999999996,Granit Xhaka,Bayer Leverkusen,,,validated_spatial_anchor,0.0,56.2,6.5,,,negative_0002,1.0,nonpositive_0002,1.0,C15,533862946a73608c134d18b78226b6371ce7173c
3895067,1,3,904,35,00:00:42.831,Pass,904,True,validated_core_event_team_scope,True,False,42.831,17,468623e8-7e76-4b78-b553-f607b9fb4b07,True,True,True,safe_validated_frame_vector,49.7,50.3,49.7,50.3,33.6,52.3,49.7,50.3,33.6,52.3,-16.1,2.0,16.22374802565671,18.086,Granit Xhaka,Bayer Leverkusen,,,validated_spatial_anchor,0.2900000000000062,56.2,22.6,,,negative_0002,2.0,nonpositive_0002,2.0,C15,533862946a73608c134d18b78226b6371ce7173c
3895067,1,3,904,36,00:00:44.071,Ball Receipt*,904,True,unsupported_event_type,False,False,44.071,18,4334c761-3d76-4734-89ce-0d25fd4d1d5c,False,False,False,not_leverkusen_pass_carry,,,33.6,52.3,,,,,,,,,,19.326,Jonathan Tah,Bayer Leverkusen,,,linked_360_unsupported_semantics,1.2399999999999949,,,,,,,,,C15,533862946a73608c134d18b78226b6371ce7173c
3895067,1,3,904,37,00:00:44.071,Carry,904,True,validated_core_event_team_scope,True,False,44.071,19,de2f5dd9-8866-4731-8ba6-b62075693025,True,True,True,safe_validated_frame_vector,33.6,52.3,33.6,52.3,41.6,41.1,33.6,52.3,41.6,41.1,8.0,-11.199999999999996,13.7637204272682,19.326,Jonathan Tah,Bayer Leverkusen,,,validated_spatial_anchor,0.0,56.2,14.6,positive_0003,1.0,,,,,C15,533862946a73608c134d18b78226b6371ce7173c
3895067,1,3,904,38,00:00:48.209,Pass,904,True,validated_core_event_team_scope,True,False,48.209,20,04713f82-6bc1-4e6b-904b-eb4fd56d5eb3,True,True,True,safe_validated_frame_vector,41.6,41.1,41.6,41.1,52.7,39.1,41.6,41.1,52.7,39.1,11.1,-2.0,11.278741064498291,23.464,Jonathan Tah,Bayer Leverkusen,,,validated_spatial_anchor,4.138000000000005,56.2,3.5,positive_0003,2.0,,,,,C15,533862946a73608c134d18b78226b6371ce7173c
3895067,1,3,904,39,00:00:48.866,Ball Receipt*,904,True,unsupported_event_type,False,False,48.866,21,5f268cd7-74fc-4aea-9caa-8cdf9d717648,False,False,False,not_leverkusen_pass_carry,,,52.7,39.1,,,,,,,,,,24.121,Granit Xhaka,Bayer Leverkusen,,,linked_360_unsupported_semantics,0.6569999999999965,,,,,,,,,C15,533862946a73608c134d18b78226b6371ce7173c
3895067,1,3,904,40,00:00:48.866,Carry,904,True,validated_core_event_team_scope,True,False,48.866,22,76fa657c-52d9-444e-8432-b36a4d76771f,True,True,True,safe_validated_frame_vector,52.7,39.1,52.7,39.1,51.5,37.6,52.7,39.1,51.5,37.6,-1.2000000000000028,-1.5,1.920937271229856,24.121,Granit Xhaka,Bayer Leverkusen,,,validated_spatial_anchor,0.0,56.2,4.700000000000003,,,negative_0003,1.0,nonpositive_0003,1.0,C15,533862946a73608c134d18b78226b6371ce7173c
3895067,1,3,904,41,00:00:50.497,Pass,904,True,validated_core_event_team_scope,True,False,50.497,23,efcf17d5-c042-4aaf-b0d7-93d7c93295e4,True,True,True,safe_validated_frame_vector,51.5,37.6,51.5,37.6,56.6,46.4,51.5,37.6,56.6,46.4,5.100000000000001,8.799999999999997,10.171037311896953,25.752,Granit Xhaka,Bayer Leverkusen,,,validated_spatial_anchor,1.6310000000000002,56.6,0.0,positive_0004,1.0,,,,,C15,533862946a73608c134d18b78226b6371ce7173c
3895067,1,3,904,42,00:00:51.188,Ball Receipt*,904,True,unsupported_event_type,False,False,51.188,24,671975c8-652d-4d37-a960-34ea283e6839,False,False,False,not_leverkusen_pass_carry,,,56.6,46.4,,,,,,,,,,26.443,Florian Wirtz,Bayer Leverkusen,,,linked_360_unsupported_semantics,0.6910000000000025,,,,,,,,,C15,533862946a73608c134d18b78226b6371ce7173c
3895067,1,3,904,43,00:00:51.188,Carry,904,True,validated_core_event_team_scope,True,False,51.188,25,dd68b07e-7dda-40cd-be54-f8f588fb2d65,True,True,True,safe_validated_frame_vector,56.6,46.4,56.6,46.4,56.6,46.4,56.6,46.4,56.6,46.4,0.0,0.0,0.0,26.443,Florian Wirtz,Bayer Leverkusen,,,validated_spatial_anchor,0.0,56.6,0.0,,,,,nonpositive_0004,1.0,C15,533862946a73608c134d18b78226b6371ce7173c
3895067,1,3,904,44,00:00:51.456,Pass,904,True,validated_core_event_team_scope,True,False,51.456,26,a204aa5b-dd2a-4419-b242-75fb830e408a,True,True,True,safe_validated_frame_vector,56.6,46.4,56.6,46.4,49.5,57.9,56.6,46.4,49.5,57.9,-7.100000000000001,11.5,13.515176654413365,26.711,Florian Wirtz,Bayer Leverkusen,,,validated_spatial_anchor,0.2680000000000007,56.6,7.100000000000001,,,negative_0004,1.0,nonpositive_0004,2.0,C15,533862946a73608c134d18b78226b6371ce7173c
3895067,1,3,904,45,00:00:52.656,Ball Receipt*,904,True,unsupported_event_type,False,False,52.656,27,b6598ae5-294f-495f-8871-3ed5da30a210,False,False,False,not_leverkusen_pass_carry,,,49.5,57.9,,,,,,,,,,27.911,Odilon Kossonou,Bayer Leverkusen,,,linked_360_unsupported_semantics,1.1999999999999955,,,,,,,,,C15,533862946a73608c134d18b78226b6371ce7173c
3895067,1,3,904,46,00:00:52.656,Carry,904,True,validated_core_event_team_scope,True,False,52.656,28,6258c422-389a-4b00-9a65-a893eb7f7fbd,True,True,True,safe_validated_frame_vector,49.5,57.9,49.5,57.9,57.1,63.4,49.5,57.9,57.1,63.4,7.600000000000001,5.5,9.381364506296514,27.911,Odilon Kossonou,Bayer Leverkusen,,,validated_spatial_anchor,0.0,57.1,0.0,positive_0005,1.0,,,,,C15,533862946a73608c134d18b78226b6371ce7173c
3895067,1,3,904,47,00:00:53.834,Pressure,872,True,validated_core_event_team_scope,True,False,53.834,29,e9064962-a3ad-4469-be2a-58f85fcc0a21,False,False,False,not_leverkusen_pass_carry,56.1,60.1,63.9,19.9,,,,,,,,,,29.089,Oscar Vilhelmsson,Darmstadt 98,,,validated_spatial_anchor,1.1780000000000044,,,,,,,,,C15,533862946a73608c134d18b78226b6371ce7173c
3895067,1,3,904,48,00:00:54.498,Pass,904,True,validated_core_event_team_scope,True,False,54.498,30,4e0d3771-4b3b-409c-98fd-b89277a436ea,True,True,True,safe_validated_frame_vector,57.1,63.4,57.1,63.4,59.8,73.4,57.1,63.4,59.8,73.4,2.699999999999996,10.000000000000009,10.358088626768945,29.753,Odilon Kossonou,Bayer Leverkusen,,,validated_spatial_anchor,0.6639999999999944,59.8,0.0,positive_0005,2.0,,,,,C15,533862946a73608c134d18b78226b6371ce7173c
3895067,1,3,904,49,00:00:55.163,Ball Receipt*,904,True,unsupported_event_type,False,False,55.163,31,f39a69f5-2e2b-496a-9f94-591e8b152d22,False,False,False,not_leverkusen_pass_carry,,,59.8,73.4,,,,,,,,,,30.418,Jonas Hofmann,Bayer Leverkusen,,,linked_360_unsupported_semantics,0.6649999999999991,,,,,,,,,C15,533862946a73608c134d18b78226b6371ce7173c
3895067,1,3,904,50,00:00:55.163,Carry,904,True,validated_core_event_team_scope,True,False,55.163,32,c96ef0ba-2909-41e9-a9b0-43407092a108,True,True,True,safe_validated_frame_vector,59.8,73.4,59.8,73.4,59.8,73.4,59.8,73.4,59.8,73.4,0.0,0.0,0.0,30.418,Jonas Hofmann,Bayer Leverkusen,,,validated_spatial_anchor,0.0,59.8,0.0,,,,,nonpositive_0005,1.0,C15,533862946a73608c134d18b78226b6371ce7173c
3895067,1,3,904,51,00:00:55.186,Pass,904,True,validated_core_event_team_scope,True,False,55.186,33,d1da2207-3155-4079-bbef-e54815cde0d4,True,True,True,safe_validated_frame_vector,59.8,73.4,59.8,73.4,44.4,50.3,59.8,73.4,44.4,50.3,-15.4,-23.10000000000001,27.76274482107272,30.441,Jonas Hofmann,Bayer Leverkusen,,,validated_spatial_anchor,0.0230000000000032,59.8,15.4,,,negative_0005,1.0,nonpositive_0005,2.0,C15,533862946a73608c134d18b78226b6371ce7173c
3895067,1,3,904,52,00:00:57.129,Ball Receipt*,904,True,unsupported_event_type,False,False,57.129,34,d377d77b-8a2f-4385-b85e-ff34ae6fc979,False,False,False,not_leverkusen_pass_carry,,,44.4,50.3,,,,,,,,,,32.384,Jonathan Tah,Bayer Leverkusen,,,linked_360_unsupported_semantics,1.9429999999999976,,,,,,,,,C15,533862946a73608c134d18b78226b6371ce7173c
3895067,1,3,904,53,00:00:57.129,Carry,904,True,validated_core_event_team_scope,True,False,57.129,35,18d94d6f-1440-4daa-80a9-47f19ee5186b,True,True,True,safe_validated_frame_vector,44.4,50.3,44.4,50.3,54.5,43.8,44.4,50.3,54.5,43.8,10.1,-6.5,12.010828447696689,32.384,Jonathan Tah,Bayer Leverkusen,,,validated_spatial_anchor,0.0,59.8,5.299999999999997,positive_0006,1.0,,,,,C15,533862946a73608c134d18b78226b6371ce7173c
3895067,1,3,904,54,00:00:59.839,Pass,904,True,validated_core_event_team_scope,True,False,59.839,36,8be02bf7-5395-4605-b57b-8f501e04d189,True,True,True,safe_validated_frame_vector,54.5,43.8,54.5,43.8,62.6,46.8,54.5,43.8,62.6,46.8,8.100000000000001,3.0,8.637708029332783,35.093999999999994,Jonathan Tah,Bayer Leverkusen,,,validated_spatial_anchor,2.710000000000001,62.6,0.0,positive_0006,2.0,,,,,C15,533862946a73608c134d18b78226b6371ce7173c
3895067,1,3,904,55,00:01:00.488,Ball Receipt*,904,True,unsupported_event_type,False,False,60.488,37,14bd2c1c-b359-4192-a0ae-90ad860f3371,False,False,False,not_leverkusen_pass_carry,,,62.6,46.8,,,,,,,,,,35.742999999999995,Granit Xhaka,Bayer Leverkusen,,,linked_360_unsupported_semantics,0.6490000000000009,,,,,,,,,C15,533862946a73608c134d18b78226b6371ce7173c
3895067,1,3,904,56,00:01:00.488,Carry,904,True,validated_core_event_team_scope,True,False,60.488,38,7ccea271-b2cf-40d9-8e25-30ed33e37625,True,True,True,safe_validated_frame_vector,62.6,46.8,62.6,46.8,62.6,43.8,62.6,46.8,62.6,43.8,0.0,-3.0,3.0,35.742999999999995,Granit Xhaka,Bayer Leverkusen,,,validated_spatial_anchor,0.0,62.6,0.0,,,,,nonpositive_0006,1.0,C15,533862946a73608c134d18b78226b6371ce7173c
3895067,1,3,904,57,00:01:01.234,Pass,904,True,validated_core_event_team_scope,True,False,61.234,39,f6c45edb-47d0-4be4-b045-3ba176307346,True,True,True,safe_validated_frame_vector,62.6,43.8,62.6,43.8,57.7,16.9,62.6,43.8,57.7,16.9,-4.899999999999999,-26.9,27.34264069178396,36.489,Granit Xhaka,Bayer Leverkusen,,,validated_spatial_anchor,0.7460000000000022,62.6,4.899999999999999,,,negative_0006,1.0,nonpositive_0006,2.0,C15,533862946a73608c134d18b78226b6371ce7173c
3895067,1,3,904,58,00:01:02.474,Ball Receipt*,904,True,unsupported_event_type,False,False,62.474,40,d26fbd2e-8f2e-4866-bdbe-c8760f22c74d,False,False,False,not_leverkusen_pass_carry,,,57.7,16.9,,,,,,,,,,37.729,Edmond Fayçal Tapsoba,Bayer Leverkusen,,,linked_360_unsupported_semantics,1.2399999999999949,,,,,,,,,C15,533862946a73608c134d18b78226b6371ce7173c
3895067,1,3,904,59,00:01:02.474,Carry,904,True,validated_core_event_team_scope,True,False,62.474,41,1fdb765d-367a-4525-b795-03e1041c7b47,True,True,True,safe_validated_frame_vector,57.7,16.9,57.7,16.9,76.7,12.7,57.7,16.9,76.7,12.7,19.0,-4.199999999999999,19.458674158328463,37.729,Edmond Fayçal Tapsoba,Bayer Leverkusen,,,validated_spatial_anchor,0.0,76.7,0.0,positive_0007,1.0,,,,,C15,533862946a73608c134d18b78226b6371ce7173c
3895067,1,3,904,60,00:01:08.048,Pass,904,True,validated_core_event_team_scope,True,False,68.048,42,b4990958-c5e9-4397-98fb-8b00e533bd8d,True,True,True,safe_validated_frame_vector,76.7,12.7,76.7,12.7,76.7,30.9,76.7,12.7,76.7,30.9,0.0,18.2,18.2,43.303,Edmond Fayçal Tapsoba,Bayer Leverkusen,,,validated_spatial_anchor,5.574000000000005,76.7,0.0,,,,,,,C15,533862946a73608c134d18b78226b6371ce7173c
3895067,1,3,904,61,00:01:08.848,Ball Receipt*,904,True,unsupported_event_type,False,False,68.848,43,36f8affa-15ee-4df1-9318-99c8bafa69d9,False,False,False,not_leverkusen_pass_carry,,,76.7,30.9,,,,,,,,,,44.103,Granit Xhaka,Bayer Leverkusen,,,linked_360_unsupported_semantics,0.7999999999999972,,,,,,,,,C15,533862946a73608c134d18b78226b6371ce7173c
3895067,1,3,904,62,00:01:08.848,Carry,904,True,validated_core_event_team_scope,True,False,68.848,44,f86f35a5-e792-4bba-a580-a9faaf7b91b8,True,True,True,safe_validated_frame_vector,76.7,30.9,76.7,30.9,78.2,28.0,76.7,30.9,78.2,28.0,1.5,-2.8999999999999986,3.2649655434629,44.103,Granit Xhaka,Bayer Leverkusen,,,validated_spatial_anchor,0.0,78.2,0.0,positive_0008,1.0,,,,,C15,533862946a73608c134d18b78226b6371ce7173c
3895067,1,3,904,63,00:01:10.003,Pass,904,True,validated_core_event_team_scope,True,False,70.003,45,8d519b7c-5ec8-4ac8-84c9-0452499a59e4,True,True,True,safe_validated_frame_vector,78.2,28.0,78.2,28.0,84.7,16.2,78.2,28.0,84.7,16.2,6.5,-11.8,13.471822445385778,45.258,Granit Xhaka,Bayer Leverkusen,,,validated_spatial_anchor,1.1550000000000011,84.7,0.0,positive_0008,2.0,,,,,C15,533862946a73608c134d18b78226b6371ce7173c
3895067,1,3,904,64,00:01:10.814,Ball Receipt*,904,True,unsupported_event_type,False,False,70.814,46,2d4baaec-2c5a-4ff2-8313-30f9417e93b8,False,False,False,not_leverkusen_pass_carry,,,84.7,16.2,,,,,,,,,,46.06899999999999,Exequiel Alejandro Palacios,Bayer Leverkusen,,,linked_360_unsupported_semantics,0.8109999999999928,,,,,,,,,C15,533862946a73608c134d18b78226b6371ce7173c
3895067,1,3,904,65,00:01:10.814,Pass,904,True,validated_core_event_team_scope,True,False,70.814,47,5479badb-65f4-40d6-877b-c6d336d4f055,True,True,True,safe_validated_frame_vector,84.7,16.2,84.7,16.2,75.8,10.2,84.7,16.2,75.8,10.2,-8.900000000000006,-6.0,10.73359212938521,46.06899999999999,Exequiel Alejandro Palacios,Bayer Leverkusen,,,validated_spatial_anchor,0.0,84.7,8.900000000000006,,,negative_0007,1.0,nonpositive_0007,1.0,C15,533862946a73608c134d18b78226b6371ce7173c
3895067,1,3,904,66,00:01:11.884,Ball Receipt*,904,True,unsupported_event_type,False,False,71.884,48,0f5b1f64-76db-4a0a-9aa2-19720783e25e,False,False,False,not_leverkusen_pass_carry,,,75.8,10.2,,,,,,,,,,47.139,Edmond Fayçal Tapsoba,Bayer Leverkusen,,,linked_360_unsupported_semantics,1.0700000000000074,,,,,,,,,C15,533862946a73608c134d18b78226b6371ce7173c
3895067,1,3,904,67,00:01:11.884,Carry,904,True,validated_core_event_team_scope,True,False,71.884,49,a1e9cef7-0191-43da-803d-5de771649a04,True,True,True,safe_validated_frame_vector,75.8,10.2,75.8,10.2,56.8,22.2,75.8,10.2,56.8,22.2,-19.0,12.0,22.47220505424423,47.139,Edmond Fayçal Tapsoba,Bayer Leverkusen,,,validated_spatial_anchor,0.0,84.7,27.90000000000001,,,negative_0007,2.0,nonpositive_0007,2.0,C15,533862946a73608c134d18b78226b6371ce7173c
3895067,1,3,904,68,00:01:17.784,Pass,904,False,no_360_frame,False,False,77.784,50,068a8c35-4ab7-43d1-8463-c4452fd842bd,False,True,True,unsupported_or_unlinked_frame,,,56.8,22.2,66.8,28.2,,,,,,,,53.039,Edmond Fayçal Tapsoba,Bayer Leverkusen,,,no_360_frame,5.900000000000006,,,,,,,,,C15,533862946a73608c134d18b78226b6371ce7173c
3895067,1,3,904,69,00:01:18.555,Ball Receipt*,904,True,unsupported_event_type,False,False,78.555,51,bbf03926-59ca-4606-9ea2-3cd31eb2fff9,False,False,False,not_leverkusen_pass_carry,,,66.8,28.2,,,,,,,,,,53.81,Granit Xhaka,Bayer Leverkusen,,,linked_360_unsupported_semantics,0.7710000000000008,,,,,,,,,C15,533862946a73608c134d18b78226b6371ce7173c
3895067,1,3,904,70,00:01:18.555,Carry,904,True,validated_core_event_team_scope,True,False,78.555,52,6fc5bbd2-8105-451e-ad72-538d52fdd810,True,True,True,safe_validated_frame_vector,66.8,28.2,66.8,28.2,63.5,33.5,66.8,28.2,63.5,33.5,-3.299999999999997,5.300000000000001,6.2433965115151855,53.81,Granit Xhaka,Bayer Leverkusen,,,validated_spatial_anchor,0.0,84.7,21.200000000000003,,,negative_0007,3.0,nonpositive_0007,3.0,C15,533862946a73608c134d18b78226b6371ce7173c
3895067,1,3,904,71,00:01:19.826,Pass,904,True,validated_core_event_team_scope,True,False,79.826,53,0cff468a-4801-4e93-bdff-e3cf0fb9e825,True,True,True,safe_validated_frame_vector,63.5,33.5,63.5,33.5,52.4,38.8,63.5,33.5,52.4,38.8,-11.1,5.299999999999997,12.300406497347964,55.08099999999999,Granit Xhaka,Bayer Leverkusen,,,validated_spatial_anchor,1.2709999999999866,84.7,32.300000000000004,,,negative_0007,4.0,nonpositive_0007,4.0,C15,533862946a73608c134d18b78226b6371ce7173c
3895067,1,3,904,72,00:01:20.671,Ball Receipt*,904,True,unsupported_event_type,False,False,80.671,54,030b5453-777e-489d-9691-bca667cdbb07,False,False,False,not_leverkusen_pass_carry,,,52.4,38.8,,,,,,,,,,55.926,Jonathan Tah,Bayer Leverkusen,,,linked_360_unsupported_semantics,0.8450000000000131,,,,,,,,,C15,533862946a73608c134d18b78226b6371ce7173c
3895067,1,3,904,73,00:01:20.671,Carry,904,True,validated_core_event_team_scope,True,False,80.671,55,b3e931e5-5dc9-4367-8a43-f27bd647d688,True,True,True,safe_validated_frame_vector,52.4,38.8,52.4,38.8,53.3,40.0,52.4,38.8,53.3,40.0,0.8999999999999986,1.2000000000000028,1.5000000000000016,55.926,Jonathan Tah,Bayer Leverkusen,,,validated_spatial_anchor,0.0,84.7,31.40000000000001,positive_0009,1.0,,,,,C15,533862946a73608c134d18b78226b6371ce7173c
3895067,1,3,904,74,00:01:22.330,Pass,904,True,validated_core_event_team_scope,True,False,82.33,56,7f9bca75-fdac-456a-a077-a1b6679635f9,True,True,True,safe_validated_frame_vector,53.3,40.0,53.3,40.0,61.7,58.2,53.3,40.0,61.7,58.2,8.400000000000006,18.200000000000003,20.0449494885869,57.585,Jonathan Tah,Bayer Leverkusen,,,validated_spatial_anchor,1.6589999999999918,84.7,23.0,positive_0009,2.0,,,,,C15,533862946a73608c134d18b78226b6371ce7173c
3895067,1,3,904,75,00:01:23.530,Ball Receipt*,904,True,unsupported_event_type,False,False,83.53,57,29ebd69c-b1d1-4dc7-b54b-31a857a4d433,False,False,False,not_leverkusen_pass_carry,,,61.7,58.2,,,,,,,,,,58.785,Odilon Kossonou,Bayer Leverkusen,,,linked_360_unsupported_semantics,1.2000000000000028,,,,,,,,,C15,533862946a73608c134d18b78226b6371ce7173c
3895067,1,3,904,76,00:01:23.530,Carry,904,True,validated_core_event_team_scope,True,False,83.53,58,e6de5b8f-521e-495c-bcc2-1496fe2c2457,True,True,True,safe_validated_frame_vector,61.7,58.2,61.7,58.2,63.0,59.6,61.7,58.2,63.0,59.6,1.2999999999999972,1.3999999999999986,1.9104973174542768,58.785,Odilon Kossonou,Bayer Leverkusen,,,validated_spatial_anchor,0.0,84.7,21.700000000000003,positive_0009,3.0,,,,,C15,533862946a73608c134d18b78226b6371ce7173c
3895067,1,3,904,77,00:01:24.672,Pass,904,True,validated_core_event_team_scope,True,False,84.672,59,56f7af39-fd83-4562-94a1-ef575eab5c2f,True,True,True,safe_validated_frame_vector,63.0,59.6,63.0,59.6,73.9,66.0,63.0,59.6,73.9,66.0,10.900000000000006,6.399999999999999,12.64001582277491,59.92699999999999,Odilon Kossonou,Bayer Leverkusen,,,validated_spatial_anchor,1.141999999999996,84.7,10.799999999999995,positive_0009,4.0,,,,,C15,533862946a73608c134d18b78226b6371ce7173c
3895067,1,3,904,78,00:01:25.663,Ball Receipt*,904,True,unsupported_event_type,False,False,85.663,60,5f0b504c-329e-4a36-9b61-e4fcfa79dbad,False,False,False,not_leverkusen_pass_carry,,,73.9,66.0,,,,,,,,,,60.91799999999999,Jonas Hofmann,Bayer Leverkusen,,,linked_360_unsupported_semantics,0.9909999999999995,,,,,,,,,C15,533862946a73608c134d18b78226b6371ce7173c
3895067,1,3,904,79,00:01:25.663,Carry,904,True,validated_core_event_team_scope,True,False,85.663,61,8b9f3b73-7860-4cab-accb-f394ff0cf96f,True,True,True,safe_validated_frame_vector,73.9,66.0,73.9,66.0,73.9,66.0,73.9,66.0,73.9,66.0,0.0,0.0,0.0,60.91799999999999,Jonas Hofmann,Bayer Leverkusen,,,validated_spatial_anchor,0.0,84.7,10.799999999999995,,,,,nonpositive_0008,1.0,C15,533862946a73608c134d18b78226b6371ce7173c
3895067,1,3,904,80,00:01:25.723,Pass,904,True,validated_core_event_team_scope,True,False,85.723,62,6521de44-af00-4c95-a37f-4936185cbd0c,True,True,True,safe_validated_frame_vector,73.9,66.0,73.9,66.0,67.4,55.8,73.9,66.0,67.4,55.8,-6.5,-10.200000000000005,12.095040305844378,60.978,Jonas Hofmann,Bayer Leverkusen,,,validated_spatial_anchor,0.0600000000000022,84.7,17.299999999999997,,,negative_0008,1.0,nonpositive_0008,2.0,C15,533862946a73608c134d18b78226b6371ce7173c
3895067,1,3,904,81,00:01:26.788,Ball Receipt*,904,True,unsupported_event_type,False,False,86.788,63,9f6e6858-572d-4258-b587-e91b56d684d3,False,False,False,not_leverkusen_pass_carry,,,67.4,55.8,,,,,,,,,,62.04299999999999,Granit Xhaka,Bayer Leverkusen,,,linked_360_unsupported_semantics,1.0649999999999975,,,,,,,,,C15,533862946a73608c134d18b78226b6371ce7173c
3895067,1,3,904,82,00:01:26.788,Pass,904,True,validated_core_event_team_scope,True,False,86.788,64,a4f84a5e-7d03-4a36-97ae-d1ad5b9e1121,True,True,True,safe_validated_frame_vector,67.4,55.8,67.4,55.8,90.8,61.4,67.4,55.8,90.8,61.4,23.39999999999999,5.600000000000001,24.060756430336923,62.04299999999999,Granit Xhaka,Bayer Leverkusen,pass.outcome:Incomplete,,validated_spatial_anchor,0.0,90.8,0.0,positive_0010,1.0,,,,,C15,533862946a73608c134d18b78226b6371ce7173c
3895067,1,3,904,83,00:01:28.466,Ball Receipt*,904,True,unsupported_event_type,False,False,88.466,65,d9b493eb-d245-442c-9601-4b14887e636d,False,False,False,not_leverkusen_pass_carry,,,89.6,61.1,,,,,,,,,,63.72099999999999,Victor Okoh Boniface,Bayer Leverkusen,ball_receipt.outcome:Incomplete,,linked_360_unsupported_semantics,1.6779999999999973,,,,,,,,,C15,533862946a73608c134d18b78226b6371ce7173c
3895067,1,3,904,84,00:01:28.466,Pass,872,True,validated_core_event_team_scope,True,False,88.466,66,2d52eb52-cff2-401e-a12e-b6299e0198b1,False,False,False,not_leverkusen_pass_carry,90.7,61.3,29.3,18.7,,,,,,,,,,63.72099999999999,Fabian Nürnberger,Darmstadt 98,pass.outcome:Incomplete;pass.type:Recovery,,validated_spatial_anchor,0.0,,,,,,,,,C15,533862946a73608c134d18b78226b6371ce7173c
3895067,1,3,904,85,00:01:31.044,Ball Receipt*,872,True,unsupported_event_type,False,False,91.044,67,70c06522-06f2-43da-a2bd-4356b359a600,False,False,False,not_leverkusen_pass_carry,,,31.0,28.1,,,,,,,,,,66.29899999999999,Bartol Franjić,Darmstadt 98,ball_receipt.outcome:Incomplete,,linked_360_unsupported_semantics,2.578000000000003,,,,,,,,,C15,533862946a73608c134d18b78226b6371ce7173c
3895067,1,3,904,86,00:01:31.044,Pass,904,True,validated_core_event_team_scope,True,False,91.044,68,b0a8fbce-c821-491c-a37f-da9d3746ba52,True,True,True,safe_validated_frame_vector,87.5,43.8,87.5,43.8,86.4,60.9,87.5,43.8,86.4,60.9,-1.0999999999999943,17.1,17.13534359153618,66.29899999999999,Victor Okoh Boniface,Bayer Leverkusen,pass.type:Recovery,,validated_spatial_anchor,0.0,90.8,4.399999999999992,,,negative_0009,1.0,nonpositive_0009,1.0,C15,533862946a73608c134d18b78226b6371ce7173c
3895067,1,3,904,87,00:01:31.875,Ball Receipt*,904,True,unsupported_event_type,False,False,91.875,69,dd6208c4-623c-488d-be28-3134d724633f,False,False,False,not_leverkusen_pass_carry,,,86.4,60.9,,,,,,,,,,67.13,Jonas Hofmann,Bayer Leverkusen,,,linked_360_unsupported_semantics,0.8310000000000031,,,,,,,,,C15,533862946a73608c134d18b78226b6371ce7173c
3895067,1,3,904,88,00:01:31.875,Carry,904,True,validated_core_event_team_scope,True,False,91.875,70,5b7445ba-ce8f-482b-8d65-82b1b4f2988a,True,True,True,safe_validated_frame_vector,86.4,60.9,86.4,60.9,84.9,57.0,86.4,60.9,84.9,57.0,-1.5,-3.899999999999999,4.178516483155234,67.13,Jonas Hofmann,Bayer Leverkusen,,,validated_spatial_anchor,0.0,90.8,5.899999999999992,,,negative_0009,2.0,nonpositive_0009,2.0,C15,533862946a73608c134d18b78226b6371ce7173c
3895067,1,3,904,89,00:01:34.178,Pass,904,True,validated_core_event_team_scope,True,False,94.178,71,f0ddd78d-dbb8-4d59-a5a9-59a4471fb126,True,True,True,safe_validated_frame_vector,84.9,57.0,84.9,57.0,82.9,31.2,84.9,57.0,82.9,31.2,-2.0,-25.8,25.877403270034648,69.43299999999999,Jonas Hofmann,Bayer Leverkusen,,,validated_spatial_anchor,2.3029999999999973,90.8,7.899999999999991,,,negative_0009,3.0,nonpositive_0009,3.0,C15,533862946a73608c134d18b78226b6371ce7173c
3895067,1,3,904,90,00:01:35.378,Ball Receipt*,904,True,unsupported_event_type,False,False,95.378,72,6d272944-e0e1-4bba-95ea-74ddbcd89857,False,False,False,not_leverkusen_pass_carry,,,82.9,31.2,,,,,,,,,,70.633,Exequiel Alejandro Palacios,Bayer Leverkusen,,,linked_360_unsupported_semantics,1.2000000000000028,,,,,,,,,C15,533862946a73608c134d18b78226b6371ce7173c
3895067,1,3,904,91,00:01:35.378,Carry,904,True,validated_core_event_team_scope,True,False,95.378,73,e72b1bcb-24bf-49c9-b727-7e1159f070d7,True,True,True,safe_validated_frame_vector,82.9,31.2,82.9,31.2,84.0,31.2,82.9,31.2,84.0,31.2,1.0999999999999943,0.0,1.0999999999999943,70.633,Exequiel Alejandro Palacios,Bayer Leverkusen,,,validated_spatial_anchor,0.0,90.8,6.799999999999997,positive_0011,1.0,,,,,C15,533862946a73608c134d18b78226b6371ce7173c
3895067,1,3,904,92,00:01:37.429,Pass,904,True,validated_core_event_team_scope,True,False,97.429,74,4e0c0132-c685-4866-babe-f1f6449ebb28,True,True,True,safe_validated_frame_vector,84.0,31.2,84.0,31.2,102.5,39.7,84.0,31.2,102.5,39.7,18.5,8.500000000000004,20.359273071502333,72.684,Exequiel Alejandro Palacios,Bayer Leverkusen,pass.outcome:Incomplete,,validated_spatial_anchor,2.051000000000002,102.5,0.0,positive_0011,2.0,,,,,C15,533862946a73608c134d18b78226b6371ce7173c
3895067,1,3,904,93,00:01:38.344,Ball Receipt*,904,True,unsupported_event_type,False,False,98.344,75,c0f7d5c0-0cc1-4b31-b688-e44c5aeb403a,False,False,False,not_leverkusen_pass_carry,,,103.7,43.2,,,,,,,,,,73.59899999999999,Florian Wirtz,Bayer Leverkusen,ball_receipt.outcome:Incomplete,,linked_360_unsupported_semantics,0.914999999999992,,,,,,,,,C15,533862946a73608c134d18b78226b6371ce7173c
3895067,1,3,904,94,00:01:38.344,Clearance,872,True,unsupported_event_type,False,False,98.344,76,904d4597-9a8b-4c50-b89c-5e1276d64954,False,False,False,not_leverkusen_pass_carry,,,17.6,40.4,,,,,,,,,,73.59899999999999,Christoph Zimmermann,Darmstadt 98,type:Clearance,,linked_360_unsupported_semantics,0.0,,,,,,,,,C15,533862946a73608c134d18b78226b6371ce7173c
3895067,1,3,904,95,00:01:40.512,Pass,904,True,validated_core_event_team_scope,True,False,100.512,77,0210955c-5e97-4eaa-962a-9b505438af33,True,True,True,safe_validated_frame_vector,106.0,55.8,106.0,55.8,101.3,52.9,106.0,55.8,101.3,52.9,-4.700000000000003,-2.8999999999999986,5.522680508593632,75.767,Jeremie Frimpong,Bayer Leverkusen,pass.type:Recovery,,validated_spatial_anchor,2.1680000000000064,106.0,4.700000000000003,,,negative_0010,1.0,nonpositive_0010,1.0,C15,533862946a73608c134d18b78226b6371ce7173c
3895067,1,3,904,96,00:01:41.202,Ball Receipt*,904,True,unsupported_event_type,False,False,101.202,78,de7eb155-5947-48f4-a85b-989cf955acad,False,False,False,not_leverkusen_pass_carry,,,101.3,52.9,,,,,,,,,,76.457,Jonas Hofmann,Bayer Leverkusen,,,linked_360_unsupported_semantics,0.6899999999999977,,,,,,,,,C15,533862946a73608c134d18b78226b6371ce7173c
3895067,1,3,904,97,00:01:41.202,Carry,904,True,validated_core_event_team_scope,True,False,101.202,79,1e5fa95c-f7bb-4ee5-b98f-7e2a7d2d8740,True,True,True,safe_validated_frame_vector,101.3,52.9,101.3,52.9,99.3,55.6,101.3,52.9,99.3,55.6,-2.0,2.700000000000003,3.360059523282291,76.457,Jonas Hofmann,Bayer Leverkusen,,,validated_spatial_anchor,0.0,106.0,6.700000000000003,,,negative_0010,2.0,nonpositive_0010,2.0,C15,533862946a73608c134d18b78226b6371ce7173c
3895067,1,3,904,98,00:01:41.488,Pressure,872,True,validated_core_event_team_scope,True,False,101.488,80,8853c9b4-5f34-4c74-bb8e-5e91ea6e82fd,False,False,False,not_leverkusen_pass_carry,100.7,50.2,19.3,29.8,,,,,,,,,,76.743,Fabian Holland,Darmstadt 98,,,validated_spatial_anchor,0.2860000000000013,,,,,,,,,C15,533862946a73608c134d18b78226b6371ce7173c
3895067,1,3,904,99,00:01:43.421,Pass,904,True,validated_core_event_team_scope,True,False,103.421,81,b784b8bd-c600-44fd-8613-ef300f482c1b,True,True,True,safe_validated_frame_vector,99.3,55.6,99.3,55.6,91.1,59.3,99.3,55.6,91.1,59.3,-8.200000000000003,3.699999999999996,8.996110270555826,78.676,Jonas Hofmann,Bayer Leverkusen,,,validated_spatial_anchor,1.933000000000007,106.0,14.900000000000006,,,negative_0010,3.0,nonpositive_0010,3.0,C15,533862946a73608c134d18b78226b6371ce7173c
3895067,1,3,904,100,00:01:44.111,Ball Receipt*,904,True,unsupported_event_type,False,False,104.111,82,7b844904-4518-49e9-8d58-2d70f4261222,False,False,False,not_leverkusen_pass_carry,,,91.1,59.3,,,,,,,,,,79.366,Odilon Kossonou,Bayer Leverkusen,,,linked_360_unsupported_semantics,0.6899999999999977,,,,,,,,,C15,533862946a73608c134d18b78226b6371ce7173c
3895067,1,3,904,101,00:01:44.111,Carry,904,True,validated_core_event_team_scope,True,False,104.111,83,379b1c5d-9bb5-4352-b0dd-7d4224d24cf1,True,True,True,safe_validated_frame_vector,91.1,59.3,91.1,59.3,91.1,59.3,91.1,59.3,91.1,59.3,0.0,0.0,0.0,79.366,Odilon Kossonou,Bayer Leverkusen,,,validated_spatial_anchor,0.0,106.0,14.900000000000006,,,,,nonpositive_0010,4.0,C15,533862946a73608c134d18b78226b6371ce7173c
3895067,1,3,904,102,00:01:44.545,Pass,904,True,validated_core_event_team_scope,True,False,104.545,84,c65987b8-a2c4-47cb-a3a4-b90d6e934106,True,True,True,safe_validated_frame_vector,91.1,59.3,91.1,59.3,91.1,51.2,91.1,59.3,91.1,51.2,0.0,-8.099999999999994,8.099999999999994,79.8,Odilon Kossonou,Bayer Leverkusen,,,validated_spatial_anchor,0.4339999999999975,106.0,14.900000000000006,,,,,nonpositive_0010,5.0,C15,533862946a73608c134d18b78226b6371ce7173c
3895067,1,3,904,103,00:01:45.222,Ball Receipt*,904,True,unsupported_event_type,False,False,105.222,85,bc5ac9dc-cfb7-40ad-9fbb-76f4bc5fe84c,False,False,False,not_leverkusen_pass_carry,,,91.1,51.2,,,,,,,,,,80.47699999999999,Granit Xhaka,Bayer Leverkusen,,,linked_360_unsupported_semantics,0.6769999999999925,,,,,,,,,C15,533862946a73608c134d18b78226b6371ce7173c
3895067,1,3,904,104,00:01:45.222,Carry,904,True,validated_core_event_team_scope,True,False,105.222,86,e65f6899-862d-413f-8f65-7e29da7b66d1,True,True,True,safe_validated_frame_vector,91.1,51.2,91.1,51.2,91.1,51.2,91.1,51.2,91.1,51.2,0.0,0.0,0.0,80.47699999999999,Granit Xhaka,Bayer Leverkusen,,,validated_spatial_anchor,0.0,106.0,14.900000000000006,,,,,nonpositive_0010,6.0,C15,533862946a73608c134d18b78226b6371ce7173c
3895067,1,3,904,105,00:01:45.396,Pass,904,True,validated_core_event_team_scope,True,False,105.396,87,b7e73470-d092-435d-b493-4c5a02853b61,True,True,True,safe_validated_frame_vector,91.1,51.2,91.1,51.2,90.8,62.0,91.1,51.2,90.8,62.0,-0.2999999999999971,10.799999999999995,10.804165863221462,80.651,Granit Xhaka,Bayer Leverkusen,,,validated_spatial_anchor,0.1740000000000066,106.0,15.200000000000005,,,negative_0011,1.0,nonpositive_0010,7.0,C15,533862946a73608c134d18b78226b6371ce7173c
3895067,1,3,904,106,00:01:46.196,Ball Receipt*,904,True,unsupported_event_type,False,False,106.196,88,5007351f-cf6d-4f38-abfb-07149e361068,False,False,False,not_leverkusen_pass_carry,,,90.8,62.0,,,,,,,,,,81.451,Odilon Kossonou,Bayer Leverkusen,,,linked_360_unsupported_semantics,0.7999999999999972,,,,,,,,,C15,533862946a73608c134d18b78226b6371ce7173c
3895067,1,3,904,107,00:01:46.196,Carry,904,True,validated_core_event_team_scope,True,False,106.196,89,7c71c9e4-3c68-4d91-a719-0c1f3b736f50,True,True,True,safe_validated_frame_vector,90.8,62.0,90.8,62.0,91.1,60.9,90.8,62.0,91.1,60.9,0.2999999999999971,-1.1000000000000014,1.1401754250991385,81.451,Odilon Kossonou,Bayer Leverkusen,,,validated_spatial_anchor,0.0,106.0,14.900000000000006,positive_0012,1.0,,,,,C15,533862946a73608c134d18b78226b6371ce7173c
3895067,1,3,904,108,00:01:48.837,Pass,904,True,validated_core_event_team_scope,True,False,108.837,90,21dee0fb-5d81-48c1-8288-7f701d838295,True,True,True,safe_validated_frame_vector,91.1,60.9,91.1,60.9,105.2,69.6,91.1,60.9,105.2,69.6,14.100000000000009,8.699999999999996,16.568041525780895,84.092,Odilon Kossonou,Bayer Leverkusen,,,validated_spatial_anchor,2.6410000000000053,106.0,0.7999999999999972,positive_0012,2.0,,,,,C15,533862946a73608c134d18b78226b6371ce7173c
3895067,1,3,904,109,00:01:50.437,Ball Receipt*,904,True,unsupported_event_type,False,False,110.437,91,a9799eea-c672-4ecd-9ba0-90a736c24a87,False,False,False,not_leverkusen_pass_carry,,,105.2,69.6,,,,,,,,,,85.692,Jonas Hofmann,Bayer Leverkusen,,,linked_360_unsupported_semantics,1.5999999999999943,,,,,,,,,C15,533862946a73608c134d18b78226b6371ce7173c
3895067,1,3,904,110,00:01:50.437,Carry,904,True,validated_core_event_team_scope,True,False,110.437,92,e7340a13-792c-4042-b5d0-9ead45dbf21f,True,True,True,safe_validated_frame_vector,105.2,69.6,105.2,69.6,106.0,71.3,105.2,69.6,106.0,71.3,0.7999999999999972,1.7000000000000028,1.8788294228055948,85.692,Jonas Hofmann,Bayer Leverkusen,,,validated_spatial_anchor,0.0,106.0,0.0,positive_0012,3.0,,,,,C15,533862946a73608c134d18b78226b6371ce7173c
3895067,1,3,904,111,00:01:50.922,Pass,904,True,validated_core_event_team_scope,True,False,110.922,93,91483f9e-a629-476a-9701-36dbd203741d,True,True,True,safe_validated_frame_vector,106.0,71.3,106.0,71.3,106.3,36.1,106.0,71.3,106.3,36.1,0.2999999999999971,-35.2,35.20127838587683,86.17699999999999,Jonas Hofmann,Bayer Leverkusen,,,validated_spatial_anchor,0.4849999999999994,106.3,0.0,positive_0012,4.0,,,,,C15,533862946a73608c134d18b78226b6371ce7173c
3895067,1,3,904,112,00:01:52.867,Ball Receipt*,904,True,unsupported_event_type,False,False,112.867,94,7a548134-dd4e-470b-bfab-5d177d356f45,False,False,False,not_leverkusen_pass_carry,,,106.3,36.1,,,,,,,,,,88.122,Alejandro Grimaldo García,Bayer Leverkusen,,,linked_360_unsupported_semantics,1.9450000000000076,,,,,,,,,C15,533862946a73608c134d18b78226b6371ce7173c
3895067,1,3,904,113,00:01:52.867,Duel,872,True,unsupported_event_type,False,False,112.867,95,45002568-a496-4ab7-87a7-380e89d6640d,False,False,False,not_leverkusen_pass_carry,,,13.8,44.0,,,,,,,,,,88.122,Matthias Bader,Darmstadt 98,type:Duel,,linked_360_unsupported_semantics,0.0,,,,,,,,,C15,533862946a73608c134d18b78226b6371ce7173c
3895067,1,3,904,114,00:01:52.867,Shot,904,True,validated_core_event_team_scope,True,True,112.867,96,ddadd240-6377-490e-a404-b37b67a30fd4,False,False,False,not_leverkusen_pass_carry,106.3,36.1,106.3,36.1,,,,,,,,,,88.122,Alejandro Grimaldo García,Bayer Leverkusen,type:Shot,,validated_spatial_anchor,0.0,,,,,,,,,C15,533862946a73608c134d18b78226b6371ce7173c
3895067,1,3,904,115,00:01:53.018,Block,872,True,unsupported_event_type,False,False,113.018,97,d504c8cc-bf08-403b-9f0f-1d3dfc3b260c,False,False,False,not_leverkusen_pass_carry,,,13.0,43.6,,,,,,,,,,88.273,Matthias Bader,Darmstadt 98,type:Block,,linked_360_unsupported_semantics,0.1509999999999962,,,,,,,,,C15,533862946a73608c134d18b78226b6371ce7173c
3895067,1,3,904,116,00:01:53.088,Goal Keeper,872,False,no_360_frame,False,False,113.088,98,b50cfe07-9c82-4ab6-8959-f4124f7e95da,False,False,False,not_leverkusen_pass_carry,,,1.5,40.8,,,,,,,,,,88.34299999999999,Marcel Schuhen,Darmstadt 98,,,no_360_frame,0.0699999999999931,,,,,,,,,C15,533862946a73608c134d18b78226b6371ce7173c
3895067,1,3,904,117,00:01:54.001,Clearance,872,True,unsupported_event_type,False,False,114.001,99,0f2e3e9c-1659-4b1e-8767-68615acb8390,False,False,False,not_leverkusen_pass_carry,,,11.7,43.0,,,,,,,,,,89.256,Christoph Zimmermann,Darmstadt 98,type:Clearance,,linked_360_unsupported_semantics,0.9130000000000108,,,,,,,,,C15,533862946a73608c134d18b78226b6371ce7173c
3895067,1,3,904,118,00:01:55.871,Pass,904,True,validated_core_event_team_scope,True,False,115.871,100,0b564d85-b990-494e-92dc-f5c12a9ad7e7,True,True,True,safe_validated_frame_vector,90.5,28.6,90.5,28.6,99.3,37.4,90.5,28.6,99.3,37.4,8.799999999999997,8.799999999999997,12.445079348883231,91.126,Exequiel Alejandro Palacios,Bayer Leverkusen,pass.outcome:Incomplete;pass.type:Recovery,,validated_spatial_anchor,1.8699999999999903,106.3,7.0,positive_0012,5.0,,,,,C15,533862946a73608c134d18b78226b6371ce7173c
3895067,1,3,904,119,00:01:56.747,Ball Receipt*,904,True,unsupported_event_type,False,False,116.747,101,3297912b-e9f2-42e0-a8f7-19bca286fa92,False,False,False,not_leverkusen_pass_carry,,,99.9,38.5,,,,,,,,,,92.002,Victor Okoh Boniface,Bayer Leverkusen,ball_receipt.outcome:Incomplete,,linked_360_unsupported_semantics,0.8760000000000048,,,,,,,,,C15,533862946a73608c134d18b78226b6371ce7173c
3895067,1,3,904,120,00:01:56.747,Interception,872,True,unsupported_event_type,False,False,116.747,102,6b35b1b1-3299-4f91-9b89-b78502892306,False,False,False,not_leverkusen_pass_carry,,,20.8,42.7,,,,,,,,,,92.002,Bartol Franjić,Darmstadt 98,type:Interception;interception.outcome:Lost In Play,,linked_360_unsupported_semantics,0.0,,,,,,,,,C15,533862946a73608c134d18b78226b6371ce7173c
3895067,1,3,904,121,00:01:57.076,Injury Stoppage,904,False,no_360_frame,False,False,117.076,103,07e7d61f-9a36-47c6-9600-14f7c660e7be,False,False,False,not_leverkusen_pass_carry,,,,,,,,,,,,,,92.331,Granit Xhaka,Bayer Leverkusen,type:Injury Stoppage,,no_360_frame,0.3289999999999935,,,,,,,,,C15,533862946a73608c134d18b78226b6371ce7173c
3895067,1,3,904,122,00:03:11.552,Player Off,904,False,no_360_frame,False,False,191.552,104,8c83658d-4aba-4eba-bb77-5c21d3558273,False,False,False,not_leverkusen_pass_carry,,,,,,,,,,,,,,166.807,Alejandro Grimaldo García,Bayer Leverkusen,,,no_360_frame,74.476,,,,,,,,,C15,533862946a73608c134d18b78226b6371ce7173c
3895086,1,23,904,516,00:10:35.242,Ball Recovery,904,True,unsupported_event_type,False,False,635.242,0,b57ae386-1f29-48b4-b796-e31b90f82be6,False,False,False,not_leverkusen_pass_carry,,,27.8,61.5,,,,,,,,,,0.0,Odilon Kossonou,Bayer Leverkusen,type:Ball Recovery,,linked_360_unsupported_semantics,,,,,,,,,,C16,533862946a73608c134d18b78226b6371ce7173c
3895086,1,23,904,517,00:10:35.242,Carry,904,True,validated_core_event_team_scope,True,False,635.242,1,d4886d92-e291-4e78-9cf5-2eeae9ed2dca,True,True,True,safe_validated_frame_vector,27.8,61.5,27.8,61.5,38.0,51.9,27.8,61.5,38.0,51.9,10.2,-9.6,14.007141035914502,0.0,Odilon Kossonou,Bayer Leverkusen,,,validated_spatial_anchor,0.0,38.0,0.0,positive_0001,1.0,,,,,C16,533862946a73608c134d18b78226b6371ce7173c
3895086,1,23,904,518,00:10:38.163,Pass,904,True,validated_core_event_team_scope,True,False,638.163,2,17d6b6ec-003b-4349-ae2f-117e60e3ab31,True,True,True,safe_validated_frame_vector,38.0,51.9,38.0,51.9,42.2,23.6,38.0,51.9,42.2,23.6,4.200000000000003,-28.3,28.60996329952207,2.921000000000049,Odilon Kossonou,Bayer Leverkusen,,,validated_spatial_anchor,2.921000000000049,42.2,0.0,positive_0001,2.0,,,,,C16,533862946a73608c134d18b78226b6371ce7173c
3895086,1,23,904,519,00:10:39.928,Ball Receipt*,904,True,unsupported_event_type,False,False,639.928,3,0986272d-88e5-4c4a-97e9-5c950ea9731f,False,False,False,not_leverkusen_pass_carry,,,42.2,23.6,,,,,,,,,,4.686000000000036,Alejandro Grimaldo García,Bayer Leverkusen,,,linked_360_unsupported_semantics,1.7649999999999864,,,,,,,,,C16,533862946a73608c134d18b78226b6371ce7173c
3895086,1,23,904,520,00:10:39.928,Carry,904,True,validated_core_event_team_scope,True,False,639.928,4,34f341c3-56a6-40ec-9ddb-f48c4e8095df,True,True,True,safe_validated_frame_vector,42.2,23.6,42.2,23.6,65.6,20.2,42.2,23.6,65.6,20.2,23.39999999999999,-3.400000000000002,23.64571842850201,4.686000000000036,Alejandro Grimaldo García,Bayer Leverkusen,,,validated_spatial_anchor,0.0,65.6,0.0,positive_0001,3.0,,,,,C16,533862946a73608c134d18b78226b6371ce7173c
3895086,1,23,904,521,00:10:43.705,Pass,904,False,no_360_frame,False,False,643.705,5,547c0439-cf0e-4b48-a0d8-a3ffef03af8b,False,True,True,unsupported_or_unlinked_frame,,,65.6,20.2,62.5,24.7,,,,,,,,8.46300000000008,Alejandro Grimaldo García,Bayer Leverkusen,,,no_360_frame,3.777000000000044,,,,,,,,,C16,533862946a73608c134d18b78226b6371ce7173c
3895086,1,23,904,522,00:10:44.665,Ball Receipt*,904,True,unsupported_event_type,False,False,644.665,6,d3f9a2fb-9739-42a6-8838-059b01311631,False,False,False,not_leverkusen_pass_carry,,,62.5,24.7,,,,,,,,,,9.423000000000002,Granit Xhaka,Bayer Leverkusen,,,linked_360_unsupported_semantics,0.9599999999999228,,,,,,,,,C16,533862946a73608c134d18b78226b6371ce7173c
3895086,1,23,904,523,00:10:44.665,Carry,904,True,validated_core_event_team_scope,True,False,644.665,7,6c5e0143-3a02-49f7-9f8d-4fa7798f8829,True,True,True,safe_validated_frame_vector,62.5,24.7,62.5,24.7,70.2,21.1,62.5,24.7,70.2,21.1,7.700000000000003,-3.599999999999998,8.500000000000002,9.423000000000002,Granit Xhaka,Bayer Leverkusen,,,validated_spatial_anchor,0.0,70.2,0.0,positive_0001,4.0,,,,,C16,533862946a73608c134d18b78226b6371ce7173c
3895086,1,23,904,524,00:10:47.823,Pass,904,True,validated_core_event_team_scope,True,False,647.823,8,ae508a3a-3248-410c-8280-9ddf8f297ad9,True,True,True,safe_validated_frame_vector,70.2,21.1,70.2,21.1,80.1,28.1,70.2,21.1,80.1,28.1,9.899999999999991,7.0,12.124768039018306,12.581000000000016,Granit Xhaka,Bayer Leverkusen,,,validated_spatial_anchor,3.1580000000000155,80.1,0.0,positive_0001,5.0,,,,,C16,533862946a73608c134d18b78226b6371ce7173c
3895086,1,23,904,525,00:10:48.550,Ball Receipt*,904,True,unsupported_event_type,False,False,648.55,9,8825f2e9-d80f-455a-a8f2-660452efcdaf,False,False,False,not_leverkusen_pass_carry,,,80.1,28.1,,,,,,,,,,13.307999999999993,Florian Wirtz,Bayer Leverkusen,,,linked_360_unsupported_semantics,0.7269999999999754,,,,,,,,,C16,533862946a73608c134d18b78226b6371ce7173c
3895086,1,23,904,526,00:10:48.550,Carry,904,True,validated_core_event_team_scope,True,False,648.55,10,19b8ec05-78ff-4537-8a5b-ea5658df0ab8,True,True,True,safe_validated_frame_vector,80.1,28.1,80.1,28.1,83.7,28.9,80.1,28.1,83.7,28.9,3.6000000000000085,0.7999999999999972,3.6878177829171626,13.307999999999993,Florian Wirtz,Bayer Leverkusen,,,validated_spatial_anchor,0.0,83.7,0.0,positive_0001,6.0,,,,,C16,533862946a73608c134d18b78226b6371ce7173c
3895086,1,23,904,527,00:10:49.373,Pressure,201,True,validated_core_event_team_scope,True,False,649.373,11,02a032bd-b7a6-4d85-8af0-30c7cae8cbef,False,False,False,not_leverkusen_pass_carry,79.1,32.5,40.9,47.5,,,,,,,,,,14.131000000000084,Nikola Dovedan,FC Heidenheim,,,validated_spatial_anchor,0.8230000000000928,,,,,,,,,C16,533862946a73608c134d18b78226b6371ce7173c
3895086,1,23,904,528,00:10:50.333,Pass,904,True,validated_core_event_team_scope,True,False,650.333,12,361887d1-4eac-4644-a68e-3ed56d278b63,True,True,True,safe_validated_frame_vector,83.7,28.9,83.7,28.9,85.5,31.6,83.7,28.9,85.5,31.6,1.7999999999999972,2.700000000000003,3.244996147917591,15.091000000000008,Florian Wirtz,Bayer Leverkusen,pass.outcome:Incomplete,,validated_spatial_anchor,0.9599999999999228,85.5,0.0,positive_0001,7.0,,,,,C16,533862946a73608c134d18b78226b6371ce7173c
3895086,1,23,904,529,00:10:50.499,Ball Receipt*,904,True,unsupported_event_type,False,False,650.499,13,be8feef9-26a0-4082-ab4f-5a0a73c4fcf0,False,False,False,not_leverkusen_pass_carry,,,86.5,34.6,,,,,,,,,,15.257000000000062,Victor Okoh Boniface,Bayer Leverkusen,ball_receipt.outcome:Incomplete,,linked_360_unsupported_semantics,0.1660000000000536,,,,,,,,,C16,533862946a73608c134d18b78226b6371ce7173c
3895086,1,23,904,530,00:10:50.499,Block,201,True,unsupported_event_type,False,False,650.499,14,2f898352-eb5c-42e7-9c4e-3fc24e84370f,False,False,False,not_leverkusen_pass_carry,,,34.6,48.5,,,,,,,,,,15.257000000000062,Patrick Mainka,FC Heidenheim,type:Block,,linked_360_unsupported_semantics,0.0,,,,,,,,,C16,533862946a73608c134d18b78226b6371ce7173c
3895086,1,23,904,531,00:10:51.662,Pass,201,True,validated_core_event_team_scope,True,False,651.662,15,bef4f095-717a-4723-bd30-4474eeb29b06,False,False,False,not_leverkusen_pass_carry,93.2,40.5,26.8,39.5,,,,,,,,,,16.420000000000073,Tim Siersleben,FC Heidenheim,pass.type:Recovery,,validated_spatial_anchor,1.163000000000011,,,,,,,,,C16,533862946a73608c134d18b78226b6371ce7173c
3895086,1,23,904,532,00:10:52.630,Ball Receipt*,201,True,unsupported_event_type,False,False,652.63,16,94950b8d-93f2-4f92-adcd-5067660ca1e2,False,False,False,not_leverkusen_pass_carry,,,33.6,43.3,,,,,,,,,,17.388000000000034,Nikola Dovedan,FC Heidenheim,,,linked_360_unsupported_semantics,0.9679999999999608,,,,,,,,,C16,533862946a73608c134d18b78226b6371ce7173c
3895086,1,23,904,533,00:10:52.630,Carry,201,True,validated_core_event_team_scope,True,False,652.63,17,756bc826-dea4-4f24-b5a0-efe27e928975,False,False,False,not_leverkusen_pass_carry,86.4,36.7,33.6,43.3,,,,,,,,,,17.388000000000034,Nikola Dovedan,FC Heidenheim,,,validated_spatial_anchor,0.0,,,,,,,,,C16,533862946a73608c134d18b78226b6371ce7173c
3895086,1,23,904,534,00:10:54.119,Pass,201,True,validated_core_event_team_scope,True,False,654.119,18,3b9364b8-68c8-4178-9cca-951c1d0f0fc0,False,False,False,not_leverkusen_pass_carry,80.9,36.3,39.1,43.7,,,,,,,,,,18.877000000000063,Nikola Dovedan,FC Heidenheim,pass.outcome:Incomplete,,validated_spatial_anchor,1.4890000000000327,,,,,,,,,C16,533862946a73608c134d18b78226b6371ce7173c
3895086,1,23,904,535,00:10:56.939,Ball Receipt*,201,True,unsupported_event_type,False,False,656.939,19,c5a05cdf-b439-4579-803b-e90450f20326,False,False,False,not_leverkusen_pass_carry,,,49.6,45.8,,,,,,,,,,21.697000000000003,Tim Kleindienst,FC Heidenheim,ball_receipt.outcome:Incomplete,,linked_360_unsupported_semantics,2.8199999999999363,,,,,,,,,C16,533862946a73608c134d18b78226b6371ce7173c
3895086,1,23,904,536,00:10:56.939,Ball Recovery,904,True,unsupported_event_type,False,False,656.939,20,00a8552b-4fdc-48ea-87ba-03aaf54402bc,False,False,False,not_leverkusen_pass_carry,,,56.9,44.8,,,,,,,,,,21.697000000000003,Odilon Kossonou,Bayer Leverkusen,type:Ball Recovery,,linked_360_unsupported_semantics,0.0,,,,,,,,,C16,533862946a73608c134d18b78226b6371ce7173c
3895086,1,23,904,537,00:10:56.939,Carry,904,True,validated_core_event_team_scope,True,False,656.939,21,04b8c455-5742-4425-9785-d6e0ffece20a,True,True,True,safe_validated_frame_vector,56.9,44.8,56.9,44.8,57.4,44.5,56.9,44.8,57.4,44.5,0.5,-0.2999999999999971,0.5830951894845285,21.697000000000003,Odilon Kossonou,Bayer Leverkusen,,,validated_spatial_anchor,0.0,85.5,28.1,positive_0001,8.0,,,,,C16,533862946a73608c134d18b78226b6371ce7173c
3895086,1,23,904,538,00:10:58.072,Pass,904,True,validated_core_event_team_scope,True,False,658.072,22,bc0fed8f-9106-4249-830f-fd5af5bebb98,True,True,True,safe_validated_frame_vector,57.4,44.5,57.4,44.5,64.0,43.9,57.4,44.5,64.0,43.9,6.600000000000001,-0.6000000000000014,6.627216610312358,22.83000000000004,Odilon Kossonou,Bayer Leverkusen,,,validated_spatial_anchor,1.1330000000000382,85.5,21.5,positive_0001,9.0,,,,,C16,533862946a73608c134d18b78226b6371ce7173c
3895086,1,23,904,539,00:10:58.820,Ball Receipt*,904,True,unsupported_event_type,False,False,658.82,23,b3df17db-30c6-4f82-8b89-240096f0fd1a,False,False,False,not_leverkusen_pass_carry,,,64.0,43.9,,,,,,,,,,23.578000000000088,Exequiel Alejandro Palacios,Bayer Leverkusen,,,linked_360_unsupported_semantics,0.7480000000000473,,,,,,,,,C16,533862946a73608c134d18b78226b6371ce7173c
3895086,1,23,904,540,00:10:58.820,Carry,904,True,validated_core_event_team_scope,True,False,658.82,24,3e472db0-7cc1-4d80-a4a7-9252317aec5a,True,True,True,safe_validated_frame_vector,64.0,43.9,64.0,43.9,61.8,51.6,64.0,43.9,61.8,51.6,-2.200000000000003,7.700000000000003,8.008120878208574,23.578000000000088,Exequiel Alejandro Palacios,Bayer Leverkusen,,,validated_spatial_anchor,0.0,85.5,23.700000000000003,,,negative_0001,1.0,nonpositive_0001,1.0,C16,533862946a73608c134d18b78226b6371ce7173c
3895086,1,23,904,541,00:11:00.820,Pass,904,True,validated_core_event_team_scope,True,False,660.82,25,a2f807a6-72c7-4414-908b-21fba7faa39e,True,True,True,safe_validated_frame_vector,61.8,51.6,61.8,51.6,51.5,52.2,61.8,51.6,51.5,52.2,-10.299999999999995,0.6000000000000014,10.317460927960909,25.578000000000088,Exequiel Alejandro Palacios,Bayer Leverkusen,,,validated_spatial_anchor,2.0,85.5,34.0,,,negative_0001,2.0,nonpositive_0001,2.0,C16,533862946a73608c134d18b78226b6371ce7173c
3895086,1,23,904,542,00:11:01.536,Ball Receipt*,904,True,unsupported_event_type,False,False,661.536,26,b2a53d13-a979-4326-9466-fed3d4be0ccb,False,False,False,not_leverkusen_pass_carry,,,51.5,52.2,,,,,,,,,,26.293999999999983,Odilon Kossonou,Bayer Leverkusen,,,linked_360_unsupported_semantics,0.7159999999998945,,,,,,,,,C16,533862946a73608c134d18b78226b6371ce7173c
3895086,1,23,904,543,00:11:01.536,Carry,904,True,validated_core_event_team_scope,True,False,661.536,27,9595c69d-389e-4310-ace6-6f3cdaae04c5,True,True,True,safe_validated_frame_vector,51.5,52.2,51.5,52.2,49.9,51.0,51.5,52.2,49.9,51.0,-1.6000000000000014,-1.2000000000000028,2.0000000000000027,26.293999999999983,Odilon Kossonou,Bayer Leverkusen,,,validated_spatial_anchor,0.0,85.5,35.6,,,negative_0001,3.0,nonpositive_0001,3.0,C16,533862946a73608c134d18b78226b6371ce7173c
3895086,1,23,904,544,00:11:02.125,Pass,904,True,validated_core_event_team_scope,True,False,662.125,28,6277b6ca-711f-4ffc-9f8d-1ed1ad38ecb5,True,True,True,safe_validated_frame_vector,49.9,51.0,49.9,51.0,50.2,46.2,49.9,51.0,50.2,46.2,0.3000000000000042,-4.799999999999997,4.809365862564417,26.88300000000004,Odilon Kossonou,Bayer Leverkusen,,,validated_spatial_anchor,0.5890000000000555,85.5,35.3,positive_0002,1.0,,,,,C16,533862946a73608c134d18b78226b6371ce7173c
3895086,1,23,904,545,00:11:03.034,Ball Receipt*,904,True,unsupported_event_type,False,False,663.034,29,079abbda-0c14-4de6-b6bd-c448f0eca15e,False,False,False,not_leverkusen_pass_carry,,,50.2,46.2,,,,,,,,,,27.79200000000003,Jonathan Tah,Bayer Leverkusen,,,linked_360_unsupported_semantics,0.9089999999999918,,,,,,,,,C16,533862946a73608c134d18b78226b6371ce7173c
3895086,1,23,904,546,00:11:03.034,Carry,904,True,validated_core_event_team_scope,True,False,663.034,30,b8adb9b6-630c-4b98-b30f-35f4a8fd4329,True,True,True,safe_validated_frame_vector,50.2,46.2,50.2,46.2,50.2,45.4,50.2,46.2,50.2,45.4,0.0,-0.8000000000000043,0.8000000000000043,27.79200000000003,Jonathan Tah,Bayer Leverkusen,,,validated_spatial_anchor,0.0,85.5,35.3,,,,,,,C16,533862946a73608c134d18b78226b6371ce7173c
3895086,1,23,904,547,00:11:05.204,Pass,904,True,validated_core_event_team_scope,True,False,665.204,31,a46291c8-5fb8-4254-8b75-d05cd6260392,True,True,True,safe_validated_frame_vector,50.2,45.4,50.2,45.4,56.6,68.0,50.2,45.4,56.6,68.0,6.399999999999999,22.6,23.488720697390058,29.96199999999999,Jonathan Tah,Bayer Leverkusen,,,validated_spatial_anchor,2.169999999999959,85.5,28.9,positive_0003,1.0,,,,,C16,533862946a73608c134d18b78226b6371ce7173c
3895086,1,23,904,548,00:11:06.691,Ball Receipt*,904,False,no_360_frame,False,False,666.691,32,8f991a95-0952-4638-878c-776af9f839ae,False,False,False,not_leverkusen_pass_carry,,,56.6,68.0,,,,,,,,,,31.44900000000007,Jonas Hofmann,Bayer Leverkusen,,,no_360_frame,1.48700000000008,,,,,,,,,C16,533862946a73608c134d18b78226b6371ce7173c
3895086,1,23,904,549,00:11:06.691,Pass,904,False,no_360_frame,False,False,666.691,33,6bcd02fa-0d5d-4ed8-9b43-6e192402e7d7,False,True,True,unsupported_or_unlinked_frame,,,56.6,68.0,47.3,61.8,,,,,,,,31.44900000000007,Jonas Hofmann,Bayer Leverkusen,,,no_360_frame,0.0,,,,,,,,,C16,533862946a73608c134d18b78226b6371ce7173c
3895086,1,23,904,550,00:11:07.595,Ball Receipt*,904,False,no_360_frame,False,False,667.595,34,16e04123-f304-4db0-9c79-535deaa6ef5f,False,False,False,not_leverkusen_pass_carry,,,47.3,61.8,,,,,,,,,,32.353000000000065,Odilon Kossonou,Bayer Leverkusen,,,no_360_frame,0.9039999999999964,,,,,,,,,C16,533862946a73608c134d18b78226b6371ce7173c
3895086,1,23,904,551,00:11:07.595,Carry,904,False,no_360_frame,False,False,667.595,35,87f16180-5495-4590-a2e2-c0d069e54177,False,True,True,unsupported_or_unlinked_frame,,,47.3,61.8,47.0,60.0,,,,,,,,32.353000000000065,Odilon Kossonou,Bayer Leverkusen,,,no_360_frame,0.0,,,,,,,,,C16,533862946a73608c134d18b78226b6371ce7173c
3895086,1,23,904,552,00:11:09.696,Pass,904,False,no_360_frame,False,False,669.696,36,cdca8200-da12-4d5f-8772-145bada915d0,False,True,True,unsupported_or_unlinked_frame,,,47.0,60.0,44.2,41.2,,,,,,,,34.454000000000065,Odilon Kossonou,Bayer Leverkusen,,,no_360_frame,2.100999999999999,,,,,,,,,C16,533862946a73608c134d18b78226b6371ce7173c
3895086,1,23,904,553,00:11:11.428,Ball Receipt*,904,True,unsupported_event_type,False,False,671.428,37,f9aeacf4-1c37-44ab-83c7-df881ec7327a,False,False,False,not_leverkusen_pass_carry,,,44.2,41.2,,,,,,,,,,36.18600000000004,Jonathan Tah,Bayer Leverkusen,,,linked_360_unsupported_semantics,1.731999999999971,,,,,,,,,C16,533862946a73608c134d18b78226b6371ce7173c
3895086,1,23,904,554,00:11:11.428,Carry,904,True,validated_core_event_team_scope,True,False,671.428,38,94d7fd49-ec18-4ab6-b4ad-6c32cef6518d,True,True,True,safe_validated_frame_vector,44.2,41.2,44.2,41.2,47.3,38.5,44.2,41.2,47.3,38.5,3.0999999999999943,-2.700000000000003,4.11096095821889,36.18600000000004,Jonathan Tah,Bayer Leverkusen,,,validated_spatial_anchor,0.0,85.5,38.2,positive_0003,2.0,,,,,C16,533862946a73608c134d18b78226b6371ce7173c
3895086,1,23,904,555,00:11:15.045,Pass,904,True,validated_core_event_team_scope,True,False,675.045,39,51b2fa4c-2570-4d98-8ace-3021677c8045,True,True,True,safe_validated_frame_vector,47.3,38.5,47.3,38.5,50.2,56.1,47.3,38.5,50.2,56.1,2.9000000000000057,17.6,17.83732042656632,39.803,Jonathan Tah,Bayer Leverkusen,,,validated_spatial_anchor,3.616999999999962,85.5,35.3,positive_0003,3.0,,,,,C16,533862946a73608c134d18b78226b6371ce7173c
3895086,1,23,904,556,00:11:16.023,Ball Receipt*,904,True,unsupported_event_type,False,False,676.023,40,dd34c4b3-07fd-4158-a654-a6915507c67d,False,False,False,not_leverkusen_pass_carry,,,50.2,56.1,,,,,,,,,,40.78100000000006,Odilon Kossonou,Bayer Leverkusen,,,linked_360_unsupported_semantics,0.9780000000000656,,,,,,,,,C16,533862946a73608c134d18b78226b6371ce7173c
3895086,1,23,904,557,00:11:16.023,Carry,904,True,validated_core_event_team_scope,True,False,676.023,41,762ed258-6714-494c-a805-512dfd92cd29,True,True,True,safe_validated_frame_vector,50.2,56.1,50.2,56.1,56.6,56.1,50.2,56.1,56.6,56.1,6.399999999999999,0.0,6.399999999999999,40.78100000000006,Odilon Kossonou,Bayer Leverkusen,,,validated_spatial_anchor,0.0,85.5,28.9,positive_0003,4.0,,,,,C16,533862946a73608c134d18b78226b6371ce7173c
3895086,1,23,904,558,00:11:21.623,Pass,904,True,validated_core_event_team_scope,True,False,681.623,42,004f84af-7247-4a68-983b-e6f31c2d0881,True,True,True,safe_validated_frame_vector,56.6,56.1,56.6,56.1,50.2,44.8,56.6,56.1,50.2,44.8,-6.399999999999999,-11.300000000000004,12.98653148458048,46.381000000000085,Odilon Kossonou,Bayer Leverkusen,,,validated_spatial_anchor,5.600000000000023,85.5,35.3,,,negative_0002,1.0,nonpositive_0002,1.0,C16,533862946a73608c134d18b78226b6371ce7173c
3895086,1,23,904,559,00:11:22.873,Ball Receipt*,904,True,unsupported_event_type,False,False,682.873,43,b0b1c94b-afcd-4055-8f60-15fd34f97734,False,False,False,not_leverkusen_pass_carry,,,50.2,44.8,,,,,,,,,,47.631000000000085,Jonathan Tah,Bayer Leverkusen,,,linked_360_unsupported_semantics,1.25,,,,,,,,,C16,533862946a73608c134d18b78226b6371ce7173c
3895086,1,23,904,560,00:11:22.873,Carry,904,True,validated_core_event_team_scope,True,False,682.873,44,823eaad1-2c12-4e64-b5cf-b07c360970b7,True,True,True,safe_validated_frame_vector,50.2,44.8,50.2,44.8,52.9,40.0,50.2,44.8,52.9,40.0,2.699999999999996,-4.799999999999997,5.507267925205741,47.631000000000085,Jonathan Tah,Bayer Leverkusen,,,validated_spatial_anchor,0.0,85.5,32.6,positive_0004,1.0,,,,,C16,533862946a73608c134d18b78226b6371ce7173c
3895086,1,23,904,561,00:11:24.093,Pass,904,True,validated_core_event_team_scope,True,False,684.093,45,68fa6ca2-890e-4c03-8385-9e9c11752bee,True,True,True,safe_validated_frame_vector,52.9,40.0,52.9,40.0,66.0,25.0,52.9,40.0,66.0,25.0,13.1,-15.0,19.91506967098032,48.851,Jonathan Tah,Bayer Leverkusen,,,validated_spatial_anchor,1.2199999999999136,85.5,19.5,positive_0004,2.0,,,,,C16,533862946a73608c134d18b78226b6371ce7173c
3895086,1,23,904,562,00:11:24.967,Ball Receipt*,904,True,unsupported_event_type,False,False,684.967,46,9f446546-3225-480d-8682-fef640d59266,False,False,False,not_leverkusen_pass_carry,,,66.0,25.0,,,,,,,,,,49.72500000000002,Exequiel Alejandro Palacios,Bayer Leverkusen,,,linked_360_unsupported_semantics,0.8740000000000236,,,,,,,,,C16,533862946a73608c134d18b78226b6371ce7173c
3895086,1,23,904,563,00:11:24.967,Pass,904,True,validated_core_event_team_scope,True,False,684.967,47,3ad80d93-7218-446d-a701-8ebf80bafd85,True,True,True,safe_validated_frame_vector,65.6,25.0,65.6,25.0,61.5,14.0,65.6,25.0,61.5,14.0,-4.099999999999994,-11.0,11.739250401963488,49.72500000000002,Exequiel Alejandro Palacios,Bayer Leverkusen,,,validated_spatial_anchor,0.0,85.5,24.0,,,negative_0003,1.0,nonpositive_0003,1.0,C16,533862946a73608c134d18b78226b6371ce7173c
3895086,1,23,904,564,00:11:26.218,Ball Receipt*,904,True,unsupported_event_type,False,False,686.218,48,ab3e9f19-9cec-47d0-b5c2-409347a08b6e,False,False,False,not_leverkusen_pass_carry,,,61.5,14.0,,,,,,,,,,50.976,Edmond Fayçal Tapsoba,Bayer Leverkusen,,,linked_360_unsupported_semantics,1.2509999999999764,,,,,,,,,C16,533862946a73608c134d18b78226b6371ce7173c
3895086,1,23,904,565,00:11:26.218,Carry,904,True,validated_core_event_team_scope,True,False,686.218,49,2901368a-16fc-4efc-8474-96fd1ec290a5,True,True,True,safe_validated_frame_vector,61.5,14.0,61.5,14.0,66.0,12.1,61.5,14.0,66.0,12.1,4.5,-1.9000000000000004,4.884669896727925,50.976,Edmond Fayçal Tapsoba,Bayer Leverkusen,,,validated_spatial_anchor,0.0,85.5,19.5,positive_0005,1.0,,,,,C16,533862946a73608c134d18b78226b6371ce7173c
3895086,1,23,904,566,00:11:28.004,Pass,904,True,validated_core_event_team_scope,True,False,688.004,50,971f7791-5020-4134-9a94-50b932dca1b6,True,True,True,safe_validated_frame_vector,66.0,12.1,66.0,12.1,75.3,1.8,66.0,12.1,75.3,1.8,9.299999999999995,-10.3,13.877319625922,52.76200000000006,Edmond Fayçal Tapsoba,Bayer Leverkusen,,,validated_spatial_anchor,1.7860000000000582,85.5,10.200000000000005,positive_0005,2.0,,,,,C16,533862946a73608c134d18b78226b6371ce7173c
3895086,1,23,904,567,00:11:28.877,Ball Receipt*,904,True,unsupported_event_type,False,False,688.877,51,31f5ac59-02e7-4990-bcc1-ba88af9f0bdf,False,False,False,not_leverkusen_pass_carry,,,75.3,1.8,,,,,,,,,,53.63499999999999,Alejandro Grimaldo García,Bayer Leverkusen,,,linked_360_unsupported_semantics,0.8729999999999336,,,,,,,,,C16,533862946a73608c134d18b78226b6371ce7173c
3895086,1,23,904,568,00:11:28.877,Pass,904,True,validated_core_event_team_scope,True,False,688.877,52,1bc716c1-1873-427f-8aab-04bc769efa9b,True,True,True,safe_validated_frame_vector,75.3,1.8,75.3,1.8,67.3,6.7,75.3,1.8,67.3,6.7,-8.0,4.9,9.381364506296512,53.63499999999999,Alejandro Grimaldo García,Bayer Leverkusen,,,validated_spatial_anchor,0.0,85.5,18.200000000000003,,,negative_0004,1.0,nonpositive_0004,1.0,C16,533862946a73608c134d18b78226b6371ce7173c
3895086,1,23,904,569,00:11:29.716,Ball Receipt*,904,True,unsupported_event_type,False,False,689.716,53,6496f42c-4034-445c-b16c-cc59450c8095,False,False,False,not_leverkusen_pass_carry,,,67.3,6.7,,,,,,,,,,54.474000000000046,Edmond Fayçal Tapsoba,Bayer Leverkusen,,,linked_360_unsupported_semantics,0.8390000000000555,,,,,,,,,C16,533862946a73608c134d18b78226b6371ce7173c
3895086,1,23,904,570,00:11:29.716,Carry,904,True,validated_core_event_team_scope,True,False,689.716,54,8eb38a84-d00e-40d6-823a-e01faf49bcec,True,True,True,safe_validated_frame_vector,67.3,6.7,67.3,6.7,66.0,8.3,67.3,6.7,66.0,8.3,-1.2999999999999972,1.6000000000000003,2.061552812808829,54.474000000000046,Edmond Fayçal Tapsoba,Bayer Leverkusen,,,validated_spatial_anchor,0.0,85.5,19.5,,,negative_0004,2.0,nonpositive_0004,2.0,C16,533862946a73608c134d18b78226b6371ce7173c
3895086,1,23,904,571,00:11:31.316,Pass,904,True,validated_core_event_team_scope,True,False,691.316,55,ae5e6835-39e2-4592-98bb-4800dc685977,True,True,True,safe_validated_frame_vector,66.0,8.3,66.0,8.3,56.3,14.9,66.0,8.3,56.3,14.9,-9.700000000000005,6.6,11.732433677630574,56.07400000000007,Edmond Fayçal Tapsoba,Bayer Leverkusen,,,validated_spatial_anchor,1.6000000000000227,85.5,29.200000000000003,,,negative_0004,3.0,nonpositive_0004,3.0,C16,533862946a73608c134d18b78226b6371ce7173c
3895086,1,23,904,572,00:11:32.393,Ball Receipt*,904,True,unsupported_event_type,False,False,692.393,56,fe54a6e8-2252-4c57-88da-abda2c1117f9,False,False,False,not_leverkusen_pass_carry,,,56.3,14.9,,,,,,,,,,57.15100000000007,Exequiel Alejandro Palacios,Bayer Leverkusen,,,linked_360_unsupported_semantics,1.0769999999999982,,,,,,,,,C16,533862946a73608c134d18b78226b6371ce7173c
3895086,1,23,904,573,00:11:32.393,Carry,904,True,validated_core_event_team_scope,True,False,692.393,57,9e0b408a-df9a-466a-be43-aeff45dc2c3c,True,True,True,safe_validated_frame_vector,56.3,14.9,56.3,14.9,47.9,18.5,56.3,14.9,47.9,18.5,-8.399999999999999,3.6,9.138927727036688,57.15100000000007,Exequiel Alejandro Palacios,Bayer Leverkusen,,,validated_spatial_anchor,0.0,85.5,37.6,,,negative_0004,4.0,nonpositive_0004,4.0,C16,533862946a73608c134d18b78226b6371ce7173c
3895086,1,23,904,574,00:11:34.793,Pass,904,True,validated_core_event_team_scope,True,False,694.793,58,1c972edd-993b-4cf7-9ca6-ed1c6aba0c74,True,True,True,safe_validated_frame_vector,47.9,18.5,47.9,18.5,42.5,27.8,47.9,18.5,42.5,27.8,-5.399999999999999,9.3,10.754068997360951,59.551000000000045,Exequiel Alejandro Palacios,Bayer Leverkusen,,,validated_spatial_anchor,2.3999999999999773,85.5,43.0,,,negative_0004,5.0,nonpositive_0004,5.0,C16,533862946a73608c134d18b78226b6371ce7173c
3895086,1,23,904,575,00:11:36.284,Ball Receipt*,904,True,unsupported_event_type,False,False,696.284,59,6ce348c9-389c-4827-ad88-cc8beb456ec6,False,False,False,not_leverkusen_pass_carry,,,42.5,27.8,,,,,,,,,,61.04200000000003,Jonathan Tah,Bayer Leverkusen,,,linked_360_unsupported_semantics,1.4909999999999854,,,,,,,,,C16,533862946a73608c134d18b78226b6371ce7173c
3895086,1,23,904,576,00:11:36.284,Carry,904,True,validated_core_event_team_scope,True,False,696.284,60,347a41a2-a334-4fd2-87e8-4de56b0e2bed,True,True,True,safe_validated_frame_vector,42.5,27.8,42.5,27.8,44.8,28.1,42.5,27.8,44.8,28.1,2.299999999999997,0.3000000000000007,2.3194827009486376,61.04200000000003,Jonathan Tah,Bayer Leverkusen,,,validated_spatial_anchor,0.0,85.5,40.7,positive_0006,1.0,,,,,C16,533862946a73608c134d18b78226b6371ce7173c
3895086,1,23,904,577,00:11:37.006,Pass,904,False,no_360_frame,False,False,697.006,61,b7ad26f1-1b21-4fbe-ade8-a3410151a122,False,True,True,unsupported_or_unlinked_frame,,,44.8,28.1,50.5,29.2,,,,,,,,61.76400000000001,Jonathan Tah,Bayer Leverkusen,,,no_360_frame,0.72199999999998,,,,,,,,,C16,533862946a73608c134d18b78226b6371ce7173c
3895086,1,23,904,578,00:11:38.217,Ball Receipt*,904,True,unsupported_event_type,False,False,698.217,62,586e66ea-acb1-463e-8e9f-1a63c1696ac3,False,False,False,not_leverkusen_pass_carry,,,50.5,29.2,,,,,,,,,,62.97500000000002,Granit Xhaka,Bayer Leverkusen,,,linked_360_unsupported_semantics,1.2110000000000127,,,,,,,,,C16,533862946a73608c134d18b78226b6371ce7173c
3895086,1,23,904,579,00:11:38.217,Carry,904,True,validated_core_event_team_scope,True,False,698.217,63,a41fe4fe-5ea4-4fdc-8230-9a121b9c9a46,True,True,True,safe_validated_frame_vector,50.5,29.2,50.5,29.2,52.1,31.3,50.5,29.2,52.1,31.3,1.6000000000000014,2.1000000000000014,2.640075756488819,62.97500000000002,Granit Xhaka,Bayer Leverkusen,,,validated_spatial_anchor,0.0,85.5,33.4,positive_0006,2.0,,,,,C16,533862946a73608c134d18b78226b6371ce7173c
3895086,1,23,904,580,00:11:40.617,Pass,904,True,validated_core_event_team_scope,True,False,700.617,64,04b670a0-126c-4921-add9-93ac491cfe14,True,True,True,safe_validated_frame_vector,52.1,31.3,52.1,31.3,52.1,22.0,52.1,31.3,52.1,22.0,0.0,-9.3,9.3,65.375,Granit Xhaka,Bayer Leverkusen,,,validated_spatial_anchor,2.3999999999999773,85.5,33.4,,,,,,,C16,533862946a73608c134d18b78226b6371ce7173c
3895086,1,23,904,581,00:11:41.459,Ball Receipt*,904,True,unsupported_event_type,False,False,701.459,65,e15736b5-d59d-413d-b57d-33512036446f,False,False,False,not_leverkusen_pass_carry,,,52.1,22.0,,,,,,,,,,66.21699999999998,Exequiel Alejandro Palacios,Bayer Leverkusen,,,linked_360_unsupported_semantics,0.8419999999999845,,,,,,,,,C16,533862946a73608c134d18b78226b6371ce7173c
3895086,1,23,904,582,00:11:41.459,Carry,904,True,validated_core_event_team_scope,True,False,701.459,66,467c8498-ac3e-4b75-b30a-908c851d2518,True,True,True,safe_validated_frame_vector,52.1,22.0,52.1,22.0,54.7,18.5,52.1,22.0,54.7,18.5,2.6000000000000014,-3.5,4.360045871318329,66.21699999999998,Exequiel Alejandro Palacios,Bayer Leverkusen,,,validated_spatial_anchor,0.0,85.5,30.8,positive_0007,1.0,,,,,C16,533862946a73608c134d18b78226b6371ce7173c
3895086,1,23,904,583,00:11:43.911,Pass,904,True,validated_core_event_team_scope,True,False,703.911,67,aa6985aa-3d44-4fae-9fe8-e4196763e2b0,True,True,True,safe_validated_frame_vector,54.7,18.5,54.7,18.5,70.8,9.5,54.7,18.5,70.8,9.5,16.099999999999994,-9.0,18.44478246008881,68.66899999999998,Exequiel Alejandro Palacios,Bayer Leverkusen,,,validated_spatial_anchor,2.451999999999998,85.5,14.700000000000005,positive_0007,2.0,,,,,C16,533862946a73608c134d18b78226b6371ce7173c
3895086,1,23,904,584,00:11:45.305,Ball Receipt*,904,False,no_360_frame,False,False,705.305,68,da0bdba6-a88a-479c-8f0d-17e8a96f8a91,False,False,False,not_leverkusen_pass_carry,,,70.8,9.5,,,,,,,,,,70.06299999999999,Edmond Fayçal Tapsoba,Bayer Leverkusen,,,no_360_frame,1.3940000000000057,,,,,,,,,C16,533862946a73608c134d18b78226b6371ce7173c
3895086,1,23,904,585,00:11:45.305,Carry,904,False,no_360_frame,False,False,705.305,69,d5cd627b-9b91-41dc-8911-a2c82354e238,False,True,True,unsupported_or_unlinked_frame,,,70.8,9.5,76.9,7.9,,,,,,,,70.06299999999999,Edmond Fayçal Tapsoba,Bayer Leverkusen,,,no_360_frame,0.0,,,,,,,,,C16,533862946a73608c134d18b78226b6371ce7173c
3895086,1,23,904,586,00:11:46.687,Pass,904,False,no_360_frame,False,False,706.687,70,894a6781-298b-41ce-a3ba-bef8b91497b4,False,True,True,unsupported_or_unlinked_frame,,,76.9,7.9,83.4,2.1,,,,,,,,71.44500000000005,Edmond Fayçal Tapsoba,Bayer Leverkusen,,,no_360_frame,1.3820000000000618,,,,,,,,,C16,533862946a73608c134d18b78226b6371ce7173c
3895086,1,23,904,587,00:11:47.454,Ball Receipt*,904,False,no_360_frame,False,False,707.454,71,f30297c3-9fc6-444c-94db-96653ba867ac,False,False,False,not_leverkusen_pass_carry,,,83.4,2.1,,,,,,,,,,72.21199999999999,Alejandro Grimaldo García,Bayer Leverkusen,,,no_360_frame,0.7669999999999391,,,,,,,,,C16,533862946a73608c134d18b78226b6371ce7173c
3895086,1,23,904,588,00:11:47.454,Carry,904,False,no_360_frame,False,False,707.454,72,7cd9d9c0-c148-4658-92bc-1e0ce74790d2,False,True,True,unsupported_or_unlinked_frame,,,83.4,2.1,83.4,2.1,,,,,,,,72.21199999999999,Alejandro Grimaldo García,Bayer Leverkusen,,,no_360_frame,0.0,,,,,,,,,C16,533862946a73608c134d18b78226b6371ce7173c
3895086,1,23,904,589,00:11:47.983,Pass,904,False,no_360_frame,False,False,707.983,73,2d5eeecb-a4a6-4afa-a6a6-679593b03ece,False,True,True,unsupported_or_unlinked_frame,,,83.4,2.1,68.2,4.4,,,,,,,,72.74099999999999,Alejandro Grimaldo García,Bayer Leverkusen,,,no_360_frame,0.5289999999999964,,,,,,,,,C16,533862946a73608c134d18b78226b6371ce7173c
3895086,1,23,904,590,00:11:49.688,Ball Receipt*,904,True,unsupported_event_type,False,False,709.688,74,d42d4a97-6290-4ad7-b060-850dde3314a1,False,False,False,not_leverkusen_pass_carry,,,68.2,4.4,,,,,,,,,,74.44600000000003,Edmond Fayçal Tapsoba,Bayer Leverkusen,,,linked_360_unsupported_semantics,1.705000000000041,,,,,,,,,C16,533862946a73608c134d18b78226b6371ce7173c
3895086,1,23,904,591,00:11:49.688,Pass,904,True,validated_core_event_team_scope,True,False,709.688,75,c73438a6-120e-491f-8709-a75357b3bd8c,True,True,True,safe_validated_frame_vector,68.2,4.4,68.2,4.4,62.2,24.1,68.2,4.4,62.2,24.1,-6.0,19.700000000000003,20.59344555920645,74.44600000000003,Edmond Fayçal Tapsoba,Bayer Leverkusen,,,validated_spatial_anchor,0.0,85.5,23.3,,,negative_0005,1.0,nonpositive_0005,1.0,C16,533862946a73608c134d18b78226b6371ce7173c
3895086,1,23,904,592,00:11:50.795,Ball Receipt*,904,True,unsupported_event_type,False,False,710.795,76,c8e1a700-74f7-4612-8afb-1f8966dd2322,False,False,False,not_leverkusen_pass_carry,,,62.2,24.1,,,,,,,,,,75.553,Granit Xhaka,Bayer Leverkusen,,,linked_360_unsupported_semantics,1.106999999999971,,,,,,,,,C16,533862946a73608c134d18b78226b6371ce7173c
3895086,1,23,904,593,00:11:50.795,Carry,904,True,validated_core_event_team_scope,True,False,710.795,77,398277a0-c90d-45b6-917e-29b760920270,True,True,True,safe_validated_frame_vector,62.2,24.1,62.2,24.1,63.1,24.7,62.2,24.1,63.1,24.7,0.8999999999999986,0.5999999999999979,1.0816653826391944,75.553,Granit Xhaka,Bayer Leverkusen,,,validated_spatial_anchor,0.0,85.5,22.4,positive_0008,1.0,,,,,C16,533862946a73608c134d18b78226b6371ce7173c
3895086,1,23,904,594,00:11:52.153,Pressure,201,True,validated_core_event_team_scope,True,False,712.153,78,4046197e-889d-44ab-9d68-2be70d19725f,False,False,False,not_leverkusen_pass_carry,68.7,21.0,51.3,59.0,,,,,,,,,,76.91100000000006,Eren Sami Dinkçi,FC Heidenheim,,,validated_spatial_anchor,1.358000000000061,,,,,,,,,C16,533862946a73608c134d18b78226b6371ce7173c
3895086,1,23,904,595,00:11:52.703,Pass,904,True,validated_core_event_team_scope,True,False,712.703,79,d689753a-882c-456e-9725-2a82db4fc164,True,True,True,safe_validated_frame_vector,63.1,24.7,63.1,24.7,77.8,71.8,63.1,24.7,77.8,71.8,14.699999999999996,47.1,49.34065261019557,77.46100000000001,Granit Xhaka,Bayer Leverkusen,,,validated_spatial_anchor,0.5499999999999545,85.5,7.700000000000003,positive_0008,2.0,,,,,C16,533862946a73608c134d18b78226b6371ce7173c
3895086,1,23,904,596,00:11:55.305,Ball Receipt*,904,True,unsupported_event_type,False,False,715.305,80,74f2c878-77e9-4f5f-be0d-6c388f85243a,False,False,False,not_leverkusen_pass_carry,,,77.8,71.8,,,,,,,,,,80.06299999999999,Jonas Hofmann,Bayer Leverkusen,,,linked_360_unsupported_semantics,2.6019999999999754,,,,,,,,,C16,533862946a73608c134d18b78226b6371ce7173c
3895086,1,23,904,597,00:11:55.305,Pass,904,True,validated_core_event_team_scope,True,False,715.305,81,47487097-bc5e-45be-b22b-96a767676a13,True,True,True,safe_validated_frame_vector,77.8,71.8,77.8,71.8,69.4,59.4,77.8,71.8,69.4,59.4,-8.399999999999991,-12.4,14.97731618147924,80.06299999999999,Jonas Hofmann,Bayer Leverkusen,,,validated_spatial_anchor,0.0,85.5,16.099999999999994,,,negative_0006,1.0,nonpositive_0006,1.0,C16,533862946a73608c134d18b78226b6371ce7173c
3895086,1,23,904,598,00:11:56.449,Ball Receipt*,904,False,no_360_frame,False,False,716.449,82,5d39e8e5-e3cc-46b7-b2ab-8c7409ae5795,False,False,False,not_leverkusen_pass_carry,,,69.4,59.4,,,,,,,,,,81.207,Odilon Kossonou,Bayer Leverkusen,,,no_360_frame,1.1440000000000057,,,,,,,,,C16,533862946a73608c134d18b78226b6371ce7173c
3895086,1,23,904,599,00:11:56.449,Carry,904,False,no_360_frame,False,False,716.449,83,52cca710-030c-4222-a043-fb5d89afd2ea,False,True,True,unsupported_or_unlinked_frame,,,69.4,59.4,73.9,59.1,,,,,,,,81.207,Odilon Kossonou,Bayer Leverkusen,,,no_360_frame,0.0,,,,,,,,,C16,533862946a73608c134d18b78226b6371ce7173c
3895086,1,23,904,600,00:11:57.217,Pass,904,False,no_360_frame,False,False,717.217,84,733d4a0e-b108-4123-bbcb-426f7c6dd2df,False,True,True,unsupported_or_unlinked_frame,,,73.9,59.1,83.4,58.6,,,,,,,,81.97500000000002,Odilon Kossonou,Bayer Leverkusen,,,no_360_frame,0.7680000000000291,,,,,,,,,C16,533862946a73608c134d18b78226b6371ce7173c
3895086,1,23,904,601,00:11:57.917,Ball Receipt*,904,True,unsupported_event_type,False,False,717.917,85,fba58ca4-78cf-4736-bf49-7ab38682af2f,False,False,False,not_leverkusen_pass_carry,,,83.4,58.6,,,,,,,,,,82.67500000000007,Jeremie Frimpong,Bayer Leverkusen,,,linked_360_unsupported_semantics,0.7000000000000455,,,,,,,,,C16,533862946a73608c134d18b78226b6371ce7173c
3895086,1,23,904,602,00:11:57.917,Carry,904,True,validated_core_event_team_scope,True,False,717.917,86,466b40e8-f561-4d6a-85c2-8e6f172a982e,True,True,True,safe_validated_frame_vector,83.4,58.6,83.4,58.6,80.0,57.2,83.4,58.6,80.0,57.2,-3.4000000000000057,-1.3999999999999986,3.676955262170052,82.67500000000007,Jeremie Frimpong,Bayer Leverkusen,,,validated_spatial_anchor,0.0,85.5,5.5,,,negative_0006,2.0,nonpositive_0006,2.0,C16,533862946a73608c134d18b78226b6371ce7173c
3895086,1,23,904,603,00:11:58.669,Pass,904,True,validated_core_event_team_scope,True,False,718.669,87,599ac469-3aa8-430f-84bb-45fefd4328ec,True,True,True,safe_validated_frame_vector,80.0,57.2,80.0,57.2,63.4,54.3,80.0,57.2,63.4,54.3,-16.6,-2.9000000000000057,16.851409436602033,83.42700000000002,Jeremie Frimpong,Bayer Leverkusen,pass.outcome:Incomplete,,validated_spatial_anchor,0.7519999999999527,85.5,22.1,,,negative_0006,3.0,nonpositive_0006,3.0,C16,533862946a73608c134d18b78226b6371ce7173c
3895086,1,23,904,604,00:12:00.013,Ball Receipt*,904,True,unsupported_event_type,False,False,720.013,88,09265e8d-7aeb-425e-9836-496870bc5470,False,False,False,not_leverkusen_pass_carry,,,61.3,57.4,,,,,,,,,,84.77100000000007,Jonathan Tah,Bayer Leverkusen,ball_receipt.outcome:Incomplete,,linked_360_unsupported_semantics,1.344000000000051,,,,,,,,,C16,533862946a73608c134d18b78226b6371ce7173c
3895086,1,23,904,605,00:12:00.013,Interception,201,True,unsupported_event_type,False,False,720.013,89,d4c86de5-3876-493b-81bd-2c50167ebc69,False,False,False,not_leverkusen_pass_carry,,,56.7,25.8,,,,,,,,,,84.77100000000007,Tim Kleindienst,FC Heidenheim,type:Interception;interception.outcome:Won,,linked_360_unsupported_semantics,0.0,,,,,,,,,C16,533862946a73608c134d18b78226b6371ce7173c
3895086,1,23,904,606,00:12:00.013,Carry,201,True,validated_core_event_team_scope,True,False,720.013,90,dda844b1-4acb-483d-812f-bb661f1c2cfa,False,False,False,not_leverkusen_pass_carry,63.3,54.2,56.7,25.8,,,,,,,,,,84.77100000000007,Tim Kleindienst,FC Heidenheim,,,validated_spatial_anchor,0.0,,,,,,,,,C16,533862946a73608c134d18b78226b6371ce7173c
3895086,1,23,904,607,00:12:00.942,Pass,201,True,validated_core_event_team_scope,True,False,720.942,91,2c4dec2f-3d33-48b7-ae02-f0a0361cdbf5,False,False,False,not_leverkusen_pass_carry,61.4,57.3,58.6,22.7,,,,,,,,,,85.70000000000005,Tim Kleindienst,FC Heidenheim,,,validated_spatial_anchor,0.9289999999999736,,,,,,,,,C16,533862946a73608c134d18b78226b6371ce7173c
3895086,1,23,904,608,00:12:02.836,Ball Receipt*,201,True,unsupported_event_type,False,False,722.836,92,9ed21133-9138-4be1-bce7-2ad82943424c,False,False,False,not_leverkusen_pass_carry,,,67.5,33.7,,,,,,,,,,87.59400000000005,Eren Sami Dinkçi,FC Heidenheim,,,linked_360_unsupported_semantics,1.8940000000000052,,,,,,,,,C16,533862946a73608c134d18b78226b6371ce7173c
3895086,1,23,904,609,00:12:02.836,Carry,201,True,validated_core_event_team_scope,True,False,722.836,93,df55c8e2-b417-48db-8fc5-1c2fa1d9b525,False,False,False,not_leverkusen_pass_carry,52.5,46.3,67.5,33.7,,,,,,,,,,87.59400000000005,Eren Sami Dinkçi,FC Heidenheim,,,validated_spatial_anchor,0.0,,,,,,,,,C16,533862946a73608c134d18b78226b6371ce7173c
3895086,1,23,904,610,00:12:03.312,Pressure,904,True,validated_core_event_team_scope,True,False,723.312,94,bf0bff17-aeb7-4291-a8c1-e03c4d165d0d,False,False,False,not_leverkusen_pass_carry,48.7,40.0,48.7,40.0,,,,,,,,,,88.07000000000005,Exequiel Alejandro Palacios,Bayer Leverkusen,counterpress:true,,validated_spatial_anchor,0.4759999999999991,,,,,,,,,C16,533862946a73608c134d18b78226b6371ce7173c
3895086,1,23,904,611,00:12:03.756,Dribble,201,True,unsupported_event_type,False,False,723.756,95,86bd6804-f5ca-43c8-86ec-9c50c7a73e89,False,False,False,not_leverkusen_pass_carry,,,73.7,39.2,,,,,,,,,,88.51400000000001,Eren Sami Dinkçi,FC Heidenheim,,,linked_360_unsupported_semantics,0.44399999999996,,,,,,,,,C16,533862946a73608c134d18b78226b6371ce7173c
3895086,1,23,904,612,00:12:03.756,Duel,904,True,unsupported_event_type,False,False,723.756,96,0e3b83d2-5ca5-4340-87b8-ca24dcb28589,False,False,False,not_leverkusen_pass_carry,,,46.4,40.9,,,,,,,,,,88.51400000000001,Exequiel Alejandro Palacios,Bayer Leverkusen,type:Duel;counterpress:true;duel.outcome:Success In Play,,linked_360_unsupported_semantics,0.0,,,,,,,,,C16,533862946a73608c134d18b78226b6371ce7173c
3895086,1,23,904,613,00:12:05.234,Pass,904,True,validated_core_event_team_scope,True,False,725.234,97,401e52e6-bf8a-4a59-a4cd-14a1aabc6900,True,True,True,safe_validated_frame_vector,44.5,46.8,44.5,46.8,33.2,46.8,44.5,46.8,33.2,46.8,-11.299999999999995,0.0,11.299999999999995,89.99200000000008,Granit Xhaka,Bayer Leverkusen,pass.type:Recovery,,validated_spatial_anchor,1.4780000000000657,85.5,52.3,,,negative_0006,4.0,nonpositive_0006,4.0,C16,533862946a73608c134d18b78226b6371ce7173c
3895086,1,23,904,614,00:12:06.697,Ball Receipt*,904,True,unsupported_event_type,False,False,726.697,98,eff55f1e-5569-4f2c-9b0d-eb34ece902c6,False,False,False,not_leverkusen_pass_carry,,,33.2,46.8,,,,,,,,,,91.45500000000004,Jonathan Tah,Bayer Leverkusen,,,linked_360_unsupported_semantics,1.4629999999999654,,,,,,,,,C16,533862946a73608c134d18b78226b6371ce7173c
3895086,1,23,904,615,00:12:06.697,Carry,904,True,validated_core_event_team_scope,True,False,726.697,99,c9032104-440a-49d2-86a6-549d8c14e26a,True,True,True,safe_validated_frame_vector,33.2,46.8,33.2,46.8,35.0,46.2,33.2,46.8,35.0,46.2,1.7999999999999972,-0.5999999999999943,1.897366596101023,91.45500000000004,Jonathan Tah,Bayer Leverkusen,,,validated_spatial_anchor,0.0,85.5,50.5,positive_0009,1.0,,,,,C16,533862946a73608c134d18b78226b6371ce7173c
3895086,1,23,904,616,00:12:09.179,Pass,904,True,validated_core_event_team_scope,True,False,729.179,100,3e523e06-d9d0-42ec-9d01-bca853dbc840,True,True,True,safe_validated_frame_vector,35.0,46.2,35.0,46.2,29.6,34.3,35.0,46.2,29.6,34.3,-5.399999999999999,-11.900000000000006,13.067899601695755,93.937,Jonathan Tah,Bayer Leverkusen,,,validated_spatial_anchor,2.481999999999971,85.5,55.9,,,negative_0007,1.0,nonpositive_0007,1.0,C16,533862946a73608c134d18b78226b6371ce7173c
3895086,1,23,904,617,00:12:10.751,Ball Receipt*,904,True,unsupported_event_type,False,False,730.751,101,f68a4f5d-90bb-4cd6-b394-a34ec95b8b82,False,False,False,not_leverkusen_pass_carry,,,29.6,34.3,,,,,,,,,,95.509,Edmond Fayçal Tapsoba,Bayer Leverkusen,,,linked_360_unsupported_semantics,1.5720000000000027,,,,,,,,,C16,533862946a73608c134d18b78226b6371ce7173c
3895086,1,23,904,618,00:12:10.751,Carry,904,True,validated_core_event_team_scope,True,False,730.751,102,75e97ed8-dbe3-4068-99d3-5f4e04b5a146,True,True,True,safe_validated_frame_vector,29.6,34.3,29.6,34.3,43.1,16.6,29.6,34.3,43.1,16.6,13.5,-17.699999999999996,22.260727750906973,95.509,Edmond Fayçal Tapsoba,Bayer Leverkusen,,,validated_spatial_anchor,0.0,85.5,42.4,positive_0010,1.0,,,,,C16,533862946a73608c134d18b78226b6371ce7173c
3895086,1,23,904,619,00:12:14.923,Pass,904,True,validated_core_event_team_scope,True,False,734.923,103,a879f791-345f-4a40-a66a-37720d28bbf6,True,True,True,safe_validated_frame_vector,43.1,16.6,43.1,16.6,43.1,25.3,43.1,16.6,43.1,25.3,0.0,8.7,8.7,99.68100000000004,Edmond Fayçal Tapsoba,Bayer Leverkusen,,,validated_spatial_anchor,4.1720000000000255,85.5,42.4,,,,,,,C16,533862946a73608c134d18b78226b6371ce7173c
3895086,1,23,904,620,00:12:15.915,Ball Receipt*,904,True,unsupported_event_type,False,False,735.915,104,37bde9cd-5708-4d41-8b27-ddbd4afba3ed,False,False,False,not_leverkusen_pass_carry,,,43.1,25.3,,,,,,,,,,100.673,Exequiel Alejandro Palacios,Bayer Leverkusen,,,linked_360_unsupported_semantics,0.9919999999999618,,,,,,,,,C16,533862946a73608c134d18b78226b6371ce7173c
3895086,1,23,904,621,00:12:15.915,Carry,904,True,validated_core_event_team_scope,True,False,735.915,105,7f49ada8-a85b-4373-9af4-289d957d8f8b,True,True,True,safe_validated_frame_vector,43.1,25.3,43.1,25.3,43.7,26.2,43.1,25.3,43.7,26.2,0.6000000000000014,0.8999999999999986,1.0816653826391964,100.673,Exequiel Alejandro Palacios,Bayer Leverkusen,,,validated_spatial_anchor,0.0,85.5,41.8,positive_0011,1.0,,,,,C16,533862946a73608c134d18b78226b6371ce7173c
3895086,1,23,904,622,00:12:21.602,Pass,904,True,validated_core_event_team_scope,True,False,741.602,106,bafa8c70-a776-4a31-b920-817feda31f78,True,True,True,safe_validated_frame_vector,43.7,26.2,43.7,26.2,51.5,38.8,43.7,26.2,51.5,38.8,7.799999999999997,12.599999999999998,14.818906842274158,106.36,Exequiel Alejandro Palacios,Bayer Leverkusen,,,validated_spatial_anchor,5.687000000000012,85.5,34.0,positive_0011,2.0,,,,,C16,533862946a73608c134d18b78226b6371ce7173c
3895086,1,23,904,623,00:12:22.489,Ball Receipt*,904,True,unsupported_event_type,False,False,742.489,107,c9bcc8c9-66fa-423d-9ac0-519c964c1fa0,False,False,False,not_leverkusen_pass_carry,,,51.5,38.8,,,,,,,,,,107.24700000000009,Granit Xhaka,Bayer Leverkusen,,,linked_360_unsupported_semantics,0.8870000000000573,,,,,,,,,C16,533862946a73608c134d18b78226b6371ce7173c
3895086,1,23,904,624,00:12:22.489,Pass,904,True,validated_core_event_team_scope,True,False,742.489,108,34d438cf-2d22-465e-b878-a92381cb0d99,True,True,True,safe_validated_frame_vector,52.1,38.1,52.1,38.1,41.9,33.7,52.1,38.1,41.9,33.7,-10.200000000000005,-4.399999999999999,11.108555261599054,107.24700000000009,Granit Xhaka,Bayer Leverkusen,,,validated_spatial_anchor,0.0,85.5,43.6,,,negative_0008,1.0,nonpositive_0008,1.0,C16,533862946a73608c134d18b78226b6371ce7173c
3895086,1,23,904,625,00:12:23.209,Ball Receipt*,904,True,unsupported_event_type,False,False,743.209,109,9fe7e749-a2b5-4bb9-ba9e-29a8b8be6137,False,False,False,not_leverkusen_pass_carry,,,41.9,33.7,,,,,,,,,,107.96699999999998,Exequiel Alejandro Palacios,Bayer Leverkusen,,,linked_360_unsupported_semantics,0.7199999999999136,,,,,,,,,C16,533862946a73608c134d18b78226b6371ce7173c
3895086,1,23,904,626,00:12:23.209,Carry,904,True,validated_core_event_team_scope,True,False,743.209,110,20019630-08d3-4b3e-ad34-439c79ceed38,True,True,True,safe_validated_frame_vector,41.9,33.7,41.9,33.7,41.2,34.9,41.9,33.7,41.2,34.9,-0.6999999999999957,1.1999999999999955,1.3892443989449743,107.96699999999998,Exequiel Alejandro Palacios,Bayer Leverkusen,,,validated_spatial_anchor,0.0,85.5,44.3,,,negative_0008,2.0,nonpositive_0008,2.0,C16,533862946a73608c134d18b78226b6371ce7173c
3895086,1,23,904,627,00:12:25.562,Pass,904,True,validated_core_event_team_scope,True,False,745.562,111,170b8608-d33d-48b5-a5f8-cd9c112be676,True,True,True,safe_validated_frame_vector,41.2,34.9,41.2,34.9,35.0,41.2,41.2,34.9,35.0,41.2,-6.200000000000003,6.300000000000004,8.839117603018984,110.32000000000004,Exequiel Alejandro Palacios,Bayer Leverkusen,,,validated_spatial_anchor,2.353000000000065,85.5,50.5,,,negative_0008,3.0,nonpositive_0008,3.0,C16,533862946a73608c134d18b78226b6371ce7173c
3895086,1,23,904,628,00:12:26.520,Ball Receipt*,904,True,unsupported_event_type,False,False,746.52,112,5eb614c4-2bf8-4351-ab52-dcffd966eaa5,False,False,False,not_leverkusen_pass_carry,,,35.0,41.2,,,,,,,,,,111.27800000000002,Jonathan Tah,Bayer Leverkusen,,,linked_360_unsupported_semantics,0.95799999999997,,,,,,,,,C16,533862946a73608c134d18b78226b6371ce7173c
3895086,1,23,904,629,00:12:26.520,Pass,904,True,validated_core_event_team_scope,True,False,746.52,113,037f9ea7-7cec-4c57-94af-8b4b8c2c2a84,True,True,True,safe_validated_frame_vector,35.0,41.2,35.0,41.2,44.2,39.1,35.0,41.2,44.2,39.1,9.200000000000005,-2.1000000000000014,9.436630754670867,111.27800000000002,Jonathan Tah,Bayer Leverkusen,,,validated_spatial_anchor,0.0,85.5,41.3,positive_0012,1.0,,,,,C16,533862946a73608c134d18b78226b6371ce7173c
3895086,1,23,904,630,00:12:27.382,Ball Receipt*,904,True,unsupported_event_type,False,False,747.382,114,71243d1e-4f03-479b-92cc-776c024be3a5,False,False,False,not_leverkusen_pass_carry,,,44.2,39.1,,,,,,,,,,112.14,Granit Xhaka,Bayer Leverkusen,,,linked_360_unsupported_semantics,0.8619999999999663,,,,,,,,,C16,533862946a73608c134d18b78226b6371ce7173c
3895086,1,23,904,631,00:12:27.382,Carry,904,True,validated_core_event_team_scope,True,False,747.382,115,c1e31852-ce6f-4520-835f-84b03e85f46f,True,True,True,safe_validated_frame_vector,44.2,39.1,44.2,39.1,44.2,40.0,44.2,39.1,44.2,40.0,0.0,0.8999999999999986,0.8999999999999986,112.14,Granit Xhaka,Bayer Leverkusen,,,validated_spatial_anchor,0.0,85.5,41.3,,,,,,,C16,533862946a73608c134d18b78226b6371ce7173c
3895086,1,23,904,632,00:12:28.530,Pass,904,True,validated_core_event_team_scope,True,False,748.53,116,3473f53a-e9b9-4a81-9bce-ece8d5e11a41,True,True,True,safe_validated_frame_vector,44.2,40.0,44.2,40.0,49.3,61.2,44.2,40.0,49.3,61.2,5.099999999999994,21.200000000000003,21.80481598179632,113.288,Granit Xhaka,Bayer Leverkusen,,,validated_spatial_anchor,1.1480000000000246,85.5,36.2,positive_0013,1.0,,,,,C16,533862946a73608c134d18b78226b6371ce7173c
3895086,1,23,904,633,00:12:29.944,Ball Receipt*,904,False,no_360_frame,False,False,749.944,117,dfcab735-ce78-4930-9b28-14e9009778a9,False,False,False,not_leverkusen_pass_carry,,,49.3,61.2,,,,,,,,,,114.702,Odilon Kossonou,Bayer Leverkusen,,,no_360_frame,1.4139999999999873,,,,,,,,,C16,533862946a73608c134d18b78226b6371ce7173c
3895086,1,23,904,634,00:12:29.944,Carry,904,False,no_360_frame,False,False,749.944,118,85fb1b5b-06e8-4876-8ed2-b48c8fb4b525,False,True,True,unsupported_or_unlinked_frame,,,49.3,61.2,59.8,62.2,,,,,,,,114.702,Odilon Kossonou,Bayer Leverkusen,,,no_360_frame,0.0,,,,,,,,,C16,533862946a73608c134d18b78226b6371ce7173c
3895086,1,23,904,635,00:12:31.710,Pass,904,False,no_360_frame,False,False,751.71,119,55b46c07-eecb-4166-8bf7-1363548a371e,False,True,True,unsupported_or_unlinked_frame,,,59.8,62.2,65.6,67.0,,,,,,,,116.46800000000007,Odilon Kossonou,Bayer Leverkusen,,,no_360_frame,1.7660000000000764,,,,,,,,,C16,533862946a73608c134d18b78226b6371ce7173c
3895086,1,23,904,636,00:12:32.406,Ball Receipt*,904,True,unsupported_event_type,False,False,752.406,120,5336bcda-2b08-4044-a7c9-2887243a0fdd,False,False,False,not_leverkusen_pass_carry,,,65.6,67.0,,,,,,,,,,117.164,Victor Okoh Boniface,Bayer Leverkusen,,,linked_360_unsupported_semantics,0.6959999999999127,,,,,,,,,C16,533862946a73608c134d18b78226b6371ce7173c
3895086,1,23,904,637,00:12:32.406,Carry,904,True,validated_core_event_team_scope,True,False,752.406,121,df243b82-ef6f-4697-b97e-e0543168797d,True,True,True,safe_validated_frame_vector,65.6,67.0,65.6,67.0,65.6,67.0,65.6,67.0,65.6,67.0,0.0,0.0,0.0,117.164,Victor Okoh Boniface,Bayer Leverkusen,,,validated_spatial_anchor,0.0,85.5,19.90000000000001,,,,,,,C16,533862946a73608c134d18b78226b6371ce7173c
3895086,1,23,904,638,00:12:32.447,Pass,904,True,validated_core_event_team_scope,True,False,752.447,122,dfe0b7b2-4c10-40c2-9ae4-b0a8aac2fb0c,True,True,True,safe_validated_frame_vector,65.6,67.0,65.6,67.0,71.4,55.5,65.6,67.0,71.4,55.5,5.800000000000011,-11.5,12.879829191413997,117.20500000000004,Victor Okoh Boniface,Bayer Leverkusen,,,validated_spatial_anchor,0.0410000000000536,85.5,14.099999999999994,positive_0014,1.0,,,,,C16,533862946a73608c134d18b78226b6371ce7173c
3895086,1,23,904,639,00:12:33.577,Ball Receipt*,904,True,unsupported_event_type,False,False,753.577,123,f851b0e7-e6b8-4879-8450-30b43ee4b3be,False,False,False,not_leverkusen_pass_carry,,,71.4,55.5,,,,,,,,,,118.33500000000004,Exequiel Alejandro Palacios,Bayer Leverkusen,,,linked_360_unsupported_semantics,1.1299999999999957,,,,,,,,,C16,533862946a73608c134d18b78226b6371ce7173c
3895086,1,23,904,640,00:12:33.577,Pass,904,True,validated_core_event_team_scope,True,False,753.577,124,6b9a6249-6b39-4074-be4c-0acbb94e5142,True,True,True,safe_validated_frame_vector,71.4,55.5,71.4,55.5,92.0,71.1,71.4,55.5,92.0,71.1,20.599999999999994,15.599999999999994,25.840278636268604,118.33500000000004,Exequiel Alejandro Palacios,Bayer Leverkusen,pass.outcome:Incomplete,,validated_spatial_anchor,0.0,92.0,0.0,positive_0014,2.0,,,,,C16,533862946a73608c134d18b78226b6371ce7173c
3895086,1,23,904,641,00:12:35.838,Pressure,904,True,validated_core_event_team_scope,True,False,755.838,125,cdde52a0-908c-4ef7-a968-8f1c08e9e83e,False,False,False,not_leverkusen_pass_carry,93.0,67.7,93.0,67.7,,,,,,,,,,120.596,Jeremie Frimpong,Bayer Leverkusen,,,validated_spatial_anchor,2.2609999999999677,,,,,,,,,C16,533862946a73608c134d18b78226b6371ce7173c
3895086,1,23,904,642,00:12:36.462,Ball Receipt*,904,False,no_360_frame,False,False,756.462,126,7bdfaff3-7356-44c8-9ac9-a0b4e7e87e73,False,False,False,not_leverkusen_pass_carry,,,86.8,62.8,,,,,,,,,,121.22000000000004,Jeremie Frimpong,Bayer Leverkusen,ball_receipt.outcome:Incomplete,,no_360_frame,0.6240000000000236,,,,,,,,,C16,533862946a73608c134d18b78226b6371ce7173c
3895086,1,23,904,643,00:12:36.462,Ball Recovery,201,False,no_360_frame,False,False,756.462,127,c44ba8ce-70d9-4091-9b76-93ba8fa8a6c9,False,False,False,not_leverkusen_pass_carry,,,28.1,9.0,,,,,,,,,,121.22000000000004,Jonas Föhrenbach,FC Heidenheim,type:Ball Recovery,,no_360_frame,0.0,,,,,,,,,C16,533862946a73608c134d18b78226b6371ce7173c
3895086,1,23,904,644,00:12:36.462,Carry,201,False,no_360_frame,False,False,756.462,128,6e348d7c-c0f4-44de-af5d-f61523a1278c,False,False,False,not_leverkusen_pass_carry,,,28.1,9.0,,,,,,,,,,121.22000000000004,Jonas Föhrenbach,FC Heidenheim,,,no_360_frame,0.0,,,,,,,,,C16,533862946a73608c134d18b78226b6371ce7173c
3895086,1,23,904,645,00:12:37.520,Pass,201,False,no_360_frame,False,False,757.52,129,b9e6d631-6ace-4bfb-953e-91c772f9f109,False,False,False,not_leverkusen_pass_carry,,,30.1,6.9,,,,,,,,,,122.27800000000002,Jonas Föhrenbach,FC Heidenheim,pass.outcome:Incomplete,,no_360_frame,1.0579999999999927,,,,,,,,,C16,533862946a73608c134d18b78226b6371ce7173c
3895086,1,23,904,646,00:12:38.371,Ball Receipt*,201,True,unsupported_event_type,False,False,758.371,130,8d2c6d47-6702-493d-a4ae-b03cce5361a3,False,False,False,not_leverkusen_pass_carry,,,42.9,5.1,,,,,,,,,,123.12900000000002,Jan-Niklas Beste,FC Heidenheim,ball_receipt.outcome:Incomplete,,linked_360_unsupported_semantics,0.8509999999999991,,,,,,,,,C16,533862946a73608c134d18b78226b6371ce7173c
3895086,1,23,904,647,00:12:38.371,Interception,904,True,unsupported_event_type,False,False,758.371,131,fae7ee9e-7d49-436d-82cb-b110050fdaf1,False,False,False,not_leverkusen_pass_carry,,,79.8,74.4,,,,,,,,,,123.12900000000002,Exequiel Alejandro Palacios,Bayer Leverkusen,type:Interception;counterpress:true;interception.outcome:Lost In Play,,linked_360_unsupported_semantics,0.0,,,,,,,,,C16,533862946a73608c134d18b78226b6371ce7173c
3895086,1,23,904,648,00:12:39.383,Pass,201,True,validated_core_event_team_scope,True,False,759.383,132,279e527f-0e67-4b11-8fcf-ab8e8663fe3f,False,False,False,not_leverkusen_pass_carry,93.2,66.9,26.8,13.1,,,,,,,,,,124.14100000000008,Tim Siersleben,FC Heidenheim,pass.outcome:Incomplete;pass.type:Recovery,,validated_spatial_anchor,1.0120000000000573,,,,,,,,,C16,533862946a73608c134d18b78226b6371ce7173c
3895086,1,23,904,649,00:12:40.772,Ball Receipt*,201,True,unsupported_event_type,False,False,760.772,133,d9c802ff-092a-4fe4-a293-d2edca3178c9,False,False,False,not_leverkusen_pass_carry,,,43.5,21.0,,,,,,,,,,125.53000000000009,Nikola Dovedan,FC Heidenheim,ball_receipt.outcome:Incomplete,,linked_360_unsupported_semantics,1.38900000000001,,,,,,,,,C16,533862946a73608c134d18b78226b6371ce7173c
3895086,1,23,904,650,00:12:40.772,Duel,201,True,unsupported_event_type,False,False,760.772,134,016e75f4-8c95-4d4b-86a6-c9c6b73751ad,False,False,False,not_leverkusen_pass_carry,,,46.2,18.9,,,,,,,,,,125.53000000000009,Nikola Dovedan,FC Heidenheim,type:Duel,,linked_360_unsupported_semantics,0.0,,,,,,,,,C16,533862946a73608c134d18b78226b6371ce7173c
3895086,1,23,904,651,00:12:40.772,Pass,904,True,validated_core_event_team_scope,True,False,760.772,135,1c295f11-5015-4f87-a7d4-d658dca65cad,True,True,True,safe_validated_frame_vector,73.9,61.2,73.9,61.2,100.3,66.0,73.9,61.2,100.3,66.0,26.39999999999999,4.799999999999997,26.832815729997467,125.53000000000009,Granit Xhaka,Bayer Leverkusen,pass.type:Recovery,,validated_spatial_anchor,0.0,100.3,0.0,positive_0014,3.0,,,,,C16,533862946a73608c134d18b78226b6371ce7173c
3895086,1,23,904,652,00:12:42.059,Ball Receipt*,904,True,unsupported_event_type,False,False,762.059,136,5d18054e-3e4d-482e-bc03-6b08db62edde,False,False,False,not_leverkusen_pass_carry,,,100.3,66.0,,,,,,,,,,126.817,Jonas Hofmann,Bayer Leverkusen,,,linked_360_unsupported_semantics,1.2869999999999209,,,,,,,,,C16,533862946a73608c134d18b78226b6371ce7173c
3895086,1,23,904,653,00:12:42.059,Carry,904,True,validated_core_event_team_scope,True,False,762.059,137,ac8dad2c-4597-46fe-89c3-e68c94070c15,True,True,True,safe_validated_frame_vector,100.3,66.0,100.3,66.0,116.7,67.3,100.3,66.0,116.7,67.3,16.400000000000006,1.2999999999999972,16.45144370564481,126.817,Jonas Hofmann,Bayer Leverkusen,,,validated_spatial_anchor,0.0,116.7,0.0,positive_0014,4.0,,,,,C16,533862946a73608c134d18b78226b6371ce7173c
3895086,1,23,904,654,00:12:45.180,Pass,904,True,validated_core_event_team_scope,True,False,765.18,138,8be98ed2-5234-4831-8141-18ee4e599fac,True,True,True,safe_validated_frame_vector,116.7,67.3,116.7,67.3,105.5,49.6,116.7,67.3,105.5,49.6,-11.200000000000005,-17.699999999999996,20.94588265029669,129.938,Jonas Hofmann,Bayer Leverkusen,pass.outcome:Incomplete,,validated_spatial_anchor,3.120999999999981,116.7,11.200000000000005,,,negative_0009,1.0,nonpositive_0009,1.0,C16,533862946a73608c134d18b78226b6371ce7173c
3895086,1,23,904,655,00:12:46.530,Ball Receipt*,904,True,unsupported_event_type,False,False,766.53,139,2537b546-356f-4f0f-a631-4c8a47d4a4fc,False,False,False,not_leverkusen_pass_carry,,,101.0,45.1,,,,,,,,,,131.288,Victor Okoh Boniface,Bayer Leverkusen,ball_receipt.outcome:Incomplete,,linked_360_unsupported_semantics,1.3500000000000227,,,,,,,,,C16,533862946a73608c134d18b78226b6371ce7173c
3895086,1,23,904,656,00:12:46.530,Clearance,201,True,unsupported_event_type,False,False,766.53,140,fdbc437c-55b5-4281-a1d6-e9f6883bbe0c,False,False,False,not_leverkusen_pass_carry,,,14.6,30.5,,,,,,,,,,131.288,Tim Siersleben,FC Heidenheim,type:Clearance,,linked_360_unsupported_semantics,0.0,,,,,,,,,C16,533862946a73608c134d18b78226b6371ce7173c
3895086,1,23,904,657,00:12:48.712,Pressure,904,True,validated_core_event_team_scope,True,False,768.712,141,f058e34d-d644-4e52-9fd8-8412435d54c1,False,False,False,not_leverkusen_pass_carry,75.9,70.8,75.9,70.8,,,,,,,,,,133.47000000000003,Odilon Kossonou,Bayer Leverkusen,,,validated_spatial_anchor,2.1820000000000164,,,,,,,,,C16,533862946a73608c134d18b78226b6371ce7173c
3895086,1,23,904,658,00:12:48.901,Ball Recovery,201,True,unsupported_event_type,False,False,768.901,142,74ba4b71-e113-49ad-8b75-e3919e1d48e9,False,False,False,not_leverkusen_pass_carry,,,40.9,10.5,,,,,,,,,,133.659,Tim Kleindienst,FC Heidenheim,type:Ball Recovery,,linked_360_unsupported_semantics,0.1889999999999645,,,,,,,,,C16,533862946a73608c134d18b78226b6371ce7173c
3895086,1,23,904,659,00:12:49.891,Pressure,201,True,validated_core_event_team_scope,True,False,769.891,143,0760412d-3175-4132-9d76-f3f9d3753ba7,False,False,False,not_leverkusen_pass_carry,80.6,65.9,39.4,14.1,,,,,,,,,,134.649,Tim Kleindienst,FC Heidenheim,,,validated_spatial_anchor,0.9900000000000092,,,,,,,,,C16,533862946a73608c134d18b78226b6371ce7173c
3895086,1,23,904,660,00:12:50.257,Pass,904,True,validated_core_event_team_scope,True,False,770.257,144,e0874c88-1967-4dcd-bf59-b3418ab4bbac,True,True,True,safe_validated_frame_vector,83.7,61.8,83.7,61.8,90.6,70.2,83.7,61.8,90.6,70.2,6.899999999999992,8.400000000000006,10.870602559196064,135.015,Granit Xhaka,Bayer Leverkusen,pass.type:Recovery,,validated_spatial_anchor,0.3659999999999854,116.7,26.10000000000001,positive_0015,1.0,,,,,C16,533862946a73608c134d18b78226b6371ce7173c
3895086,1,23,904,661,00:12:51.082,Ball Receipt*,904,True,unsupported_event_type,False,False,771.082,145,d4b98c31-9c21-4d6d-80c7-dfebce92e16b,False,False,False,not_leverkusen_pass_carry,,,90.6,70.2,,,,,,,,,,135.84000000000003,Jeremie Frimpong,Bayer Leverkusen,,,linked_360_unsupported_semantics,0.8250000000000455,,,,,,,,,C16,533862946a73608c134d18b78226b6371ce7173c
3895086,1,23,904,662,00:12:51.082,Carry,904,True,validated_core_event_team_scope,True,False,771.082,146,4a36d2c3-53e7-4b37-9842-95f2df78d431,True,True,True,safe_validated_frame_vector,90.6,70.2,90.6,70.2,94.5,70.8,90.6,70.2,94.5,70.8,3.9000000000000057,0.5999999999999943,3.945883931389776,135.84000000000003,Jeremie Frimpong,Bayer Leverkusen,,,validated_spatial_anchor,0.0,116.7,22.200000000000003,positive_0015,2.0,,,,,C16,533862946a73608c134d18b78226b6371ce7173c
3895086,1,23,904,663,00:12:51.880,Pressure,201,True,validated_core_event_team_scope,True,False,771.88,147,d396cec4-527f-4bbf-a950-8421010d5bed,False,False,False,not_leverkusen_pass_carry,89.9,66.5,30.1,13.5,,,,,,,,,,136.63800000000003,Nikola Dovedan,FC Heidenheim,,,validated_spatial_anchor,0.7980000000000018,,,,,,,,,C16,533862946a73608c134d18b78226b6371ce7173c
3895086,1,23,904,664,00:12:52.300,Pass,904,True,validated_core_event_team_scope,True,False,772.3,148,cbc39fd9-8082-4046-8e1e-fcf1444b73f9,True,True,True,safe_validated_frame_vector,94.5,70.8,94.5,70.8,110.9,8.9,94.5,70.8,110.9,8.9,16.400000000000006,-61.9,64.03569317185533,137.058,Jeremie Frimpong,Bayer Leverkusen,,,validated_spatial_anchor,0.4199999999999591,116.7,5.799999999999997,positive_0015,3.0,,,,,C16,533862946a73608c134d18b78226b6371ce7173c
3895086,1,23,904,665,00:12:56.985,Ball Receipt*,904,False,no_360_frame,False,False,776.985,149,25ea37da-eaf3-4dc5-97c6-921d22e737e9,False,False,False,not_leverkusen_pass_carry,,,110.9,8.9,,,,,,,,,,141.74300000000005,Alejandro Grimaldo García,Bayer Leverkusen,,,no_360_frame,4.685000000000059,,,,,,,,,C16,533862946a73608c134d18b78226b6371ce7173c
3895086,1,23,904,666,00:12:56.985,Carry,904,False,no_360_frame,False,False,776.985,150,f9f4035b-38b5-4121-9e96-e54bc05c1218,False,True,True,unsupported_or_unlinked_frame,,,110.9,8.9,107.4,4.4,,,,,,,,141.74300000000005,Alejandro Grimaldo García,Bayer Leverkusen,,,no_360_frame,0.0,,,,,,,,,C16,533862946a73608c134d18b78226b6371ce7173c
3895086,1,23,904,667,00:12:56.997,Pressure,201,False,no_360_frame,False,False,776.997,151,46f2a7a8-c323-4182-8643-abb3107709d0,False,False,False,not_leverkusen_pass_carry,,,8.9,68.6,,,,,,,,,,141.755,Omar Haktab Traorè,FC Heidenheim,,,no_360_frame,0.0119999999999436,,,,,,,,,C16,533862946a73608c134d18b78226b6371ce7173c
3895086,1,23,904,668,00:12:58.317,Pass,904,False,no_360_frame,False,False,778.317,152,8a417e42-234c-4411-b7bc-eb1dadba5d64,False,True,True,unsupported_or_unlinked_frame,,,107.4,4.4,97.8,11.8,,,,,,,,143.07500000000005,Alejandro Grimaldo García,Bayer Leverkusen,,,no_360_frame,1.32000000000005,,,,,,,,,C16,533862946a73608c134d18b78226b6371ce7173c
3895086,1,23,904,669,00:12:59.362,Pressure,201,False,no_360_frame,False,False,779.362,153,ea7ca9ef-195b-4827-a847-15d241b0e3f7,False,False,False,not_leverkusen_pass_carry,,,18.8,66.4,,,,,,,,,,144.12,Patrick Mainka,FC Heidenheim,,,no_360_frame,1.044999999999959,,,,,,,,,C16,533862946a73608c134d18b78226b6371ce7173c
3895086,1,23,904,670,00:12:59.394,Ball Receipt*,904,False,no_360_frame,False,False,779.394,154,fe9cc438-81fb-47de-b106-1c3969595851,False,False,False,not_leverkusen_pass_carry,,,97.8,11.8,,,,,,,,,,144.15200000000004,Florian Wirtz,Bayer Leverkusen,,,no_360_frame,0.0320000000000391,,,,,,,,,C16,533862946a73608c134d18b78226b6371ce7173c
3895086,1,23,904,671,00:12:59.394,Carry,904,False,no_360_frame,False,False,779.394,155,c57ef35b-0e59-4555-84ac-0051abd6391a,False,True,True,unsupported_or_unlinked_frame,,,97.8,11.8,99.3,10.7,,,,,,,,144.15200000000004,Florian Wirtz,Bayer Leverkusen,,,no_360_frame,0.0,,,,,,,,,C16,533862946a73608c134d18b78226b6371ce7173c
3895086,1,23,904,672,00:13:00.163,Pass,904,False,no_360_frame,False,False,780.163,156,9a1df576-540d-45a0-98dd-55aaf0499a0a,False,True,True,unsupported_or_unlinked_frame,,,99.3,10.7,100.3,3.1,,,,,,,,144.92100000000005,Florian Wirtz,Bayer Leverkusen,,,no_360_frame,0.7690000000000055,,,,,,,,,C16,533862946a73608c134d18b78226b6371ce7173c
3895086,1,23,904,673,00:13:00.755,Pressure,201,False,no_360_frame,False,False,780.755,157,f0add000-df54-4d1b-a701-2ae07f4d168e,False,False,False,not_leverkusen_pass_carry,,,16.9,76.3,,,,,,,,,,145.51300000000003,Omar Haktab Traorè,FC Heidenheim,,,no_360_frame,0.5919999999999845,,,,,,,,,C16,533862946a73608c134d18b78226b6371ce7173c
3895086,1,23,904,674,00:13:01.067,Ball Receipt*,904,False,no_360_frame,False,False,781.067,158,af49584d-9dc3-4b5c-a26d-f57bbba55e68,False,False,False,not_leverkusen_pass_carry,,,100.3,3.1,,,,,,,,,,145.82500000000005,Alejandro Grimaldo García,Bayer Leverkusen,,,no_360_frame,0.3120000000000118,,,,,,,,,C16,533862946a73608c134d18b78226b6371ce7173c
3895086,1,23,904,675,00:13:01.067,Carry,904,False,no_360_frame,False,False,781.067,159,cfe50e7d-2f85-4762-a7d0-702cf416a324,False,True,True,unsupported_or_unlinked_frame,,,100.3,3.1,89.4,5.0,,,,,,,,145.82500000000005,Alejandro Grimaldo García,Bayer Leverkusen,,,no_360_frame,0.0,,,,,,,,,C16,533862946a73608c134d18b78226b6371ce7173c
3895086,1,23,904,676,00:13:02.698,Pass,904,False,no_360_frame,False,False,782.698,160,39eb8b03-ebdd-4664-a16e-6d0bf573d5a5,False,True,True,unsupported_or_unlinked_frame,,,89.4,5.0,73.6,9.2,,,,,,,,147.45600000000002,Alejandro Grimaldo García,Bayer Leverkusen,,,no_360_frame,1.6309999999999718,,,,,,,,,C16,533862946a73608c134d18b78226b6371ce7173c
3895086,1,23,904,677,00:13:04.204,Ball Receipt*,904,True,unsupported_event_type,False,False,784.204,161,e34ff42e-cfdb-4451-81d0-6a341edf475a,False,False,False,not_leverkusen_pass_carry,,,73.6,9.2,,,,,,,,,,148.962,Edmond Fayçal Tapsoba,Bayer Leverkusen,,,linked_360_unsupported_semantics,1.5059999999999718,,,,,,,,,C16,533862946a73608c134d18b78226b6371ce7173c
3895086,1,23,904,678,00:13:04.204,Carry,904,True,validated_core_event_team_scope,True,False,784.204,162,cc07da11-78b6-4253-94cf-b213e1a502f4,True,True,True,safe_validated_frame_vector,73.6,9.2,73.6,9.2,73.6,10.7,73.6,9.2,73.6,10.7,0.0,1.5,1.5,148.962,Edmond Fayçal Tapsoba,Bayer Leverkusen,,,validated_spatial_anchor,0.0,116.7,43.10000000000001,,,,,nonpositive_0010,1.0,C16,533862946a73608c134d18b78226b6371ce7173c
3895086,1,23,904,679,00:13:05.278,Pressure,201,True,validated_core_event_team_scope,True,False,785.278,163,0bba69d1-c52d-4f5e-b76a-975865318c0e,False,False,False,not_leverkusen_pass_carry,78.3,9.400000000000006,41.7,70.6,,,,,,,,,,150.03600000000006,Eren Sami Dinkçi,FC Heidenheim,,,validated_spatial_anchor,1.0740000000000691,,,,,,,,,C16,533862946a73608c134d18b78226b6371ce7173c
3895086,1,23,904,680,00:13:06.207,Pass,904,True,validated_core_event_team_scope,True,False,786.207,164,d1552c78-4bf9-47e8-9549-355199834acb,True,True,True,safe_validated_frame_vector,73.6,10.7,73.6,10.7,62.8,26.5,73.6,10.7,62.8,26.5,-10.799999999999995,15.8,19.138442987871297,150.96500000000003,Edmond Fayçal Tapsoba,Bayer Leverkusen,,,validated_spatial_anchor,0.9289999999999736,116.7,53.900000000000006,,,negative_0010,1.0,nonpositive_0010,2.0,C16,533862946a73608c134d18b78226b6371ce7173c
3895086,1,23,904,681,00:13:07.199,Ball Receipt*,904,True,unsupported_event_type,False,False,787.199,165,9e4ef691-b02a-4826-86fe-cf6ea2d5f0bf,False,False,False,not_leverkusen_pass_carry,,,62.8,26.5,,,,,,,,,,151.957,Jonathan Tah,Bayer Leverkusen,,,linked_360_unsupported_semantics,0.9919999999999618,,,,,,,,,C16,533862946a73608c134d18b78226b6371ce7173c
3895086,1,23,904,682,00:13:07.199,Carry,904,True,validated_core_event_team_scope,True,False,787.199,166,dc8d3b01-7c94-406d-ba6d-5a4815eb95b3,True,True,True,safe_validated_frame_vector,62.8,26.5,62.8,26.5,66.6,30.1,62.8,26.5,66.6,30.1,3.799999999999997,3.6000000000000014,5.234500931320959,151.957,Jonathan Tah,Bayer Leverkusen,,,validated_spatial_anchor,0.0,116.7,50.10000000000001,positive_0016,1.0,,,,,C16,533862946a73608c134d18b78226b6371ce7173c
3895086,1,23,904,683,00:13:09.641,Pass,904,True,validated_core_event_team_scope,True,False,789.641,167,5d36be44-55e1-403e-ac7f-4c45a17fc5a7,True,True,True,safe_validated_frame_vector,66.6,30.1,66.6,30.1,102.0,66.3,66.6,30.1,102.0,66.3,35.400000000000006,36.2,50.63200568810206,154.399,Jonathan Tah,Bayer Leverkusen,,,validated_spatial_anchor,2.4420000000000077,116.7,14.700000000000005,positive_0016,2.0,,,,,C16,533862946a73608c134d18b78226b6371ce7173c
3895086,1,23,904,684,00:13:11.985,Ball Receipt*,904,True,unsupported_event_type,False,False,791.985,168,76f9f8fa-7524-466d-a388-e78169a68f6e,False,False,False,not_leverkusen_pass_carry,,,102.0,66.3,,,,,,,,,,156.74300000000005,Jeremie Frimpong,Bayer Leverkusen,,,linked_360_unsupported_semantics,2.344000000000051,,,,,,,,,C16,533862946a73608c134d18b78226b6371ce7173c
3895086,1,23,904,685,00:13:11.985,Carry,904,True,validated_core_event_team_scope,True,False,791.985,169,286a034a-3097-4994-aa58-c7c8f8cfcca0,True,True,True,safe_validated_frame_vector,102.0,66.3,102.0,66.3,105.8,56.7,102.0,66.3,105.8,56.7,3.799999999999997,-9.599999999999994,10.32472759931224,156.74300000000005,Jeremie Frimpong,Bayer Leverkusen,,,validated_spatial_anchor,0.0,116.7,10.900000000000006,positive_0016,3.0,,,,,C16,533862946a73608c134d18b78226b6371ce7173c
3895086,1,23,904,686,00:13:15.907,Pressure,201,True,validated_core_event_team_scope,True,False,795.907,170,ab3f3f85-2264-4124-bf13-380fee6eee05,False,False,False,not_leverkusen_pass_carry,108.8,53.7,11.2,26.3,,,,,,,,,,160.66500000000008,Jonas Föhrenbach,FC Heidenheim,,,validated_spatial_anchor,3.9220000000000255,,,,,,,,,C16,533862946a73608c134d18b78226b6371ce7173c
3895086,1,23,904,687,00:13:16.336,Pass,904,True,validated_core_event_team_scope,True,False,796.336,171,24185d9c-12c0-4405-96eb-a6f5c97ae9e4,True,True,True,safe_validated_frame_vector,105.8,56.7,105.8,56.7,103.8,43.9,105.8,56.7,103.8,43.9,-2.0,-12.800000000000004,12.955307792561324,161.09400000000005,Jeremie Frimpong,Bayer Leverkusen,,,validated_spatial_anchor,0.4289999999999736,116.7,12.900000000000006,,,negative_0011,1.0,nonpositive_0011,1.0,C16,533862946a73608c134d18b78226b6371ce7173c
3895086,1,23,904,688,00:13:17.107,Ball Receipt*,904,True,unsupported_event_type,False,False,797.107,172,0430e59d-5f1f-4b2a-b3c8-5f38b7746f59,False,False,False,not_leverkusen_pass_carry,,,103.8,43.9,,,,,,,,,,161.865,Victor Okoh Boniface,Bayer Leverkusen,,,linked_360_unsupported_semantics,0.7709999999999582,,,,,,,,,C16,533862946a73608c134d18b78226b6371ce7173c
3895086,1,23,904,689,00:13:17.107,Carry,904,True,validated_core_event_team_scope,True,False,797.107,173,22c05631-b0ef-4f38-a385-90bc31196682,True,True,True,safe_validated_frame_vector,103.8,43.9,103.8,43.9,102.6,44.2,103.8,43.9,102.6,44.2,-1.2000000000000028,0.3000000000000042,1.236931687685302,161.865,Victor Okoh Boniface,Bayer Leverkusen,,,validated_spatial_anchor,0.0,116.7,14.100000000000009,,,negative_0011,2.0,nonpositive_0011,2.0,C16,533862946a73608c134d18b78226b6371ce7173c
3895086,1,23,904,690,00:13:18.131,Pass,904,True,validated_core_event_team_scope,True,False,798.131,174,f7a8994d-aa71-4a39-a894-d6195ee3479e,True,True,True,safe_validated_frame_vector,102.6,44.2,102.6,44.2,90.6,41.2,102.6,44.2,90.6,41.2,-12.0,-3.0,12.36931687685298,162.889,Victor Okoh Boniface,Bayer Leverkusen,,,validated_spatial_anchor,1.024000000000001,116.7,26.10000000000001,,,negative_0011,3.0,nonpositive_0011,3.0,C16,533862946a73608c134d18b78226b6371ce7173c
3895086,1,23,904,691,00:13:19.354,Ball Receipt*,904,True,unsupported_event_type,False,False,799.354,175,7c0a1505-696d-4abc-a4d3-ac60860bbbf5,False,False,False,not_leverkusen_pass_carry,,,90.6,41.2,,,,,,,,,,164.11200000000008,Granit Xhaka,Bayer Leverkusen,,,linked_360_unsupported_semantics,1.22300000000007,,,,,,,,,C16,533862946a73608c134d18b78226b6371ce7173c
3895086,1,23,904,692,00:13:19.354,Pass,904,True,validated_core_event_team_scope,True,False,799.354,176,d4906d3f-af71-421d-be73-5eb0bc36944c,True,True,True,safe_validated_frame_vector,90.6,41.2,90.6,41.2,90.0,49.9,90.6,41.2,90.0,49.9,-0.5999999999999943,8.699999999999996,8.720665112249176,164.11200000000008,Granit Xhaka,Bayer Leverkusen,,,validated_spatial_anchor,0.0,116.7,26.700000000000003,,,negative_0011,4.0,nonpositive_0011,4.0,C16,533862946a73608c134d18b78226b6371ce7173c
3895086,1,23,904,693,00:13:20.075,Ball Receipt*,904,True,unsupported_event_type,False,False,800.075,177,fb2bd0ea-04a1-44d6-a139-d9c0caecba78,False,False,False,not_leverkusen_pass_carry,,,90.0,49.9,,,,,,,,,,164.83300000000008,Exequiel Alejandro Palacios,Bayer Leverkusen,,,linked_360_unsupported_semantics,0.7210000000000036,,,,,,,,,C16,533862946a73608c134d18b78226b6371ce7173c
3895086,1,23,904,694,00:13:20.075,Carry,904,True,validated_core_event_team_scope,True,False,800.075,178,9157f65f-fc8e-4e82-9d46-6dfdc7b3ef7a,True,True,True,safe_validated_frame_vector,90.0,49.9,90.0,49.9,90.3,48.7,90.0,49.9,90.3,48.7,0.2999999999999971,-1.1999999999999955,1.2369316876852934,164.83300000000008,Exequiel Alejandro Palacios,Bayer Leverkusen,,,validated_spatial_anchor,0.0,116.7,26.40000000000001,positive_0017,1.0,,,,,C16,533862946a73608c134d18b78226b6371ce7173c
3895086,1,23,904,695,00:13:21.553,Pass,904,True,validated_core_event_team_scope,True,False,801.553,179,50de48a5-11f9-4a5b-8bc2-fae34eb2f66d,True,True,True,safe_validated_frame_vector,90.3,48.7,90.3,48.7,83.4,38.5,90.3,48.7,83.4,38.5,-6.899999999999992,-10.200000000000005,12.314625451064272,166.31100000000004,Exequiel Alejandro Palacios,Bayer Leverkusen,,,validated_spatial_anchor,1.4779999999999518,116.7,33.3,,,negative_0012,1.0,nonpositive_0012,1.0,C16,533862946a73608c134d18b78226b6371ce7173c
3895086,1,23,904,696,00:13:22.534,Ball Receipt*,904,True,unsupported_event_type,False,False,802.534,180,5e22cb21-bc62-455d-a52e-9b0f0e8ebe35,False,False,False,not_leverkusen_pass_carry,,,83.4,38.5,,,,,,,,,,167.29200000000003,Granit Xhaka,Bayer Leverkusen,,,linked_360_unsupported_semantics,0.9809999999999944,,,,,,,,,C16,533862946a73608c134d18b78226b6371ce7173c
3895086,1,23,904,697,00:13:22.534,Carry,904,True,validated_core_event_team_scope,True,False,802.534,181,cfae48a0-9e11-4166-bd79-bd850abf8007,True,True,True,safe_validated_frame_vector,83.4,38.5,83.4,38.5,80.4,28.9,83.4,38.5,80.4,28.9,-3.0,-9.6,10.057832768544127,167.29200000000003,Granit Xhaka,Bayer Leverkusen,,,validated_spatial_anchor,0.0,116.7,36.3,,,negative_0012,2.0,nonpositive_0012,2.0,C16,533862946a73608c134d18b78226b6371ce7173c
3895086,1,23,904,698,00:13:24.218,Pass,904,True,validated_core_event_team_scope,True,False,804.218,182,43206df2-c231-4e1b-b518-3668d347dddf,True,True,True,safe_validated_frame_vector,80.4,28.9,80.4,28.9,69.1,37.2,80.4,28.9,69.1,37.2,-11.300000000000011,8.300000000000004,14.0206989840022,168.976,Granit Xhaka,Bayer Leverkusen,,,validated_spatial_anchor,1.683999999999969,116.7,47.60000000000001,,,negative_0012,3.0,nonpositive_0012,3.0,C16,533862946a73608c134d18b78226b6371ce7173c
3895086,1,23,904,699,00:13:25.430,Ball Receipt*,904,True,unsupported_event_type,False,False,805.43,183,3f59d743-7bd6-48a6-9be6-b3527111a6b7,False,False,False,not_leverkusen_pass_carry,,,69.1,37.2,,,,,,,,,,170.188,Edmond Fayçal Tapsoba,Bayer Leverkusen,,,linked_360_unsupported_semantics,1.211999999999989,,,,,,,,,C16,533862946a73608c134d18b78226b6371ce7173c
3895086,1,23,904,700,00:13:25.430,Carry,904,True,validated_core_event_team_scope,True,False,805.43,184,267507e2-05e3-4ee3-8b8d-12e694e7e324,True,True,True,safe_validated_frame_vector,69.1,37.2,69.1,37.2,73.0,35.2,69.1,37.2,73.0,35.2,3.9000000000000057,-2.0,4.38292140016223,170.188,Edmond Fayçal Tapsoba,Bayer Leverkusen,,,validated_spatial_anchor,0.0,116.7,43.7,positive_0018,1.0,,,,,C16,533862946a73608c134d18b78226b6371ce7173c
3895086,1,23,904,701,00:13:27.884,Pass,904,True,validated_core_event_team_scope,True,False,807.884,185,7559c271-96d2-4cce-98c8-a3b7f153bb63,True,True,True,safe_validated_frame_vector,73.0,35.2,73.0,35.2,80.4,32.0,73.0,35.2,80.4,32.0,7.400000000000006,-3.200000000000003,8.062257748298556,172.64200000000005,Edmond Fayçal Tapsoba,Bayer Leverkusen,,,validated_spatial_anchor,2.454000000000065,116.7,36.3,positive_0018,2.0,,,,,C16,533862946a73608c134d18b78226b6371ce7173c
3895086,1,23,904,702,00:13:28.690,Ball Receipt*,904,True,unsupported_event_type,False,False,808.69,186,308dba70-7e7e-49b0-9cfa-a7c7d30b23b9,False,False,False,not_leverkusen_pass_carry,,,80.4,32.0,,,,,,,,,,173.4480000000001,Alejandro Grimaldo García,Bayer Leverkusen,,,linked_360_unsupported_semantics,0.80600000000004,,,,,,,,,C16,533862946a73608c134d18b78226b6371ce7173c
3895086,1,23,904,703,00:13:28.690,Pass,904,True,validated_core_event_team_scope,True,False,808.69,187,d4fe181a-22e7-4e89-9e5d-3afc1a397552,True,True,True,safe_validated_frame_vector,80.4,32.0,80.4,32.0,71.4,33.7,80.4,32.0,71.4,33.7,-9.0,1.7000000000000028,9.159148432032316,173.4480000000001,Alejandro Grimaldo García,Bayer Leverkusen,,,validated_spatial_anchor,0.0,116.7,45.3,,,negative_0013,1.0,nonpositive_0013,1.0,C16,533862946a73608c134d18b78226b6371ce7173c
3895086,1,23,904,704,00:13:29.365,Ball Receipt*,904,True,unsupported_event_type,False,False,809.365,188,587a8301-fdbb-458e-84b9-295da57c1ba8,False,False,False,not_leverkusen_pass_carry,,,71.4,33.7,,,,,,,,,,174.12300000000005,Edmond Fayçal Tapsoba,Bayer Leverkusen,,,linked_360_unsupported_semantics,0.6749999999999545,,,,,,,,,C16,533862946a73608c134d18b78226b6371ce7173c
3895086,1,23,904,705,00:13:29.365,Carry,904,True,validated_core_event_team_scope,True,False,809.365,189,d56e7efb-e6da-42b3-a861-6736a1e73d50,True,True,True,safe_validated_frame_vector,71.4,33.7,71.4,33.7,71.4,41.7,71.4,33.7,71.4,41.7,0.0,8.0,8.0,174.12300000000005,Edmond Fayçal Tapsoba,Bayer Leverkusen,,,validated_spatial_anchor,0.0,116.7,45.3,,,,,nonpositive_0013,2.0,C16,533862946a73608c134d18b78226b6371ce7173c
3895086,1,23,904,706,00:13:31.156,Pass,904,True,validated_core_event_team_scope,True,False,811.156,190,276c7f7d-8259-4170-9ae0-a9dc57a2ef92,True,True,True,safe_validated_frame_vector,71.4,41.7,71.4,41.7,77.8,58.3,71.4,41.7,77.8,58.3,6.399999999999992,16.599999999999994,17.79100896520486,175.914,Edmond Fayçal Tapsoba,Bayer Leverkusen,,,validated_spatial_anchor,1.79099999999994,116.7,38.900000000000006,positive_0019,1.0,,,,,C16,533862946a73608c134d18b78226b6371ce7173c
3895086,1,23,904,707,00:13:32.081,Ball Receipt*,904,True,unsupported_event_type,False,False,812.081,191,95ce64ea-d44b-441c-a823-7303706bd091,False,False,False,not_leverkusen_pass_carry,,,77.8,58.3,,,,,,,,,,176.83900000000006,Odilon Kossonou,Bayer Leverkusen,,,linked_360_unsupported_semantics,0.9250000000000682,,,,,,,,,C16,533862946a73608c134d18b78226b6371ce7173c
3895086,1,23,904,708,00:13:32.081,Carry,904,True,validated_core_event_team_scope,True,False,812.081,192,8800af3f-0d84-4f8f-8a9b-3394490b4051,True,True,True,safe_validated_frame_vector,77.8,58.3,77.8,58.3,79.2,57.7,77.8,58.3,79.2,57.7,1.4000000000000057,-0.5999999999999943,1.5231546211727849,176.83900000000006,Odilon Kossonou,Bayer Leverkusen,,,validated_spatial_anchor,0.0,116.7,37.5,positive_0019,2.0,,,,,C16,533862946a73608c134d18b78226b6371ce7173c
3895086,1,23,904,709,00:13:33.198,Pass,904,True,validated_core_event_team_scope,True,False,813.198,193,3343e9dd-649e-484d-8446-b53e22083eb8,True,True,True,safe_validated_frame_vector,79.2,57.7,79.2,57.7,109.7,51.6,79.2,57.7,109.7,51.6,30.5,-6.100000000000001,31.10401903291599,177.95600000000002,Odilon Kossonou,Bayer Leverkusen,,,validated_spatial_anchor,1.1169999999999618,116.7,7.0,positive_0019,3.0,,,,,C16,533862946a73608c134d18b78226b6371ce7173c
3895086,1,23,904,710,00:13:35.631,Ball Receipt*,904,True,unsupported_event_type,False,False,815.631,194,461e3a5d-4abe-4dfd-867f-1012f7cedd03,False,False,False,not_leverkusen_pass_carry,,,109.7,51.6,,,,,,,,,,180.389,Jeremie Frimpong,Bayer Leverkusen,,,linked_360_unsupported_semantics,2.4329999999999927,,,,,,,,,C16,533862946a73608c134d18b78226b6371ce7173c
3895086,1,23,904,711,00:13:35.631,Miscontrol,904,True,unsupported_event_type,False,False,815.631,195,e1d6414f-96d0-4c04-9b1e-fd584ef61625,False,False,False,not_leverkusen_pass_carry,,,109.2,54.4,,,,,,,,,,180.389,Jeremie Frimpong,Bayer Leverkusen,type:Miscontrol,,linked_360_unsupported_semantics,0.0,,,,,,,,,C16,533862946a73608c134d18b78226b6371ce7173c
3895086,1,23,904,712,00:13:36.630,Clearance,201,True,unsupported_event_type,False,False,816.63,196,62c939a1-0389-4794-9234-4093df394fe7,False,False,False,not_leverkusen_pass_carry,,,3.7,29.1,,,,,,,,,,181.38800000000003,Tim Siersleben,FC Heidenheim,type:Clearance;out:true,,linked_360_unsupported_semantics,0.9990000000000236,,,,,,,,,C16,533862946a73608c134d18b78226b6371ce7173c
3895121,2,83,904,2066,00:03:10.103,Goal Keeper,904,True,unsupported_event_type,False,False,190.103,0,a187eb0e-1306-4e33-aa6d-d21cd667bcd9,False,False,False,not_leverkusen_pass_carry,,,4.9,36.3,,,,,,,,,,0.0,Lukáš Hrádecký,Bayer Leverkusen,,,linked_360_unsupported_semantics,,,,,,,,,,C17,533862946a73608c134d18b78226b6371ce7173c
3895121,2,83,904,2067,00:03:10.103,Carry,904,True,validated_core_event_team_scope,True,False,190.103,1,461d5d75-500e-4497-b23e-cdcf58e8befa,True,True,True,safe_validated_frame_vector,4.9,36.3,4.9,36.3,15.3,48.8,4.9,36.3,15.3,48.8,10.4,12.5,16.260688792299053,0.0,Lukáš Hrádecký,Bayer Leverkusen,,,validated_spatial_anchor,0.0,15.3,0.0,positive_0001,1.0,,,,,C17,533862946a73608c134d18b78226b6371ce7173c
3895121,2,83,904,2068,00:03:15.185,Pass,904,False,no_360_frame,False,False,195.185,2,a0ff08a9-e8a3-4fbc-85dd-bd9e4e94c3ef,False,True,True,unsupported_or_unlinked_frame,,,15.3,48.8,27.6,62.4,,,,,,,,5.081999999999994,Lukáš Hrádecký,Bayer Leverkusen,,,no_360_frame,5.081999999999994,,,,,,,,,C17,533862946a73608c134d18b78226b6371ce7173c
3895121,2,83,904,2069,00:03:16.291,Ball Receipt*,904,True,unsupported_event_type,False,False,196.291,3,61196c0b-fbb6-436a-9fae-37860a0dd377,False,False,False,not_leverkusen_pass_carry,,,27.6,62.4,,,,,,,,,,6.187999999999988,Odilon Kossonou,Bayer Leverkusen,,,linked_360_unsupported_semantics,1.1059999999999943,,,,,,,,,C17,533862946a73608c134d18b78226b6371ce7173c
3895121,2,83,904,2070,00:03:16.291,Carry,904,True,validated_core_event_team_scope,True,False,196.291,4,1063d24d-414e-4ab5-919b-7e2ded59fef5,True,True,True,safe_validated_frame_vector,27.6,62.4,27.6,62.4,30.2,65.2,27.6,62.4,30.2,65.2,2.599999999999998,2.8000000000000043,3.8209946349085615,6.187999999999988,Odilon Kossonou,Bayer Leverkusen,,,validated_spatial_anchor,0.0,30.2,0.0,positive_0001,2.0,,,,,C17,533862946a73608c134d18b78226b6371ce7173c
3895121,2,83,904,2071,00:03:17.788,Pass,904,True,validated_core_event_team_scope,True,False,197.788,5,f44f7669-90f2-435a-b93b-a910a8ca2bcc,True,True,True,safe_validated_frame_vector,30.2,65.2,30.2,65.2,42.5,74.1,30.2,65.2,42.5,74.1,12.3,8.899999999999991,15.182226450688972,7.685000000000002,Odilon Kossonou,Bayer Leverkusen,,,validated_spatial_anchor,1.497000000000014,42.5,0.0,positive_0001,3.0,,,,,C17,533862946a73608c134d18b78226b6371ce7173c
3895121,2,83,904,2072,00:03:18.820,Ball Receipt*,904,True,unsupported_event_type,False,False,198.82,6,787ffc1b-8a65-41dd-9b79-e43f32b9f96b,False,False,False,not_leverkusen_pass_carry,,,42.5,74.1,,,,,,,,,,8.716999999999985,Jeremie Frimpong,Bayer Leverkusen,,,linked_360_unsupported_semantics,1.0319999999999825,,,,,,,,,C17,533862946a73608c134d18b78226b6371ce7173c
3895121,2,83,904,2073,00:03:18.820,Carry,904,True,validated_core_event_team_scope,True,False,198.82,7,fdf97b19-7d7a-40c4-b928-6de1f2c19952,True,True,True,safe_validated_frame_vector,42.5,74.1,42.5,74.1,48.7,75.7,42.5,74.1,48.7,75.7,6.200000000000003,1.6000000000000083,6.403124237432853,8.716999999999985,Jeremie Frimpong,Bayer Leverkusen,,,validated_spatial_anchor,0.0,48.7,0.0,positive_0001,4.0,,,,,C17,533862946a73608c134d18b78226b6371ce7173c
3895121,2,83,904,2074,00:03:21.357,Pass,904,True,validated_core_event_team_scope,True,False,201.357,8,685c03bf-1d1d-4bad-9c23-18e1f9edbe3f,True,True,True,safe_validated_frame_vector,48.7,75.7,48.7,75.7,44.6,56.0,48.7,75.7,44.6,56.0,-4.100000000000001,-19.700000000000003,20.122127124138743,11.25399999999999,Jeremie Frimpong,Bayer Leverkusen,,,validated_spatial_anchor,2.537000000000006,48.7,4.100000000000001,,,negative_0001,1.0,nonpositive_0001,1.0,C17,533862946a73608c134d18b78226b6371ce7173c
3895121,2,83,904,2075,00:03:22.712,Ball Receipt*,904,True,unsupported_event_type,False,False,202.712,9,fe01d49c-2f9f-4022-9bf7-7611a720bfb6,False,False,False,not_leverkusen_pass_carry,,,44.6,56.0,,,,,,,,,,12.60899999999998,Exequiel Alejandro Palacios,Bayer Leverkusen,,,linked_360_unsupported_semantics,1.3549999999999898,,,,,,,,,C17,533862946a73608c134d18b78226b6371ce7173c
3895121,2,83,904,2076,00:03:22.712,Carry,904,True,validated_core_event_team_scope,True,False,202.712,10,f3a10af0-73ca-465c-b264-bba008e989c7,True,True,True,safe_validated_frame_vector,44.6,56.0,44.6,56.0,47.1,56.0,44.6,56.0,47.1,56.0,2.5,0.0,2.5,12.60899999999998,Exequiel Alejandro Palacios,Bayer Leverkusen,,,validated_spatial_anchor,0.0,48.7,1.6000000000000014,positive_0002,1.0,,,,,C17,533862946a73608c134d18b78226b6371ce7173c
3895121,2,83,904,2077,00:03:24.350,Pass,904,True,validated_core_event_team_scope,True,False,204.35,11,7681b8fa-de19-479e-b6f9-13ff3f0f7e21,True,True,True,safe_validated_frame_vector,47.1,56.0,47.1,56.0,55.5,25.0,47.1,56.0,55.5,25.0,8.399999999999999,-31.0,32.11790777743781,14.246999999999986,Exequiel Alejandro Palacios,Bayer Leverkusen,,,validated_spatial_anchor,1.6380000000000052,55.5,0.0,positive_0002,2.0,,,,,C17,533862946a73608c134d18b78226b6371ce7173c
3895121,2,83,904,2078,00:03:25.800,Ball Receipt*,904,True,unsupported_event_type,False,False,205.8,12,55aca899-fee1-4a00-baa8-0c4a92fcd9c3,False,False,False,not_leverkusen_pass_carry,,,55.5,25.0,,,,,,,,,,15.697000000000005,Granit Xhaka,Bayer Leverkusen,,,linked_360_unsupported_semantics,1.450000000000017,,,,,,,,,C17,533862946a73608c134d18b78226b6371ce7173c
3895121,2,83,904,2079,00:03:25.800,Carry,904,True,validated_core_event_team_scope,True,False,205.8,13,759a3822-cf3e-4592-b5a1-10c8c9e78b06,True,True,True,safe_validated_frame_vector,55.5,25.0,55.5,25.0,62.1,21.7,55.5,25.0,62.1,21.7,6.600000000000001,-3.3000000000000007,7.379024325749307,15.697000000000005,Granit Xhaka,Bayer Leverkusen,,,validated_spatial_anchor,0.0,62.1,0.0,positive_0002,3.0,,,,,C17,533862946a73608c134d18b78226b6371ce7173c
3895121,2,83,904,2080,00:03:27.346,Pass,904,True,validated_core_event_team_scope,True,False,207.346,14,a82dc78d-e3ae-458f-bcb5-a701bca09749,True,True,True,safe_validated_frame_vector,62.1,21.7,62.1,21.7,71.1,2.0,62.1,21.7,71.1,2.0,8.999999999999993,-19.7,21.658485634965334,17.242999999999995,Granit Xhaka,Bayer Leverkusen,,,validated_spatial_anchor,1.5459999999999925,71.1,0.0,positive_0002,4.0,,,,,C17,533862946a73608c134d18b78226b6371ce7173c
3895121,2,83,904,2081,00:03:28.708,Ball Receipt*,904,True,unsupported_event_type,False,False,208.708,15,ca6fc37d-ef6b-4a4d-a91c-8ae2f211a06c,False,False,False,not_leverkusen_pass_carry,,,71.1,2.0,,,,,,,,,,18.60499999999999,Alejandro Grimaldo García,Bayer Leverkusen,,,linked_360_unsupported_semantics,1.3619999999999948,,,,,,,,,C17,533862946a73608c134d18b78226b6371ce7173c
3895121,2,83,904,2082,00:03:28.708,Carry,904,True,validated_core_event_team_scope,True,False,208.708,16,50453e2a-9e65-44e3-9bd9-ba8e5a11175b,True,True,True,safe_validated_frame_vector,71.1,2.0,71.1,2.0,71.1,4.5,71.1,2.0,71.1,4.5,0.0,2.5,2.5,18.60499999999999,Alejandro Grimaldo García,Bayer Leverkusen,,,validated_spatial_anchor,0.0,71.1,0.0,,,,,nonpositive_0002,1.0,C17,533862946a73608c134d18b78226b6371ce7173c
3895121,2,83,904,2083,00:03:31.353,Pass,904,True,validated_core_event_team_scope,True,False,211.353,17,c1cdd624-4896-4ee6-8f13-bbb4c1a6746d,True,True,True,safe_validated_frame_vector,71.1,4.5,71.1,4.5,57.3,16.5,71.1,4.5,57.3,16.5,-13.799999999999995,12.0,18.2877007849538,21.25,Alejandro Grimaldo García,Bayer Leverkusen,,,validated_spatial_anchor,2.6450000000000102,71.1,13.799999999999995,,,negative_0002,1.0,nonpositive_0002,2.0,C17,533862946a73608c134d18b78226b6371ce7173c
3895121,2,83,904,2084,00:03:32.482,Ball Receipt*,904,True,unsupported_event_type,False,False,212.482,18,1d5cd1a5-94b9-47ee-b323-a57af3c67a7f,False,False,False,not_leverkusen_pass_carry,,,57.3,16.5,,,,,,,,,,22.37899999999999,Edmond Fayçal Tapsoba,Bayer Leverkusen,,,linked_360_unsupported_semantics,1.128999999999991,,,,,,,,,C17,533862946a73608c134d18b78226b6371ce7173c
3895121,2,83,904,2085,00:03:32.482,Carry,904,True,validated_core_event_team_scope,True,False,212.482,19,a23a83be-9d0e-47f0-b626-cc30c4ce991d,True,True,True,safe_validated_frame_vector,57.3,16.5,57.3,16.5,57.2,18.5,57.3,16.5,57.2,18.5,-0.0999999999999943,2.0,2.002498439450078,22.37899999999999,Edmond Fayçal Tapsoba,Bayer Leverkusen,,,validated_spatial_anchor,0.0,71.1,13.899999999999991,,,negative_0002,2.0,nonpositive_0002,3.0,C17,533862946a73608c134d18b78226b6371ce7173c
3895121,2,83,904,2086,00:03:33.765,Pass,904,True,validated_core_event_team_scope,True,False,213.765,20,66c45ac6-b25c-40dd-8a8e-d28edb3cecaf,True,True,True,safe_validated_frame_vector,57.2,18.5,57.2,18.5,69.6,13.0,57.2,18.5,69.6,13.0,12.399999999999991,-5.5,13.565028566132831,23.661999999999978,Edmond Fayçal Tapsoba,Bayer Leverkusen,,,validated_spatial_anchor,1.282999999999987,71.1,1.5,positive_0003,1.0,,,,,C17,533862946a73608c134d18b78226b6371ce7173c
3895121,2,83,904,2087,00:03:34.732,Ball Receipt*,904,True,unsupported_event_type,False,False,214.732,21,889d692e-7fab-4bea-b7cb-809b5d0bdd4d,False,False,False,not_leverkusen_pass_carry,,,69.6,13.0,,,,,,,,,,24.62899999999999,Florian Wirtz,Bayer Leverkusen,,,linked_360_unsupported_semantics,0.967000000000013,,,,,,,,,C17,533862946a73608c134d18b78226b6371ce7173c
3895121,2,83,904,2088,00:03:34.732,Pass,904,True,validated_core_event_team_scope,True,False,214.732,22,d4a40e2b-5fa1-4b5f-b73e-12e32473b751,True,True,True,safe_validated_frame_vector,69.6,13.0,69.6,13.0,58.3,18.1,69.6,13.0,58.3,18.1,-11.299999999999995,5.100000000000001,12.39758040909596,24.62899999999999,Florian Wirtz,Bayer Leverkusen,,,validated_spatial_anchor,0.0,71.1,12.799999999999995,,,negative_0003,1.0,nonpositive_0003,1.0,C17,533862946a73608c134d18b78226b6371ce7173c
3895121,2,83,904,2089,00:03:36.103,Ball Receipt*,904,True,unsupported_event_type,False,False,216.103,23,0e53e357-7050-4bfc-8540-2b4e37294ae8,False,False,False,not_leverkusen_pass_carry,,,58.3,18.1,,,,,,,,,,26.0,Edmond Fayçal Tapsoba,Bayer Leverkusen,,,linked_360_unsupported_semantics,1.371000000000009,,,,,,,,,C17,533862946a73608c134d18b78226b6371ce7173c
3895121,2,83,904,2090,00:03:36.103,Carry,904,True,validated_core_event_team_scope,True,False,216.103,24,27dae248-01ef-44a3-88a7-778a4cfbf58d,True,True,True,safe_validated_frame_vector,58.3,18.1,58.3,18.1,62.5,23.9,58.3,18.1,62.5,23.9,4.200000000000003,5.799999999999997,7.161005515987261,26.0,Edmond Fayçal Tapsoba,Bayer Leverkusen,,,validated_spatial_anchor,0.0,71.1,8.599999999999994,positive_0004,1.0,,,,,C17,533862946a73608c134d18b78226b6371ce7173c
3895121,2,83,904,2091,00:03:39.450,Pass,904,True,validated_core_event_team_scope,True,False,219.45,25,cd216a67-d9f7-4198-9212-559fab2179f3,True,True,True,safe_validated_frame_vector,62.5,23.9,62.5,23.9,67.3,40.1,62.5,23.9,67.3,40.1,4.799999999999997,16.200000000000003,16.896153408394472,29.34699999999998,Edmond Fayçal Tapsoba,Bayer Leverkusen,,,validated_spatial_anchor,3.34699999999998,71.1,3.799999999999997,positive_0004,2.0,,,,,C17,533862946a73608c134d18b78226b6371ce7173c
3895121,2,83,904,2092,00:03:40.179,Ball Receipt*,904,True,unsupported_event_type,False,False,220.179,26,10db1136-b528-417b-94f7-f2109754c62b,False,False,False,not_leverkusen_pass_carry,,,67.3,40.1,,,,,,,,,,30.075999999999997,Exequiel Alejandro Palacios,Bayer Leverkusen,,,linked_360_unsupported_semantics,0.7290000000000134,,,,,,,,,C17,533862946a73608c134d18b78226b6371ce7173c
3895121,2,83,904,2093,00:03:40.179,Carry,904,True,validated_core_event_team_scope,True,False,220.179,27,794cfa9e-49ca-4ca3-a5b1-20214a170576,True,True,True,safe_validated_frame_vector,67.3,40.1,67.3,40.1,67.3,40.1,67.3,40.1,67.3,40.1,0.0,0.0,0.0,30.075999999999997,Exequiel Alejandro Palacios,Bayer Leverkusen,,,validated_spatial_anchor,0.0,71.1,3.799999999999997,,,,,nonpositive_0004,1.0,C17,533862946a73608c134d18b78226b6371ce7173c
3895121,2,83,904,2094,00:03:40.219,Pass,904,True,validated_core_event_team_scope,True,False,220.219,28,f26adf91-0326-4d0c-bbc7-a8cee6228583,True,True,True,safe_validated_frame_vector,67.3,40.1,67.3,40.1,57.3,42.0,67.3,40.1,57.3,42.0,-10.0,1.8999999999999984,10.178899744078434,30.115999999999985,Exequiel Alejandro Palacios,Bayer Leverkusen,,,validated_spatial_anchor,0.039999999999992,71.1,13.799999999999995,,,negative_0004,1.0,nonpositive_0004,2.0,C17,533862946a73608c134d18b78226b6371ce7173c
3895121,2,83,904,2095,00:03:41.456,Ball Receipt*,904,True,unsupported_event_type,False,False,221.456,29,17c4c6be-8434-4078-ac24-4ee33f9c74c1,False,False,False,not_leverkusen_pass_carry,,,57.3,42.0,,,,,,,,,,31.35299999999998,Jonathan Tah,Bayer Leverkusen,,,linked_360_unsupported_semantics,1.2369999999999948,,,,,,,,,C17,533862946a73608c134d18b78226b6371ce7173c
3895121,2,83,904,2096,00:03:41.456,Carry,904,True,validated_core_event_team_scope,True,False,221.456,30,43bcb146-0710-4911-97c0-030d976d23e4,True,True,True,safe_validated_frame_vector,57.3,42.0,57.3,42.0,57.3,42.0,57.3,42.0,57.3,42.0,0.0,0.0,0.0,31.35299999999998,Jonathan Tah,Bayer Leverkusen,,,validated_spatial_anchor,0.0,71.1,13.799999999999995,,,,,nonpositive_0004,3.0,C17,533862946a73608c134d18b78226b6371ce7173c
3895121,2,83,904,2097,00:03:41.668,Pass,904,True,validated_core_event_team_scope,True,False,221.668,31,40c0c064-8a8e-43f8-b03f-b8f7814d9bec,True,True,True,safe_validated_frame_vector,57.3,42.0,57.3,42.0,57.5,31.1,57.3,42.0,57.5,31.1,0.2000000000000028,-10.9,10.901834707974617,31.565,Jonathan Tah,Bayer Leverkusen,,,validated_spatial_anchor,0.2120000000000175,71.1,13.599999999999994,positive_0005,1.0,,,,,C17,533862946a73608c134d18b78226b6371ce7173c
3895121,2,83,904,2098,00:03:42.944,Ball Receipt*,904,True,unsupported_event_type,False,False,222.944,32,aa549fac-88f2-4538-a463-c52e7937953a,False,False,False,not_leverkusen_pass_carry,,,57.5,31.1,,,,,,,,,,32.84099999999998,Edmond Fayçal Tapsoba,Bayer Leverkusen,,,linked_360_unsupported_semantics,1.275999999999982,,,,,,,,,C17,533862946a73608c134d18b78226b6371ce7173c
3895121,2,83,904,2099,00:03:42.944,Carry,904,True,validated_core_event_team_scope,True,False,222.944,33,235ba6a4-4536-499b-90a6-a7fa863e86b4,True,True,True,safe_validated_frame_vector,57.5,31.1,57.5,31.1,57.3,34.5,57.5,31.1,57.3,34.5,-0.2000000000000028,3.3999999999999986,3.4058772731852787,32.84099999999998,Edmond Fayçal Tapsoba,Bayer Leverkusen,,,validated_spatial_anchor,0.0,71.1,13.799999999999995,,,negative_0005,1.0,nonpositive_0005,1.0,C17,533862946a73608c134d18b78226b6371ce7173c
3895121,2,83,904,2100,00:03:46.565,Pass,904,True,validated_core_event_team_scope,True,False,226.565,34,d57ebd9a-6515-48d4-ba75-d63a9c4a4f8e,True,True,True,safe_validated_frame_vector,57.3,34.5,57.3,34.5,71.7,50.8,57.3,34.5,71.7,50.8,14.400000000000006,16.299999999999997,21.74971264177989,36.46199999999999,Edmond Fayçal Tapsoba,Bayer Leverkusen,,,validated_spatial_anchor,3.621000000000009,71.7,0.0,positive_0006,1.0,,,,,C17,533862946a73608c134d18b78226b6371ce7173c
3895121,2,83,904,2101,00:03:47.567,Ball Receipt*,904,True,unsupported_event_type,False,False,227.567,35,48e5fd73-4082-4930-a925-0329ce9ef878,False,False,False,not_leverkusen_pass_carry,,,71.7,50.8,,,,,,,,,,37.464,Jonas Hofmann,Bayer Leverkusen,,,linked_360_unsupported_semantics,1.0020000000000095,,,,,,,,,C17,533862946a73608c134d18b78226b6371ce7173c
3895121,2,83,904,2102,00:03:47.567,Carry,904,True,validated_core_event_team_scope,True,False,227.567,36,474290ab-8ed5-4389-aa04-9894daf0dad8,True,True,True,safe_validated_frame_vector,71.7,50.8,71.7,50.8,71.7,50.8,71.7,50.8,71.7,50.8,0.0,0.0,0.0,37.464,Jonas Hofmann,Bayer Leverkusen,,,validated_spatial_anchor,0.0,71.7,0.0,,,,,nonpositive_0006,1.0,C17,533862946a73608c134d18b78226b6371ce7173c
3895121,2,83,904,2103,00:03:47.607,Pass,904,True,validated_core_event_team_scope,True,False,227.607,37,0a631a7d-07f7-4c49-b440-fa7ed9665337,True,True,True,safe_validated_frame_vector,71.7,50.8,71.7,50.8,62.3,49.9,71.7,50.8,62.3,49.9,-9.400000000000006,-0.8999999999999986,9.442986815621428,37.50399999999999,Jonas Hofmann,Bayer Leverkusen,,,validated_spatial_anchor,0.039999999999992,71.7,9.400000000000006,,,negative_0006,1.0,nonpositive_0006,2.0,C17,533862946a73608c134d18b78226b6371ce7173c
3895121,2,83,904,2104,00:03:48.454,Ball Receipt*,904,True,unsupported_event_type,False,False,228.454,38,78570800-1d26-4516-9320-48d23950b47c,False,False,False,not_leverkusen_pass_carry,,,62.3,49.9,,,,,,,,,,38.351,Jonathan Tah,Bayer Leverkusen,,,linked_360_unsupported_semantics,0.8470000000000084,,,,,,,,,C17,533862946a73608c134d18b78226b6371ce7173c
3895121,2,83,904,2105,00:03:48.454,Carry,904,True,validated_core_event_team_scope,True,False,228.454,39,b6c8d98d-f0ee-4cd0-8945-75edfb308150,True,True,True,safe_validated_frame_vector,62.3,49.9,62.3,49.9,64.1,58.8,62.3,49.9,64.1,58.8,1.7999999999999972,8.899999999999999,9.080198235721507,38.351,Jonathan Tah,Bayer Leverkusen,,,validated_spatial_anchor,0.0,71.7,7.600000000000008,positive_0007,1.0,,,,,C17,533862946a73608c134d18b78226b6371ce7173c
3895121,2,83,904,2106,00:03:50.051,Pass,904,True,validated_core_event_team_scope,True,False,230.051,40,25494e4f-79b9-42e6-989f-96309d44a690,True,True,True,safe_validated_frame_vector,64.1,58.8,64.1,58.8,75.8,71.2,64.1,58.8,75.8,71.2,11.700000000000005,12.400000000000006,17.048460341039604,39.94799999999998,Jonathan Tah,Bayer Leverkusen,,,validated_spatial_anchor,1.59699999999998,75.8,0.0,positive_0007,2.0,,,,,C17,533862946a73608c134d18b78226b6371ce7173c
3895121,2,83,904,2107,00:03:51.108,Ball Receipt*,904,True,unsupported_event_type,False,False,231.108,41,2b13124b-5980-495e-b612-79334f808d42,False,False,False,not_leverkusen_pass_carry,,,75.8,71.2,,,,,,,,,,41.005,Odilon Kossonou,Bayer Leverkusen,,,linked_360_unsupported_semantics,1.0570000000000164,,,,,,,,,C17,533862946a73608c134d18b78226b6371ce7173c
3895121,2,83,904,2108,00:03:51.108,Carry,904,True,validated_core_event_team_scope,True,False,231.108,42,7f1e5976-2ebe-4c7f-ade9-96dc28f512b9,True,True,True,safe_validated_frame_vector,75.8,71.2,75.8,71.2,75.8,70.5,75.8,71.2,75.8,70.5,0.0,-0.7000000000000028,0.7000000000000028,41.005,Odilon Kossonou,Bayer Leverkusen,,,validated_spatial_anchor,0.0,75.8,0.0,,,,,,,C17,533862946a73608c134d18b78226b6371ce7173c
3895121,2,83,904,2109,00:03:52.497,Pass,904,True,validated_core_event_team_scope,True,False,232.497,43,dad11113-7744-4a00-a140-7e46349480a5,True,True,True,safe_validated_frame_vector,75.8,70.5,75.8,70.5,84.4,74.6,75.8,70.5,84.4,74.6,8.600000000000009,4.099999999999994,9.527329111561125,42.394000000000005,Odilon Kossonou,Bayer Leverkusen,,,validated_spatial_anchor,1.38900000000001,84.4,0.0,positive_0008,1.0,,,,,C17,533862946a73608c134d18b78226b6371ce7173c
3895121,2,83,904,2110,00:03:53.223,Ball Receipt*,904,True,unsupported_event_type,False,False,233.223,44,433b1832-e00c-424d-b219-2af3f5e88b59,False,False,False,not_leverkusen_pass_carry,,,84.4,74.6,,,,,,,,,,43.120000000000005,Jeremie Frimpong,Bayer Leverkusen,,,linked_360_unsupported_semantics,0.7259999999999991,,,,,,,,,C17,533862946a73608c134d18b78226b6371ce7173c
3895121,2,83,904,2111,00:03:53.223,Carry,904,True,validated_core_event_team_scope,True,False,233.223,45,d7de7b68-74ea-4d58-b291-6e42660c8a05,True,True,True,safe_validated_frame_vector,84.4,74.6,84.4,74.6,84.6,74.6,84.4,74.6,84.6,74.6,0.1999999999999886,0.0,0.1999999999999886,43.120000000000005,Jeremie Frimpong,Bayer Leverkusen,,,validated_spatial_anchor,0.0,84.6,0.0,positive_0008,2.0,,,,,C17,533862946a73608c134d18b78226b6371ce7173c
3895121,2,83,904,2112,00:03:55.039,Pass,904,True,validated_core_event_team_scope,True,False,235.039,46,0897ceee-23ad-4459-b94c-28bee794345e,True,True,True,safe_validated_frame_vector,84.6,74.6,84.6,74.6,77.0,71.3,84.6,74.6,77.0,71.3,-7.599999999999994,-3.299999999999997,8.285529554590937,44.93599999999998,Jeremie Frimpong,Bayer Leverkusen,,,validated_spatial_anchor,1.815999999999974,84.6,7.599999999999994,,,negative_0007,1.0,nonpositive_0007,1.0,C17,533862946a73608c134d18b78226b6371ce7173c
3895121,2,83,904,2113,00:03:55.788,Ball Receipt*,904,True,unsupported_event_type,False,False,235.788,47,7640971e-2602-4e82-8678-932b932fad46,False,False,False,not_leverkusen_pass_carry,,,77.0,71.3,,,,,,,,,,45.685,Odilon Kossonou,Bayer Leverkusen,,,linked_360_unsupported_semantics,0.7490000000000236,,,,,,,,,C17,533862946a73608c134d18b78226b6371ce7173c
3895121,2,83,904,2114,00:03:55.788,Carry,904,True,validated_core_event_team_scope,True,False,235.788,48,67a1b925-252b-4691-8aa4-aa9530423faf,True,True,True,safe_validated_frame_vector,77.0,71.3,77.0,71.3,77.0,71.3,77.0,71.3,77.0,71.3,0.0,0.0,0.0,45.685,Odilon Kossonou,Bayer Leverkusen,,,validated_spatial_anchor,0.0,84.6,7.599999999999994,,,,,nonpositive_0007,2.0,C17,533862946a73608c134d18b78226b6371ce7173c
3895121,2,83,904,2115,00:03:56.662,Pass,904,True,validated_core_event_team_scope,True,False,236.662,49,19a21164-4cdb-4937-a009-6e995957335c,True,True,True,safe_validated_frame_vector,77.0,71.3,77.0,71.3,63.3,62.2,77.0,71.3,63.3,62.2,-13.700000000000005,-9.099999999999994,16.446884203398525,46.559,Odilon Kossonou,Bayer Leverkusen,,,validated_spatial_anchor,0.8739999999999952,84.6,21.3,,,negative_0008,1.0,nonpositive_0007,3.0,C17,533862946a73608c134d18b78226b6371ce7173c
3895121,2,83,904,2116,00:03:57.839,Ball Receipt*,904,True,unsupported_event_type,False,False,237.839,50,41d0ee37-7701-4091-9345-e6460089db73,False,False,False,not_leverkusen_pass_carry,,,63.3,62.2,,,,,,,,,,47.73599999999999,Jonathan Tah,Bayer Leverkusen,,,linked_360_unsupported_semantics,1.1769999999999925,,,,,,,,,C17,533862946a73608c134d18b78226b6371ce7173c
3895121,2,83,904,2117,00:03:57.839,Carry,904,True,validated_core_event_team_scope,True,False,237.839,51,9e827e44-3ee7-4596-a61f-c54895742e09,True,True,True,safe_validated_frame_vector,63.3,62.2,63.3,62.2,63.3,62.2,63.3,62.2,63.3,62.2,0.0,0.0,0.0,47.73599999999999,Jonathan Tah,Bayer Leverkusen,,,validated_spatial_anchor,0.0,84.6,21.3,,,,,nonpositive_0007,4.0,C17,533862946a73608c134d18b78226b6371ce7173c
3895121,2,83,904,2118,00:03:58.692,Pass,904,True,validated_core_event_team_scope,True,False,238.692,52,d7a658e4-d770-494b-9925-1e36265adc00,True,True,True,safe_validated_frame_vector,63.3,62.2,63.3,62.2,64.5,32.3,63.3,62.2,64.5,32.3,1.2000000000000028,-29.90000000000001,29.9240705787164,48.589,Jonathan Tah,Bayer Leverkusen,,,validated_spatial_anchor,0.8530000000000086,84.6,20.099999999999994,positive_0009,1.0,,,,,C17,533862946a73608c134d18b78226b6371ce7173c
3895121,2,83,904,2119,00:04:00.287,Ball Receipt*,904,True,unsupported_event_type,False,False,240.287,53,569653bc-a0f0-4d40-a548-c84140018295,False,False,False,not_leverkusen_pass_carry,,,64.5,32.3,,,,,,,,,,50.184,Edmond Fayçal Tapsoba,Bayer Leverkusen,,,linked_360_unsupported_semantics,1.5949999999999989,,,,,,,,,C17,533862946a73608c134d18b78226b6371ce7173c
3895121,2,83,904,2120,00:04:00.287,Carry,904,True,validated_core_event_team_scope,True,False,240.287,54,e9f18e88-9a72-4771-95bc-a6bdb2d3bfed,True,True,True,safe_validated_frame_vector,64.5,32.3,64.5,32.3,70.4,25.5,64.5,32.3,70.4,25.5,5.900000000000006,-6.799999999999997,9.002777349240624,50.184,Edmond Fayçal Tapsoba,Bayer Leverkusen,,,validated_spatial_anchor,0.0,84.6,14.199999999999989,positive_0009,2.0,,,,,C17,533862946a73608c134d18b78226b6371ce7173c
3895121,2,83,904,2121,00:04:02.313,Pass,904,True,validated_core_event_team_scope,True,False,242.313,55,60cd1019-1148-4382-b6e7-497f8069da37,True,True,True,safe_validated_frame_vector,70.4,25.5,70.4,25.5,116.6,23.6,70.4,25.5,116.6,23.6,46.19999999999999,-1.8999999999999984,46.23905275846381,52.20999999999998,Edmond Fayçal Tapsoba,Bayer Leverkusen,pass.outcome:Incomplete,,validated_spatial_anchor,2.025999999999982,116.6,0.0,positive_0009,3.0,,,,,C17,533862946a73608c134d18b78226b6371ce7173c
3895121,2,83,904,2122,00:04:06.304,Ball Receipt*,904,True,unsupported_event_type,False,False,246.304,56,c736411c-b03f-4a89-89d4-9ddfe6562e67,False,False,False,not_leverkusen_pass_carry,,,87.8,19.5,,,,,,,,,,56.20099999999999,Florian Wirtz,Bayer Leverkusen,ball_receipt.outcome:Incomplete,,linked_360_unsupported_semantics,3.991000000000014,,,,,,,,,C17,533862946a73608c134d18b78226b6371ce7173c
3895121,2,83,904,2123,00:04:06.304,Ball Recovery,183,True,unsupported_event_type,False,False,246.304,57,2752cd1a-2674-4540-8473-6b083fe7b378,False,False,False,not_leverkusen_pass_carry,,,3.5,56.5,,,,,,,,,,56.20099999999999,Noah Atubolu,Freiburg,type:Ball Recovery,,linked_360_unsupported_semantics,0.0,,,,,,,,,C17,533862946a73608c134d18b78226b6371ce7173c
3895121,2,83,904,2124,00:04:12.657,Pass,183,False,no_360_frame,False,False,252.657,58,d01b6567-2ee0-4c53-8b7e-60832b7b70ba,False,False,False,not_leverkusen_pass_carry,,,9.0,30.2,,,,,,,,,,62.554,Noah Atubolu,Freiburg,,,no_360_frame,6.353000000000009,,,,,,,,,C17,533862946a73608c134d18b78226b6371ce7173c
3895121,2,83,904,2125,00:04:14.923,Ball Receipt*,183,False,no_360_frame,False,False,254.923,59,1a5d2ea8-2344-4ac6-85c8-3ae18924b41c,False,False,False,not_leverkusen_pass_carry,,,26.3,58.1,,,,,,,,,,64.82,Nicolas Höfler,Freiburg,,,no_360_frame,2.265999999999991,,,,,,,,,C17,533862946a73608c134d18b78226b6371ce7173c
3895121,2,83,904,2126,00:04:17.853,Pressure,904,True,validated_core_event_team_scope,True,False,257.853,60,c46bc7f6-1f80-4b48-b61f-022cf298e388,False,False,False,not_leverkusen_pass_carry,87.8,17.9,87.8,17.9,,,,,,,,,,67.75,Victor Okoh Boniface,Bayer Leverkusen,counterpress:true,,validated_spatial_anchor,2.930000000000007,,,,,,,,,C17,533862946a73608c134d18b78226b6371ce7173c
3895121,2,83,904,2127,00:04:17.885,Pass,183,True,validated_core_event_team_scope,True,False,257.885,61,06317974-5b91-40ce-af66-3d58997f3e48,False,False,False,not_leverkusen_pass_carry,87.7,17.799999999999997,32.3,62.2,,,,,,,,,,67.78199999999998,Nicolas Höfler,Freiburg,pass.outcome:Incomplete,,validated_spatial_anchor,0.0319999999999822,,,,,,,,,C17,533862946a73608c134d18b78226b6371ce7173c
3895121,2,83,904,2128,00:04:18.862,Ball Receipt*,183,True,unsupported_event_type,False,False,258.862,62,4b1de114-b8b4-4548-ac77-f53a2b9c40eb,False,False,False,not_leverkusen_pass_carry,,,37.7,77.3,,,,,,,,,,68.75900000000001,Kiliann Sildillia,Freiburg,ball_receipt.outcome:Incomplete,,linked_360_unsupported_semantics,0.9770000000000324,,,,,,,,,C17,533862946a73608c134d18b78226b6371ce7173c
3895121,2,83,904,2129,00:04:18.862,Interception,904,True,unsupported_event_type,False,False,258.862,63,7f6f55a0-b4a8-4a08-8657-df547ec299bd,False,False,False,not_leverkusen_pass_carry,,,82.6,8.3,,,,,,,,,,68.75900000000001,Florian Wirtz,Bayer Leverkusen,type:Interception;counterpress:true;interception.outcome:Won,,linked_360_unsupported_semantics,0.0,,,,,,,,,C17,533862946a73608c134d18b78226b6371ce7173c
3895121,2,83,904,2130,00:04:18.862,Carry,904,True,validated_core_event_team_scope,True,False,258.862,64,3a3a3807-ada9-42cd-a28d-51287ca6257e,True,True,True,safe_validated_frame_vector,82.6,8.3,82.6,8.3,103.3,29.2,82.6,8.3,103.3,29.2,20.700000000000003,20.9,29.41598205057924,68.75900000000001,Florian Wirtz,Bayer Leverkusen,,,validated_spatial_anchor,0.0,116.6,13.299999999999995,positive_0009,4.0,,,,,C17,533862946a73608c134d18b78226b6371ce7173c
3895121,2,83,904,2131,00:04:22.982,Shot,904,True,validated_core_event_team_scope,True,True,262.982,65,b618df8a-6b06-457d-af36-28fae7ca9c46,False,False,False,not_leverkusen_pass_carry,103.3,29.2,103.3,29.2,,,,,,,,,,72.87900000000002,Florian Wirtz,Bayer Leverkusen,type:Shot,,validated_spatial_anchor,4.1200000000000045,,,,,,,,,C17,533862946a73608c134d18b78226b6371ce7173c
3895121,2,83,904,2132,00:04:23.570,Goal Keeper,183,True,unsupported_event_type,False,False,263.57,66,d1310b15-3022-4caa-8ef5-3530c2144499,False,False,False,not_leverkusen_pass_carry,,,1.5,42.2,,,,,,,,,,73.46699999999998,Noah Atubolu,Freiburg,,,linked_360_unsupported_semantics,0.5879999999999654,,,,,,,,,C17,533862946a73608c134d18b78226b6371ce7173c
3895121,2,83,904,2133,00:04:25.071,Clearance,183,True,unsupported_event_type,False,False,265.071,67,196e712c-3f40-4e1a-a6c6-b3597e9c04de,False,False,False,not_leverkusen_pass_carry,,,5.4,51.5,,,,,,,,,,74.96800000000002,Kiliann Sildillia,Freiburg,type:Clearance,,linked_360_unsupported_semantics,1.5010000000000332,,,,,,,,,C17,533862946a73608c134d18b78226b6371ce7173c
3895121,2,83,904,2134,00:04:26.691,Ball Recovery,183,True,unsupported_event_type,False,False,266.691,68,e18ec4df-e3e6-49af-a402-62aa39e9b00b,False,False,False,not_leverkusen_pass_carry,,,10.0,59.5,,,,,,,,,,76.58799999999997,Maximilian Eggestein,Freiburg,type:Ball Recovery,,linked_360_unsupported_semantics,1.6199999999999477,,,,,,,,,C17,533862946a73608c134d18b78226b6371ce7173c
3895121,2,83,904,2135,00:04:26.691,Carry,183,True,validated_core_event_team_scope,True,False,266.691,69,1fbdd15c-b677-4e5a-a5ff-74f43b5aa9b5,False,False,False,not_leverkusen_pass_carry,110.0,20.5,10.0,59.5,,,,,,,,,,76.58799999999997,Maximilian Eggestein,Freiburg,,,validated_spatial_anchor,0.0,,,,,,,,,C17,533862946a73608c134d18b78226b6371ce7173c
3895121,2,83,904,2136,00:04:29.079,Pressure,904,True,validated_core_event_team_scope,True,False,269.079,70,8d90d11c-f2bc-4643-99c6-241d5add0d27,False,False,False,not_leverkusen_pass_carry,108.5,8.9,108.5,8.9,,,,,,,,,,78.976,Victor Okoh Boniface,Bayer Leverkusen,counterpress:true,,validated_spatial_anchor,2.3880000000000337,,,,,,,,,C17,533862946a73608c134d18b78226b6371ce7173c
3895121,2,83,904,2137,00:04:29.365,Pass,183,True,validated_core_event_team_scope,True,False,269.365,71,5bf2e812-64f3-448f-8559-09fd9007bf04,False,False,False,not_leverkusen_pass_carry,105.9,4.099999999999994,14.1,75.9,,,,,,,,,,79.262,Maximilian Eggestein,Freiburg,pass.outcome:Incomplete,,validated_spatial_anchor,0.2860000000000013,,,,,,,,,C17,533862946a73608c134d18b78226b6371ce7173c
3895121,2,83,904,2138,00:04:33.846,Ball Receipt*,183,True,unsupported_event_type,False,False,273.846,72,e214e118-6f09-4869-bd80-233c9d3aecef,False,False,False,not_leverkusen_pass_carry,,,51.4,62.0,,,,,,,,,,83.743,Lucas Höler,Freiburg,ball_receipt.outcome:Incomplete,,linked_360_unsupported_semantics,4.4809999999999945,,,,,,,,,C17,533862946a73608c134d18b78226b6371ce7173c
3895121,2,83,904,2139,00:04:33.846,Ball Recovery,904,True,unsupported_event_type,False,False,273.846,73,ec8ce9cf-cffb-4b90-8a06-fa18613ef899,False,False,False,not_leverkusen_pass_carry,,,47.7,34.5,,,,,,,,,,83.743,Jonathan Tah,Bayer Leverkusen,type:Ball Recovery,,linked_360_unsupported_semantics,0.0,,,,,,,,,C17,533862946a73608c134d18b78226b6371ce7173c
3895121,2,83,904,2140,00:04:33.846,Carry,904,True,validated_core_event_team_scope,True,False,273.846,74,99e317d1-b915-4826-882c-0d14bb8b35f8,True,True,True,safe_validated_frame_vector,47.7,34.5,47.7,34.5,49.5,44.4,47.7,34.5,49.5,44.4,1.7999999999999972,9.9,10.062305898749052,83.743,Jonathan Tah,Bayer Leverkusen,,,validated_spatial_anchor,0.0,116.6,67.1,positive_0009,5.0,,,,,C17,533862946a73608c134d18b78226b6371ce7173c
3895121,2,83,904,2141,00:04:35.308,Pass,904,True,validated_core_event_team_scope,True,False,275.308,75,3545fcfd-59ee-43d5-974b-4992880fb58e,True,True,True,safe_validated_frame_vector,49.5,44.4,49.5,44.4,64.5,42.0,49.5,44.4,64.5,42.0,15.0,-2.3999999999999986,15.190786681406594,85.20499999999998,Jonathan Tah,Bayer Leverkusen,,,validated_spatial_anchor,1.461999999999989,116.6,52.1,positive_0009,6.0,,,,,C17,533862946a73608c134d18b78226b6371ce7173c
3895121,2,83,904,2142,00:04:36.785,Ball Receipt*,904,True,unsupported_event_type,False,False,276.785,76,fc14132d-b69b-40fa-a9b5-655fe7d88f02,False,False,False,not_leverkusen_pass_carry,,,64.5,42.0,,,,,,,,,,86.68200000000002,Exequiel Alejandro Palacios,Bayer Leverkusen,,,linked_360_unsupported_semantics,1.4770000000000325,,,,,,,,,C17,533862946a73608c134d18b78226b6371ce7173c
3895121,2,83,904,2143,00:04:36.785,Carry,904,True,validated_core_event_team_scope,True,False,276.785,77,183546c0-cd10-4030-824d-834cef4b18f2,True,True,True,safe_validated_frame_vector,64.5,42.0,64.5,42.0,64.5,42.0,64.5,42.0,64.5,42.0,0.0,0.0,0.0,86.68200000000002,Exequiel Alejandro Palacios,Bayer Leverkusen,,,validated_spatial_anchor,0.0,116.6,52.1,,,,,nonpositive_0008,1.0,C17,533862946a73608c134d18b78226b6371ce7173c
3895121,2,83,904,2144,00:04:36.869,Pass,904,True,validated_core_event_team_scope,True,False,276.869,78,bfd58f3b-2815-4362-9665-e4ef4765f306,True,True,True,safe_validated_frame_vector,64.5,42.0,64.5,42.0,58.9,61.2,64.5,42.0,58.9,61.2,-5.600000000000001,19.200000000000003,20.000000000000004,86.76600000000002,Exequiel Alejandro Palacios,Bayer Leverkusen,,,validated_spatial_anchor,0.0840000000000031,116.6,57.7,,,negative_0009,1.0,nonpositive_0008,2.0,C17,533862946a73608c134d18b78226b6371ce7173c
3895121,2,83,904,2145,00:04:38.015,Ball Receipt*,904,True,unsupported_event_type,False,False,278.015,79,f625f904-1831-4214-8d18-8c3844d59ce8,False,False,False,not_leverkusen_pass_carry,,,58.9,61.2,,,,,,,,,,87.91199999999998,Odilon Kossonou,Bayer Leverkusen,,,linked_360_unsupported_semantics,1.1459999999999582,,,,,,,,,C17,533862946a73608c134d18b78226b6371ce7173c
3895121,2,83,904,2146,00:04:38.015,Carry,904,True,validated_core_event_team_scope,True,False,278.015,80,0463b122-f65a-4a8e-a9a4-787bb8ed4f14,True,True,True,safe_validated_frame_vector,58.9,61.2,58.9,61.2,62.3,60.0,58.9,61.2,62.3,60.0,3.3999999999999986,-1.2000000000000028,3.6055512754639887,87.91199999999998,Odilon Kossonou,Bayer Leverkusen,,,validated_spatial_anchor,0.0,116.6,54.3,positive_0010,1.0,,,,,C17,533862946a73608c134d18b78226b6371ce7173c
3895121,2,83,904,2147,00:04:43.735,Pass,904,True,validated_core_event_team_scope,True,False,283.735,81,44985ed4-f279-42b0-a7c6-ce941e28556c,True,True,True,safe_validated_frame_vector,62.3,60.0,62.3,60.0,55.0,52.4,62.3,60.0,55.0,52.4,-7.299999999999997,-7.600000000000001,10.538026380684382,93.632,Odilon Kossonou,Bayer Leverkusen,,,validated_spatial_anchor,5.720000000000027,116.6,61.6,,,negative_0010,1.0,nonpositive_0009,1.0,C17,533862946a73608c134d18b78226b6371ce7173c
3895121,2,83,904,2148,00:04:44.704,Ball Receipt*,904,True,unsupported_event_type,False,False,284.704,82,529eb07d-d9fb-487a-8028-0d97df7a7936,False,False,False,not_leverkusen_pass_carry,,,55.0,52.4,,,,,,,,,,94.601,Jonathan Tah,Bayer Leverkusen,,,linked_360_unsupported_semantics,0.968999999999994,,,,,,,,,C17,533862946a73608c134d18b78226b6371ce7173c
3895121,2,83,904,2149,00:04:44.704,Carry,904,True,validated_core_event_team_scope,True,False,284.704,83,94d853a2-f458-4830-ae0f-56728ac0dbec,True,True,True,safe_validated_frame_vector,55.0,52.4,55.0,52.4,55.3,51.6,55.0,52.4,55.3,51.6,0.2999999999999971,-0.7999999999999972,0.8544003745317494,94.601,Jonathan Tah,Bayer Leverkusen,,,validated_spatial_anchor,0.0,116.6,61.3,positive_0011,1.0,,,,,C17,533862946a73608c134d18b78226b6371ce7173c
3895121,2,83,904,2150,00:04:45.769,Pass,904,True,validated_core_event_team_scope,True,False,285.769,84,9fa1e652-1a88-483d-969a-c4a61f3c439b,True,True,True,safe_validated_frame_vector,55.3,51.6,55.3,51.6,62.7,34.6,55.3,51.6,62.7,34.6,7.400000000000006,-17.0,18.540765895722867,95.666,Jonathan Tah,Bayer Leverkusen,,,validated_spatial_anchor,1.0649999999999975,116.6,53.89999999999999,positive_0011,2.0,,,,,C17,533862946a73608c134d18b78226b6371ce7173c
3895121,2,83,904,2151,00:04:46.883,Ball Receipt*,904,True,unsupported_event_type,False,False,286.883,85,abfe3ec2-8be0-4d94-9609-3a3501d00a1d,False,False,False,not_leverkusen_pass_carry,,,62.7,34.6,,,,,,,,,,96.77999999999996,Granit Xhaka,Bayer Leverkusen,,,linked_360_unsupported_semantics,1.113999999999976,,,,,,,,,C17,533862946a73608c134d18b78226b6371ce7173c
3895121,2,83,904,2152,00:04:46.883,Carry,904,True,validated_core_event_team_scope,True,False,286.883,86,8804c26f-aabc-4831-951a-6763b564a232,True,True,True,safe_validated_frame_vector,62.7,34.6,62.7,34.6,71.1,20.9,62.7,34.6,71.1,20.9,8.399999999999991,-13.700000000000005,16.070158679988197,96.77999999999996,Granit Xhaka,Bayer Leverkusen,,,validated_spatial_anchor,0.0,116.6,45.5,positive_0011,3.0,,,,,C17,533862946a73608c134d18b78226b6371ce7173c
3895121,2,83,904,2153,00:04:50.248,Pressure,183,True,validated_core_event_team_scope,True,False,290.248,87,734182a6-8b09-4b79-9a2d-5be40a6bf5f8,False,False,False,not_leverkusen_pass_carry,71.0,24.200000000000003,49.0,55.8,,,,,,,,,,100.14499999999998,Lucas Höler,Freiburg,,,validated_spatial_anchor,3.365000000000009,,,,,,,,,C17,533862946a73608c134d18b78226b6371ce7173c
3895121,2,83,904,2154,00:04:50.749,Pass,904,True,validated_core_event_team_scope,True,False,290.749,88,f2584846-d4cd-44b8-940e-ce8d3086b53c,True,True,True,safe_validated_frame_vector,71.1,20.9,71.1,20.9,68.2,9.4,71.1,20.9,68.2,9.4,-2.8999999999999915,-11.499999999999998,11.860016863394415,100.64600000000002,Granit Xhaka,Bayer Leverkusen,,,validated_spatial_anchor,0.5010000000000332,116.6,48.39999999999999,,,negative_0011,1.0,nonpositive_0010,1.0,C17,533862946a73608c134d18b78226b6371ce7173c
3895121,2,83,904,2155,00:04:52.106,Ball Receipt*,904,True,unsupported_event_type,False,False,292.106,89,76b42216-9b1a-43b8-bfe1-72559c347e90,False,False,False,not_leverkusen_pass_carry,,,68.2,9.4,,,,,,,,,,102.003,Edmond Fayçal Tapsoba,Bayer Leverkusen,,,linked_360_unsupported_semantics,1.356999999999971,,,,,,,,,C17,533862946a73608c134d18b78226b6371ce7173c
3895121,2,83,904,2156,00:04:52.106,Carry,904,True,validated_core_event_team_scope,True,False,292.106,90,e30670bd-1a76-480f-bff0-b24db85e6043,True,True,True,safe_validated_frame_vector,68.2,9.4,68.2,9.4,67.3,12.1,68.2,9.4,67.3,12.1,-0.9000000000000057,2.6999999999999997,2.8460498941515424,102.003,Edmond Fayçal Tapsoba,Bayer Leverkusen,,,validated_spatial_anchor,0.0,116.6,49.3,,,negative_0011,2.0,nonpositive_0010,2.0,C17,533862946a73608c134d18b78226b6371ce7173c
3895121,2,83,904,2157,00:04:55.411,Pass,904,False,no_360_frame,False,False,295.411,91,b40ab9a2-a26b-45bd-a3ab-78bfa01ce7cb,False,True,True,unsupported_or_unlinked_frame,,,67.3,12.1,59.1,40.3,,,,,,,,105.308,Edmond Fayçal Tapsoba,Bayer Leverkusen,,,no_360_frame,3.305000000000007,,,,,,,,,C17,533862946a73608c134d18b78226b6371ce7173c
3895121,2,83,904,2158,00:04:56.813,Ball Receipt*,904,True,unsupported_event_type,False,False,296.813,92,2c10f20a-e781-4c8b-9ede-04c1a256cd87,False,False,False,not_leverkusen_pass_carry,,,59.1,40.3,,,,,,,,,,106.70999999999998,Jonathan Tah,Bayer Leverkusen,,,linked_360_unsupported_semantics,1.4019999999999868,,,,,,,,,C17,533862946a73608c134d18b78226b6371ce7173c
3895121,2,83,904,2159,00:04:56.813,Carry,904,True,validated_core_event_team_scope,True,False,296.813,93,b73877f6-fb19-4028-b0f7-4ae6538992f7,True,True,True,safe_validated_frame_vector,59.1,40.3,59.1,40.3,63.3,46.9,59.1,40.3,63.3,46.9,4.199999999999996,6.600000000000001,7.823042886243178,106.70999999999998,Jonathan Tah,Bayer Leverkusen,,,validated_spatial_anchor,0.0,116.6,53.3,positive_0012,1.0,,,,,C17,533862946a73608c134d18b78226b6371ce7173c
3895121,2,83,904,2160,00:04:59.867,Pass,904,True,validated_core_event_team_scope,True,False,299.867,94,16389eff-4c30-47bf-9aa3-67f4d79ce0d2,True,True,True,safe_validated_frame_vector,63.3,46.9,63.3,46.9,65.9,34.5,63.3,46.9,65.9,34.5,2.6000000000000085,-12.4,12.669648771769484,109.764,Jonathan Tah,Bayer Leverkusen,,,validated_spatial_anchor,3.0540000000000305,116.6,50.69999999999999,positive_0012,2.0,,,,,C17,533862946a73608c134d18b78226b6371ce7173c
3895121,2,83,904,2161,00:05:00.774,Ball Receipt*,904,True,unsupported_event_type,False,False,300.774,95,1a5100c2-1586-40b3-b656-b150f8e9bf3b,False,False,False,not_leverkusen_pass_carry,,,65.9,34.5,,,,,,,,,,110.671,Granit Xhaka,Bayer Leverkusen,,,linked_360_unsupported_semantics,0.9069999999999824,,,,,,,,,C17,533862946a73608c134d18b78226b6371ce7173c
3895121,2,83,904,2162,00:05:00.774,Carry,904,True,validated_core_event_team_scope,True,False,300.774,96,006f0de8-9ddb-4748-a0f4-847c6acfbab7,True,True,True,safe_validated_frame_vector,65.9,34.5,65.9,34.5,65.1,32.3,65.9,34.5,65.1,32.3,-0.8000000000000114,-2.200000000000003,2.340939982143932,110.671,Granit Xhaka,Bayer Leverkusen,,,validated_spatial_anchor,0.0,116.6,51.5,,,negative_0012,1.0,nonpositive_0011,1.0,C17,533862946a73608c134d18b78226b6371ce7173c
3895121,2,83,904,2163,00:05:02.195,Pass,904,True,validated_core_event_team_scope,True,False,302.195,97,140bc53b-b62a-4fb0-b2e4-c2344a23bc17,True,True,True,safe_validated_frame_vector,65.1,32.3,65.1,32.3,77.2,10.5,65.1,32.3,77.2,10.5,12.100000000000009,-21.8,24.93290997858052,112.09199999999998,Granit Xhaka,Bayer Leverkusen,,,validated_spatial_anchor,1.4209999999999925,116.6,39.39999999999999,positive_0013,1.0,,,,,C17,533862946a73608c134d18b78226b6371ce7173c
3895121,2,83,904,2164,00:05:04.625,Ball Receipt*,904,True,unsupported_event_type,False,False,304.625,98,4f120232-5bd9-450c-8872-ff8a2d1ee80b,False,False,False,not_leverkusen_pass_carry,,,77.2,10.5,,,,,,,,,,114.522,Edmond Fayçal Tapsoba,Bayer Leverkusen,,,linked_360_unsupported_semantics,2.430000000000007,,,,,,,,,C17,533862946a73608c134d18b78226b6371ce7173c
3895121,2,83,904,2165,00:05:04.625,Carry,904,True,validated_core_event_team_scope,True,False,304.625,99,e4332084-cfca-4763-bf42-50d2b52fec27,True,True,True,safe_validated_frame_vector,77.2,10.5,77.2,10.5,81.4,9.6,77.2,10.5,81.4,9.6,4.200000000000003,-0.9000000000000004,4.295346318982909,114.522,Edmond Fayçal Tapsoba,Bayer Leverkusen,,,validated_spatial_anchor,0.0,116.6,35.19999999999999,positive_0013,2.0,,,,,C17,533862946a73608c134d18b78226b6371ce7173c
3895121,2,83,904,2166,00:05:04.721,Pass,904,True,validated_core_event_team_scope,True,False,304.721,100,90021473-ecde-4ef8-b80f-aa91117c0d7a,True,True,True,safe_validated_frame_vector,81.4,9.6,81.4,9.6,86.0,3.0,81.4,9.6,86.0,3.0,4.599999999999994,-6.6,8.044874144447503,114.618,Edmond Fayçal Tapsoba,Bayer Leverkusen,,,validated_spatial_anchor,0.0960000000000036,116.6,30.599999999999994,positive_0013,3.0,,,,,C17,533862946a73608c134d18b78226b6371ce7173c
3895121,2,83,904,2167,00:05:05.535,Ball Receipt*,904,True,unsupported_event_type,False,False,305.535,101,e9a1bf28-144c-4d26-ab66-b29a2f7c8243,False,False,False,not_leverkusen_pass_carry,,,86.0,3.0,,,,,,,,,,115.43200000000002,Alejandro Grimaldo García,Bayer Leverkusen,,,linked_360_unsupported_semantics,0.8140000000000214,,,,,,,,,C17,533862946a73608c134d18b78226b6371ce7173c
3895121,2,83,904,2168,00:05:05.535,Carry,904,True,validated_core_event_team_scope,True,False,305.535,102,cac4704b-10a4-401b-8821-02a6b8478a92,True,True,True,safe_validated_frame_vector,86.0,3.0,86.0,3.0,86.0,3.0,86.0,3.0,86.0,3.0,0.0,0.0,0.0,115.43200000000002,Alejandro Grimaldo García,Bayer Leverkusen,,,validated_spatial_anchor,0.0,116.6,30.599999999999994,,,,,nonpositive_0012,1.0,C17,533862946a73608c134d18b78226b6371ce7173c
3895121,2,83,904,2169,00:05:06.853,Pass,904,True,validated_core_event_team_scope,True,False,306.853,103,d84c0109-f063-4076-a51e-25440792fd04,True,True,True,safe_validated_frame_vector,86.0,3.0,86.0,3.0,83.5,11.0,86.0,3.0,83.5,11.0,-2.5,8.0,8.381527307120106,116.75,Alejandro Grimaldo García,Bayer Leverkusen,,,validated_spatial_anchor,1.3179999999999836,116.6,33.099999999999994,,,negative_0013,1.0,nonpositive_0012,2.0,C17,533862946a73608c134d18b78226b6371ce7173c
3895121,2,83,904,2170,00:05:07.786,Ball Receipt*,904,True,unsupported_event_type,False,False,307.786,104,a6886ccb-d298-4704-8770-dbcd7992937c,False,False,False,not_leverkusen_pass_carry,,,83.5,11.0,,,,,,,,,,117.683,Granit Xhaka,Bayer Leverkusen,,,linked_360_unsupported_semantics,0.9329999999999928,,,,,,,,,C17,533862946a73608c134d18b78226b6371ce7173c
3895121,2,83,904,2171,00:05:07.786,Carry,904,True,validated_core_event_team_scope,True,False,307.786,105,c3f48fad-e6bb-4904-8b61-5f87bdb60754,True,True,True,safe_validated_frame_vector,83.5,11.0,83.5,11.0,83.5,11.0,83.5,11.0,83.5,11.0,0.0,0.0,0.0,117.683,Granit Xhaka,Bayer Leverkusen,,,validated_spatial_anchor,0.0,116.6,33.099999999999994,,,,,nonpositive_0012,3.0,C17,533862946a73608c134d18b78226b6371ce7173c
3895121,2,83,904,2172,00:05:08.331,Pass,904,True,validated_core_event_team_scope,True,False,308.331,106,3315dfce-a6f9-42ae-b3a5-1f204e4fc428,True,True,True,safe_validated_frame_vector,83.5,11.0,83.5,11.0,77.8,5.3,83.5,11.0,77.8,5.3,-5.700000000000003,-5.7,8.061017305526644,118.228,Granit Xhaka,Bayer Leverkusen,,,validated_spatial_anchor,0.5450000000000159,116.6,38.8,,,negative_0014,1.0,nonpositive_0012,4.0,C17,533862946a73608c134d18b78226b6371ce7173c
3895121,2,83,904,2173,00:05:08.922,Ball Receipt*,904,True,unsupported_event_type,False,False,308.922,107,3b2bc02a-d0c7-4873-b8ce-67f89ea18bbe,False,False,False,not_leverkusen_pass_carry,,,77.8,5.3,,,,,,,,,,118.81900000000002,Edmond Fayçal Tapsoba,Bayer Leverkusen,,,linked_360_unsupported_semantics,0.5910000000000082,,,,,,,,,C17,533862946a73608c134d18b78226b6371ce7173c
3895121,2,83,904,2174,00:05:08.922,Carry,904,True,validated_core_event_team_scope,True,False,308.922,108,7450cbee-be39-40b2-87c6-096eca354062,True,True,True,safe_validated_frame_vector,77.8,5.3,77.8,5.3,74.2,8.9,77.8,5.3,74.2,8.9,-3.5999999999999943,3.6000000000000005,5.091168824543138,118.81900000000002,Edmond Fayçal Tapsoba,Bayer Leverkusen,,,validated_spatial_anchor,0.0,116.6,42.39999999999999,,,negative_0014,2.0,nonpositive_0012,5.0,C17,533862946a73608c134d18b78226b6371ce7173c
3895121,2,83,904,2175,00:05:10.628,Pass,904,True,validated_core_event_team_scope,True,False,310.628,109,c75bf4af-b82f-4f43-91c0-86c6b1fee6d3,True,True,True,safe_validated_frame_vector,74.2,8.9,74.2,8.9,68.5,29.3,74.2,8.9,68.5,29.3,-5.700000000000003,20.4,21.181359729724623,120.52499999999998,Edmond Fayçal Tapsoba,Bayer Leverkusen,,,validated_spatial_anchor,1.7059999999999604,116.6,48.1,,,negative_0014,3.0,nonpositive_0012,6.0,C17,533862946a73608c134d18b78226b6371ce7173c
3895121,2,83,904,2176,00:05:12.112,Ball Receipt*,904,True,unsupported_event_type,False,False,312.112,110,d2ea04f9-b3cd-40f4-a7e5-3a3571260b82,False,False,False,not_leverkusen_pass_carry,,,68.5,29.3,,,,,,,,,,122.009,Jonathan Tah,Bayer Leverkusen,,,linked_360_unsupported_semantics,1.4840000000000373,,,,,,,,,C17,533862946a73608c134d18b78226b6371ce7173c
3895121,2,83,904,2177,00:05:12.112,Carry,904,True,validated_core_event_team_scope,True,False,312.112,111,f5cf67f5-1fc5-4848-8564-b67af674cb9c,True,True,True,safe_validated_frame_vector,68.5,29.3,68.5,29.3,66.8,42.0,68.5,29.3,66.8,42.0,-1.7000000000000028,12.7,12.81327436684316,122.009,Jonathan Tah,Bayer Leverkusen,,,validated_spatial_anchor,0.0,116.6,49.8,,,negative_0014,4.0,nonpositive_0012,7.0,C17,533862946a73608c134d18b78226b6371ce7173c
3895121,2,83,904,2178,00:05:13.209,Pass,904,False,no_360_frame,False,False,313.209,112,d09004e8-d8e3-4e3d-9b61-15d98dce15e9,False,True,True,unsupported_or_unlinked_frame,,,66.8,42.0,84.0,42.6,,,,,,,,123.106,Jonathan Tah,Bayer Leverkusen,,,no_360_frame,1.09699999999998,,,,,,,,,C17,533862946a73608c134d18b78226b6371ce7173c
3895121,2,83,904,2179,00:05:14.507,Ball Receipt*,904,True,unsupported_event_type,False,False,314.507,113,2877a657-af47-4a27-b3e9-bd0e5c4407ab,False,False,False,not_leverkusen_pass_carry,,,84.0,42.6,,,,,,,,,,124.404,Florian Wirtz,Bayer Leverkusen,,,linked_360_unsupported_semantics,1.2980000000000018,,,,,,,,,C17,533862946a73608c134d18b78226b6371ce7173c
3895121,2,83,904,2180,00:05:14.507,Pass,904,True,validated_core_event_team_scope,True,False,314.507,114,827668e0-4134-4acb-a049-82e7ff4e5d81,True,True,True,safe_validated_frame_vector,84.0,42.6,84.0,42.6,73.3,56.2,84.0,42.6,73.3,56.2,-10.700000000000005,13.6,17.30462365958879,124.404,Florian Wirtz,Bayer Leverkusen,,,validated_spatial_anchor,0.0,116.6,43.3,,,negative_0014,5.0,nonpositive_0012,8.0,C17,533862946a73608c134d18b78226b6371ce7173c
3895121,2,83,904,2181,00:05:15.362,Ball Receipt*,904,True,unsupported_event_type,False,False,315.362,115,262e0d09-15e9-49a6-a333-6b69b13b6357,False,False,False,not_leverkusen_pass_carry,,,73.3,56.2,,,,,,,,,,125.259,Odilon Kossonou,Bayer Leverkusen,,,linked_360_unsupported_semantics,0.8550000000000182,,,,,,,,,C17,533862946a73608c134d18b78226b6371ce7173c
3895121,2,83,904,2182,00:05:15.362,Carry,904,True,validated_core_event_team_scope,True,False,315.362,116,8f0e57dc-27c9-4589-9f35-b3269b0c6b9c,True,True,True,safe_validated_frame_vector,73.3,56.2,73.3,56.2,77.5,61.8,73.3,56.2,77.5,61.8,4.200000000000003,5.599999999999994,6.999999999999997,125.259,Odilon Kossonou,Bayer Leverkusen,,,validated_spatial_anchor,0.0,116.6,39.1,positive_0014,1.0,,,,,C17,533862946a73608c134d18b78226b6371ce7173c
3895121,2,83,904,2183,00:05:17.079,Pass,904,True,validated_core_event_team_scope,True,False,317.079,117,3335840d-533f-485d-beb5-3559e410671d,True,True,True,safe_validated_frame_vector,77.5,61.8,77.5,61.8,84.4,70.5,77.5,61.8,84.4,70.5,6.900000000000006,8.700000000000003,11.104053313993054,126.976,Odilon Kossonou,Bayer Leverkusen,,,validated_spatial_anchor,1.7169999999999843,116.6,32.19999999999999,positive_0014,2.0,,,,,C17,533862946a73608c134d18b78226b6371ce7173c
3895121,2,83,904,2184,00:05:17.933,Ball Receipt*,904,True,unsupported_event_type,False,False,317.933,118,19f4721c-69e4-4cb1-af91-6e44837b0d3b,False,False,False,not_leverkusen_pass_carry,,,84.4,70.5,,,,,,,,,,127.82999999999998,Jonas Hofmann,Bayer Leverkusen,,,linked_360_unsupported_semantics,0.853999999999985,,,,,,,,,C17,533862946a73608c134d18b78226b6371ce7173c
3895121,2,83,904,2185,00:05:17.933,Carry,904,True,validated_core_event_team_scope,True,False,317.933,119,b742acc2-4619-4cf8-bfad-1d06ae6a101c,True,True,True,safe_validated_frame_vector,84.4,70.5,84.4,70.5,82.6,63.9,84.4,70.5,82.6,63.9,-1.8000000000000114,-6.600000000000001,6.841052550594831,127.82999999999998,Jonas Hofmann,Bayer Leverkusen,,,validated_spatial_anchor,0.0,116.6,34.0,,,negative_0015,1.0,nonpositive_0013,1.0,C17,533862946a73608c134d18b78226b6371ce7173c
3895121,2,83,904,2186,00:05:20.156,Pass,904,True,validated_core_event_team_scope,True,False,320.156,120,4f07a0b1-2ad1-44a5-b33b-c7d76a93f9b2,True,True,True,safe_validated_frame_vector,82.6,63.9,82.6,63.9,85.6,54.8,82.6,63.9,85.6,54.8,3.0,-9.1,9.581753492967769,130.053,Jonas Hofmann,Bayer Leverkusen,,,validated_spatial_anchor,2.223000000000013,116.6,31.0,positive_0015,1.0,,,,,C17,533862946a73608c134d18b78226b6371ce7173c
3895121,2,83,904,2187,00:05:20.733,Ball Receipt*,904,True,unsupported_event_type,False,False,320.733,121,49ae05b2-e00f-4b24-a007-6c640f99839e,False,False,False,not_leverkusen_pass_carry,,,85.6,54.8,,,,,,,,,,130.63,Exequiel Alejandro Palacios,Bayer Leverkusen,,,linked_360_unsupported_semantics,0.5769999999999982,,,,,,,,,C17,533862946a73608c134d18b78226b6371ce7173c
3895121,2,83,904,2188,00:05:20.733,Carry,904,True,validated_core_event_team_scope,True,False,320.733,122,91536e4e-f726-4c7b-a868-7ecf375e4047,True,True,True,safe_validated_frame_vector,85.6,54.8,85.6,54.8,85.6,54.8,85.6,54.8,85.6,54.8,0.0,0.0,0.0,130.63,Exequiel Alejandro Palacios,Bayer Leverkusen,,,validated_spatial_anchor,0.0,116.6,31.0,,,,,nonpositive_0014,1.0,C17,533862946a73608c134d18b78226b6371ce7173c
3895121,2,83,904,2189,00:05:20.773,Pass,904,True,validated_core_event_team_scope,True,False,320.773,123,cb075758-1e8c-464e-b870-003539ffbfe2,True,True,True,safe_validated_frame_vector,85.6,54.8,85.6,54.8,81.4,71.0,85.6,54.8,81.4,71.0,-4.199999999999989,16.200000000000003,16.735590817177624,130.67000000000002,Exequiel Alejandro Palacios,Bayer Leverkusen,,,validated_spatial_anchor,0.0400000000000204,116.6,35.19999999999999,,,negative_0016,1.0,nonpositive_0014,2.0,C17,533862946a73608c134d18b78226b6371ce7173c
3895121,2,83,904,2190,00:05:21.881,Ball Receipt*,904,True,unsupported_event_type,False,False,321.881,124,70357f69-78b8-4e14-922f-f979c77afca4,False,False,False,not_leverkusen_pass_carry,,,81.4,71.0,,,,,,,,,,131.77799999999996,Odilon Kossonou,Bayer Leverkusen,,,linked_360_unsupported_semantics,1.1079999999999472,,,,,,,,,C17,533862946a73608c134d18b78226b6371ce7173c
3895121,2,83,904,2191,00:05:21.881,Carry,904,True,validated_core_event_team_scope,True,False,321.881,125,402b2cf2-09a0-45d1-b92c-cfa45a593398,True,True,True,safe_validated_frame_vector,81.4,71.0,81.4,71.0,83.0,70.2,81.4,71.0,83.0,70.2,1.5999999999999943,-0.7999999999999972,1.7888543819998253,131.77799999999996,Odilon Kossonou,Bayer Leverkusen,,,validated_spatial_anchor,0.0,116.6,33.599999999999994,positive_0016,1.0,,,,,C17,533862946a73608c134d18b78226b6371ce7173c
3895121,2,83,904,2192,00:05:23.808,Pass,904,True,validated_core_event_team_scope,True,False,323.808,126,72b987b3-0d6e-452d-ba73-b18a97e6558d,True,True,True,safe_validated_frame_vector,83.0,70.2,83.0,70.2,84.6,57.0,83.0,70.2,84.6,57.0,1.5999999999999943,-13.200000000000005,13.29661611087573,133.70499999999998,Odilon Kossonou,Bayer Leverkusen,,,validated_spatial_anchor,1.927000000000021,116.6,32.0,positive_0016,2.0,,,,,C17,533862946a73608c134d18b78226b6371ce7173c
3895121,2,83,904,2193,00:05:24.189,Ball Receipt*,904,True,unsupported_event_type,False,False,324.189,127,e0bb3374-8499-4d58-9418-4ea1dff6b9a3,False,False,False,not_leverkusen_pass_carry,,,84.6,57.0,,,,,,,,,,134.086,Exequiel Alejandro Palacios,Bayer Leverkusen,,,linked_360_unsupported_semantics,0.3810000000000286,,,,,,,,,C17,533862946a73608c134d18b78226b6371ce7173c
3895121,2,83,904,2194,00:05:24.189,Carry,904,True,validated_core_event_team_scope,True,False,324.189,128,a208f963-3149-49b1-a65d-df62c297347c,True,True,True,safe_validated_frame_vector,84.6,57.0,84.6,57.0,84.6,57.0,84.6,57.0,84.6,57.0,0.0,0.0,0.0,134.086,Exequiel Alejandro Palacios,Bayer Leverkusen,,,validated_spatial_anchor,0.0,116.6,32.0,,,,,nonpositive_0015,1.0,C17,533862946a73608c134d18b78226b6371ce7173c
3895121,2,83,904,2195,00:05:24.266,Pass,904,True,validated_core_event_team_scope,True,False,324.266,129,c63298ad-b9cb-4503-8368-5c6802e5235f,True,True,True,safe_validated_frame_vector,84.6,57.0,84.6,57.0,77.8,59.2,84.6,57.0,77.8,59.2,-6.799999999999997,2.200000000000003,7.147027354082253,134.163,Exequiel Alejandro Palacios,Bayer Leverkusen,,,validated_spatial_anchor,0.0769999999999981,116.6,38.8,,,negative_0017,1.0,nonpositive_0015,2.0,C17,533862946a73608c134d18b78226b6371ce7173c
3895121,2,83,904,2196,00:05:25.041,Ball Receipt*,904,True,unsupported_event_type,False,False,325.041,130,65a42397-818a-44c2-8743-acf8f9f55ec7,False,False,False,not_leverkusen_pass_carry,,,77.8,59.2,,,,,,,,,,134.938,Jonas Hofmann,Bayer Leverkusen,,,linked_360_unsupported_semantics,0.7749999999999773,,,,,,,,,C17,533862946a73608c134d18b78226b6371ce7173c
3895121,2,83,904,2197,00:05:25.041,Carry,904,True,validated_core_event_team_scope,True,False,325.041,131,8df3e58f-4b4a-43a3-a29c-eec684a8fabb,True,True,True,safe_validated_frame_vector,77.8,59.2,77.8,59.2,77.7,59.0,77.8,59.2,77.7,59.0,-0.0999999999999943,-0.2000000000000028,0.2236067977499789,134.938,Jonas Hofmann,Bayer Leverkusen,,,validated_spatial_anchor,0.0,116.6,38.89999999999999,,,negative_0017,2.0,nonpositive_0015,3.0,C17,533862946a73608c134d18b78226b6371ce7173c
3895121,2,83,904,2198,00:05:26.879,Pass,904,True,validated_core_event_team_scope,True,False,326.879,132,7c96bffa-a8cb-474a-b159-996de435e01f,True,True,True,safe_validated_frame_vector,77.7,59.0,77.7,59.0,79.6,17.6,77.7,59.0,79.6,17.6,1.8999999999999917,-41.4,41.44357610052492,136.776,Jonas Hofmann,Bayer Leverkusen,,,validated_spatial_anchor,1.8380000000000225,116.6,37.0,positive_0017,1.0,,,,,C17,533862946a73608c134d18b78226b6371ce7173c
3895121,2,83,904,2199,00:05:28.715,Ball Receipt*,904,True,unsupported_event_type,False,False,328.715,133,ce4cdf1a-dc5c-4ac3-9550-3e19e1891fa4,False,False,False,not_leverkusen_pass_carry,,,79.6,17.6,,,,,,,,,,138.61199999999997,Edmond Fayçal Tapsoba,Bayer Leverkusen,,,linked_360_unsupported_semantics,1.835999999999956,,,,,,,,,C17,533862946a73608c134d18b78226b6371ce7173c
3895121,2,83,904,2200,00:05:28.715,Carry,904,True,validated_core_event_team_scope,True,False,328.715,134,6f41d5df-2cf5-4b56-9f2f-2160585493a0,True,True,True,safe_validated_frame_vector,79.6,17.6,79.6,17.6,80.8,17.0,79.6,17.6,80.8,17.0,1.2000000000000028,-0.6000000000000014,1.341640786499877,138.61199999999997,Edmond Fayçal Tapsoba,Bayer Leverkusen,,,validated_spatial_anchor,0.0,116.6,35.8,positive_0017,2.0,,,,,C17,533862946a73608c134d18b78226b6371ce7173c
3895121,2,83,904,2201,00:05:29.771,Pass,904,True,validated_core_event_team_scope,True,False,329.771,135,1621fcd9-8af1-4e88-81d9-5733a9fcddfd,True,True,True,safe_validated_frame_vector,80.8,17.0,80.8,17.0,95.6,5.3,80.8,17.0,95.6,5.3,14.799999999999995,-11.7,18.86610717662761,139.668,Edmond Fayçal Tapsoba,Bayer Leverkusen,,,validated_spatial_anchor,1.05600000000004,116.6,21.0,positive_0017,3.0,,,,,C17,533862946a73608c134d18b78226b6371ce7173c
3895121,2,83,904,2202,00:05:30.750,Ball Receipt*,904,True,unsupported_event_type,False,False,330.75,136,8a471770-d929-446d-9ae4-62a62611d8a6,False,False,False,not_leverkusen_pass_carry,,,95.6,5.3,,,,,,,,,,140.647,Alejandro Grimaldo García,Bayer Leverkusen,,,linked_360_unsupported_semantics,0.978999999999985,,,,,,,,,C17,533862946a73608c134d18b78226b6371ce7173c
3895121,2,83,904,2203,00:05:30.750,Carry,904,True,validated_core_event_team_scope,True,False,330.75,137,7c343c2c-b109-412e-a796-e38729abb0ff,True,True,True,safe_validated_frame_vector,95.6,5.3,95.6,5.3,94.5,5.3,95.6,5.3,94.5,5.3,-1.0999999999999943,0.0,1.0999999999999943,140.647,Alejandro Grimaldo García,Bayer Leverkusen,,,validated_spatial_anchor,0.0,116.6,22.099999999999994,,,negative_0018,1.0,nonpositive_0016,1.0,C17,533862946a73608c134d18b78226b6371ce7173c
3895121,2,83,904,2204,00:05:33.524,Pass,904,False,no_360_frame,False,False,333.524,138,a41b5581-062c-46d1-83c1-6aec762ccb61,False,True,True,unsupported_or_unlinked_frame,,,94.5,5.3,84.6,9.1,,,,,,,,143.421,Alejandro Grimaldo García,Bayer Leverkusen,,,no_360_frame,2.774000000000001,,,,,,,,,C17,533862946a73608c134d18b78226b6371ce7173c
3895121,2,83,904,2205,00:05:34.902,Ball Receipt*,904,True,unsupported_event_type,False,False,334.902,139,457775bd-fdd6-4acc-bb9d-5da56b553255,False,False,False,not_leverkusen_pass_carry,,,84.6,9.1,,,,,,,,,,144.79899999999998,Edmond Fayçal Tapsoba,Bayer Leverkusen,,,linked_360_unsupported_semantics,1.377999999999986,,,,,,,,,C17,533862946a73608c134d18b78226b6371ce7173c
3895121,2,83,904,2206,00:05:34.902,Carry,904,True,validated_core_event_team_scope,True,False,334.902,140,f32aaf09-649a-4d50-928d-2f84884a58b2,True,True,True,safe_validated_frame_vector,84.6,9.1,84.6,9.1,83.6,9.6,84.6,9.1,83.6,9.6,-1.0,0.5,1.118033988749895,144.79899999999998,Edmond Fayçal Tapsoba,Bayer Leverkusen,,,validated_spatial_anchor,0.0,116.6,33.0,,,negative_0018,2.0,nonpositive_0016,2.0,C17,533862946a73608c134d18b78226b6371ce7173c
3895121,2,83,904,2207,00:05:35.798,Pass,904,True,validated_core_event_team_scope,True,False,335.798,141,b45c1114-b0bb-4fec-a71e-0090ebf80d4a,True,True,True,safe_validated_frame_vector,83.6,9.6,83.6,9.6,82.9,45.8,83.6,9.6,82.9,45.8,-0.6999999999999886,36.2,36.20676732325049,145.695,Edmond Fayçal Tapsoba,Bayer Leverkusen,,,validated_spatial_anchor,0.896000000000015,116.6,33.69999999999999,,,negative_0018,3.0,nonpositive_0016,3.0,C17,533862946a73608c134d18b78226b6371ce7173c
3895121,2,83,904,2208,00:05:36.917,Ball Receipt*,904,True,unsupported_event_type,False,False,336.917,142,93a325f6-a5ac-4691-816d-3504370a12e8,False,False,False,not_leverkusen_pass_carry,,,82.9,45.8,,,,,,,,,,146.81399999999996,Exequiel Alejandro Palacios,Bayer Leverkusen,,,linked_360_unsupported_semantics,1.1189999999999714,,,,,,,,,C17,533862946a73608c134d18b78226b6371ce7173c
3895121,2,83,904,2209,00:05:36.917,Carry,904,True,validated_core_event_team_scope,True,False,336.917,143,ffdc6c2d-0906-486c-bea6-fb877baa03b5,True,True,True,safe_validated_frame_vector,82.9,45.8,82.9,45.8,82.6,49.9,82.9,45.8,82.6,49.9,-0.3000000000000113,4.100000000000001,4.110960958218896,146.81399999999996,Exequiel Alejandro Palacios,Bayer Leverkusen,,,validated_spatial_anchor,0.0,116.6,34.0,,,negative_0018,4.0,nonpositive_0016,4.0,C17,533862946a73608c134d18b78226b6371ce7173c
3895121,2,83,904,2210,00:05:38.186,Pass,904,True,validated_core_event_team_scope,True,False,338.186,144,9fe96b66-15d7-4332-8dca-f0aeaa95b903,True,True,True,safe_validated_frame_vector,82.6,49.9,82.6,49.9,99.0,54.6,82.6,49.9,99.0,54.6,16.400000000000006,4.700000000000003,17.060187572239652,148.08299999999997,Exequiel Alejandro Palacios,Bayer Leverkusen,,,validated_spatial_anchor,1.2690000000000057,116.6,17.599999999999994,positive_0018,1.0,,,,,C17,533862946a73608c134d18b78226b6371ce7173c
3895121,2,83,904,2211,00:05:38.918,Ball Receipt*,904,True,unsupported_event_type,False,False,338.918,145,e8b52616-62ca-470e-b429-a9ce00249312,False,False,False,not_leverkusen_pass_carry,,,99.0,54.6,,,,,,,,,,148.815,Jonas Hofmann,Bayer Leverkusen,,,linked_360_unsupported_semantics,0.7320000000000277,,,,,,,,,C17,533862946a73608c134d18b78226b6371ce7173c
3895121,2,83,904,2212,00:05:38.918,Carry,904,True,validated_core_event_team_scope,True,False,338.918,146,88dcb96f-e038-4e66-9a70-3ff2ed03fe5f,True,True,True,safe_validated_frame_vector,99.0,54.6,99.0,54.6,99.0,54.4,99.0,54.6,99.0,54.4,0.0,-0.2000000000000028,0.2000000000000028,148.815,Jonas Hofmann,Bayer Leverkusen,,,validated_spatial_anchor,0.0,116.6,17.599999999999994,,,,,,,C17,533862946a73608c134d18b78226b6371ce7173c
3895121,2,83,904,2213,00:05:38.958,Pass,904,True,validated_core_event_team_scope,True,False,338.958,147,a5cfb67e-7d19-4529-84b6-859e9dc4e9dc,True,True,True,safe_validated_frame_vector,99.0,54.4,99.0,54.4,104.1,41.7,99.0,54.4,104.1,41.7,5.099999999999994,-12.699999999999996,13.685759021698424,148.85500000000002,Jonas Hofmann,Bayer Leverkusen,pass.outcome:Incomplete,,validated_spatial_anchor,0.0400000000000204,116.6,12.5,positive_0019,1.0,,,,,C17,533862946a73608c134d18b78226b6371ce7173c
3895121,2,83,904,2214,00:05:39.794,Ball Receipt*,904,True,unsupported_event_type,False,False,339.794,148,1c0fa5f4-4bde-4efe-b037-646a0e69e826,False,False,False,not_leverkusen_pass_carry,,,100.8,36.8,,,,,,,,,,149.69099999999997,Victor Okoh Boniface,Bayer Leverkusen,ball_receipt.outcome:Incomplete,,linked_360_unsupported_semantics,0.8359999999999559,,,,,,,,,C17,533862946a73608c134d18b78226b6371ce7173c
3895121,2,83,904,2215,00:05:39.794,Pass,183,True,validated_core_event_team_scope,True,False,339.794,149,767ce509-d3fa-435c-b0de-bb3db7fd96d2,False,False,False,not_leverkusen_pass_carry,104.0,41.6,16.0,38.4,,,,,,,,,,149.69099999999997,Matthias Ginter,Freiburg,pass.type:Recovery,,validated_spatial_anchor,0.0,,,,,,,,,C17,533862946a73608c134d18b78226b6371ce7173c
3895121,2,83,904,2216,00:05:40.771,Ball Receipt*,183,True,unsupported_event_type,False,False,340.771,150,829a51ac-9555-4ec9-b403-19dfcea7a0d6,False,False,False,not_leverkusen_pass_carry,,,28.1,30.7,,,,,,,,,,150.668,Merlin Röhl,Freiburg,,,linked_360_unsupported_semantics,0.9770000000000324,,,,,,,,,C17,533862946a73608c134d18b78226b6371ce7173c
3895121,2,83,904,2217,00:05:40.771,Carry,183,True,validated_core_event_team_scope,True,False,340.771,151,7c5ebd96-0831-4b91-8f52-6aaad95e157a,False,False,False,not_leverkusen_pass_carry,91.9,49.3,28.1,30.7,,,,,,,,,,150.668,Merlin Röhl,Freiburg,,,validated_spatial_anchor,0.0,,,,,,,,,C17,533862946a73608c134d18b78226b6371ce7173c
3895121,2,83,904,2218,00:05:43.204,Pass,183,True,validated_core_event_team_scope,True,False,343.204,152,ac32b4dc-7b45-4348-9d27-305e22d88946,False,False,False,not_leverkusen_pass_carry,81.2,52.3,38.8,27.7,,,,,,,,,,153.101,Merlin Röhl,Freiburg,pass.outcome:Incomplete,,validated_spatial_anchor,2.4329999999999927,,,,,,,,,C17,533862946a73608c134d18b78226b6371ce7173c
3895121,2,83,904,2219,00:05:43.801,Ball Receipt*,183,True,unsupported_event_type,False,False,343.801,153,c12dc778-218b-4c7f-9729-6e7d53f2414d,False,False,False,not_leverkusen_pass_carry,,,46.0,12.3,,,,,,,,,,153.69799999999998,Vincenzo Grifo,Freiburg,ball_receipt.outcome:Incomplete,,linked_360_unsupported_semantics,0.59699999999998,,,,,,,,,C17,533862946a73608c134d18b78226b6371ce7173c
3895121,2,83,904,2220,00:05:43.801,Interception,904,True,unsupported_event_type,False,False,343.801,154,b9185ed7-27c1-42a0-9a33-825488bb30cd,False,False,False,not_leverkusen_pass_carry,,,71.9,59.2,,,,,,,,,,153.69799999999998,Exequiel Alejandro Palacios,Bayer Leverkusen,type:Interception;counterpress:true;interception.outcome:Won,,linked_360_unsupported_semantics,0.0,,,,,,,,,C17,533862946a73608c134d18b78226b6371ce7173c
3895121,2,83,904,2221,00:05:43.801,Carry,904,True,validated_core_event_team_scope,True,False,343.801,155,e75d85c0-7ea8-468f-9d4a-316b76b9fca5,True,True,True,safe_validated_frame_vector,71.9,59.2,71.9,59.2,72.8,63.0,71.9,59.2,72.8,63.0,0.8999999999999915,3.799999999999997,3.9051248379533225,153.69799999999998,Exequiel Alejandro Palacios,Bayer Leverkusen,,,validated_spatial_anchor,0.0,116.6,43.8,positive_0019,2.0,,,,,C17,533862946a73608c134d18b78226b6371ce7173c
3895121,2,83,904,2222,00:05:45.098,Pressure,183,True,validated_core_event_team_scope,True,False,345.098,156,71b4586b-f0eb-4de8-8091-cebd12e6b4c7,False,False,False,not_leverkusen_pass_carry,72.2,56.9,47.8,23.1,,,,,,,,,,154.995,Merlin Röhl,Freiburg,,,validated_spatial_anchor,1.2970000000000257,,,,,,,,,C17,533862946a73608c134d18b78226b6371ce7173c
3895121,2,83,904,2223,00:05:45.520,Pass,904,True,validated_core_event_team_scope,True,False,345.52,157,7f69577b-71b0-480e-a743-6f717e9e30d7,True,True,True,safe_validated_frame_vector,72.8,63.0,72.8,63.0,83.5,59.0,72.8,63.0,83.5,59.0,10.700000000000005,-4.0,11.423221962301184,155.41699999999997,Exequiel Alejandro Palacios,Bayer Leverkusen,,,validated_spatial_anchor,0.4219999999999686,116.6,33.099999999999994,positive_0019,3.0,,,,,C17,533862946a73608c134d18b78226b6371ce7173c
3895121,2,83,904,2224,00:05:46.460,Ball Receipt*,904,True,unsupported_event_type,False,False,346.46,158,874c2c52-d240-4835-be76-e149b8313da8,False,False,False,not_leverkusen_pass_carry,,,83.5,59.0,,,,,,,,,,156.35699999999997,Jeremie Frimpong,Bayer Leverkusen,,,linked_360_unsupported_semantics,0.9399999999999976,,,,,,,,,C17,533862946a73608c134d18b78226b6371ce7173c
3895121,2,83,904,2225,00:05:46.460,Carry,904,True,validated_core_event_team_scope,True,False,346.46,159,2aa05a1b-4e99-49d0-bec7-d992ee9b1c58,True,True,True,safe_validated_frame_vector,83.5,59.0,83.5,59.0,94.2,61.2,83.5,59.0,94.2,61.2,10.700000000000005,2.200000000000003,10.923827168167762,156.35699999999997,Jeremie Frimpong,Bayer Leverkusen,,,validated_spatial_anchor,0.0,116.6,22.39999999999999,positive_0019,4.0,,,,,C17,533862946a73608c134d18b78226b6371ce7173c
3895121,2,83,904,2226,00:05:48.183,Pass,904,True,validated_core_event_team_scope,True,False,348.183,160,3c2e1cfb-e4e1-4d73-a227-31d246482148,True,True,True,safe_validated_frame_vector,94.2,61.2,94.2,61.2,90.6,49.1,94.2,61.2,90.6,49.1,-3.6000000000000085,-12.1,12.624183141890809,158.07999999999998,Jeremie Frimpong,Bayer Leverkusen,,,validated_spatial_anchor,1.7230000000000132,116.6,26.0,,,negative_0019,1.0,nonpositive_0017,1.0,C17,533862946a73608c134d18b78226b6371ce7173c
3895121,2,83,904,2227,00:05:49.139,Ball Receipt*,904,True,unsupported_event_type,False,False,349.139,161,a60b0444-79c5-4921-834c-ebc1112e0829,False,False,False,not_leverkusen_pass_carry,,,90.6,49.1,,,,,,,,,,159.036,Victor Okoh Boniface,Bayer Leverkusen,,,linked_360_unsupported_semantics,0.9560000000000172,,,,,,,,,C17,533862946a73608c134d18b78226b6371ce7173c
3895121,2,83,904,2228,00:05:49.139,Pass,904,True,validated_core_event_team_scope,True,False,349.139,162,e1e5085c-d8f4-480e-8c74-cf043a55aec5,True,True,True,safe_validated_frame_vector,90.6,49.1,90.6,49.1,88.8,41.9,90.6,49.1,88.8,41.9,-1.7999999999999972,-7.200000000000003,7.4215901261117905,159.036,Victor Okoh Boniface,Bayer Leverkusen,pass.outcome:Incomplete,,validated_spatial_anchor,0.0,116.6,27.8,,,negative_0019,2.0,nonpositive_0017,2.0,C17,533862946a73608c134d18b78226b6371ce7173c
3895121,2,83,904,2229,00:05:50.560,Pressure,904,True,validated_core_event_team_scope,True,False,350.56,163,2cfee657-37cf-4ef3-8945-29774b4e89c5,False,False,False,not_leverkusen_pass_carry,88.8,39.5,88.8,39.5,,,,,,,,,,160.457,Exequiel Alejandro Palacios,Bayer Leverkusen,,,validated_spatial_anchor,1.4209999999999925,,,,,,,,,C17,533862946a73608c134d18b78226b6371ce7173c
3895121,2,83,904,2230,00:05:50.753,Ball Receipt*,904,False,no_360_frame,False,False,350.753,164,bd6338b1-f8f8-4d36-9d1c-920e9d171943,False,False,False,not_leverkusen_pass_carry,,,88.6,49.1,,,,,,,,,,160.64999999999998,Edmond Fayçal Tapsoba,Bayer Leverkusen,ball_receipt.outcome:Incomplete,,no_360_frame,0.1929999999999836,,,,,,,,,C17,533862946a73608c134d18b78226b6371ce7173c
3895121,2,83,904,2231,00:05:50.753,Ball Recovery,183,False,no_360_frame,False,False,350.753,165,818fedd4-d3bc-4161-adbd-ddb1f3b6e17b,False,False,False,not_leverkusen_pass_carry,,,31.3,38.2,,,,,,,,,,160.64999999999998,Maximilian Eggestein,Freiburg,type:Ball Recovery,,no_360_frame,0.0,,,,,,,,,C17,533862946a73608c134d18b78226b6371ce7173c
3895121,2,83,904,2232,00:05:50.753,Carry,183,False,no_360_frame,False,False,350.753,166,e39694f5-3f7b-4a0a-bd8a-0082cd19c9a8,False,False,False,not_leverkusen_pass_carry,,,31.3,38.2,,,,,,,,,,160.64999999999998,Maximilian Eggestein,Freiburg,,,no_360_frame,0.0,,,,,,,,,C17,533862946a73608c134d18b78226b6371ce7173c
3895121,2,83,904,2233,00:05:51.949,Dispossessed,183,True,unsupported_event_type,False,False,351.949,167,fd922811-ea5c-4da6-8378-240c914cc828,False,False,False,not_leverkusen_pass_carry,,,30.9,44.4,,,,,,,,,,161.846,Maximilian Eggestein,Freiburg,type:Dispossessed,,linked_360_unsupported_semantics,1.1960000000000264,,,,,,,,,C17,533862946a73608c134d18b78226b6371ce7173c
3895121,2,83,904,2234,00:05:51.949,Duel,904,True,unsupported_event_type,False,False,351.949,168,1141ca5a-70a0-4915-a4d4-32e94e6c4a51,False,False,False,not_leverkusen_pass_carry,,,89.2,35.7,,,,,,,,,,161.846,Exequiel Alejandro Palacios,Bayer Leverkusen,type:Duel;counterpress:true;duel.outcome:Lost In Play,,linked_360_unsupported_semantics,0.0,,,,,,,,,C17,533862946a73608c134d18b78226b6371ce7173c
3895121,2,83,904,2235,00:05:52.851,Pass,183,True,validated_core_event_team_scope,True,False,352.851,169,e6f1e1db-0a34-44fa-a8c7-6fc93e1ad603,False,False,False,not_leverkusen_pass_carry,93.9,30.6,26.1,49.4,,,,,,,,,,162.748,Maximilian Eggestein,Freiburg,pass.type:Recovery,,validated_spatial_anchor,0.9019999999999868,,,,,,,,,C17,533862946a73608c134d18b78226b6371ce7173c
3895121,2,83,904,2236,00:05:53.820,Ball Receipt*,183,True,unsupported_event_type,False,False,353.82,170,49d2279d-8c23-4a81-a2b2-dd754a0418ee,False,False,False,not_leverkusen_pass_carry,,,23.5,63.1,,,,,,,,,,163.71699999999998,Kiliann Sildillia,Freiburg,,,linked_360_unsupported_semantics,0.968999999999994,,,,,,,,,C17,533862946a73608c134d18b78226b6371ce7173c
3895121,2,83,904,2237,00:05:53.820,Carry,183,True,validated_core_event_team_scope,True,False,353.82,171,2f09086a-b739-47af-9c1a-8c7d939f0e5a,False,False,False,not_leverkusen_pass_carry,96.5,16.9,23.5,63.1,,,,,,,,,,163.71699999999998,Kiliann Sildillia,Freiburg,,,validated_spatial_anchor,0.0,,,,,,,,,C17,533862946a73608c134d18b78226b6371ce7173c
3895121,2,83,904,2238,00:05:56.159,Pressure,904,True,validated_core_event_team_scope,True,False,356.159,172,484eb0fd-8ab0-48cd-8065-9f2bf9a1d033,False,False,False,not_leverkusen_pass_carry,87.3,7.2,87.3,7.2,,,,,,,,,,166.05599999999998,Exequiel Alejandro Palacios,Bayer Leverkusen,counterpress:true,,validated_spatial_anchor,2.338999999999998,,,,,,,,,C17,533862946a73608c134d18b78226b6371ce7173c
3895121,2,83,904,2239,00:05:56.610,Dribble,183,True,unsupported_event_type,False,False,356.61,173,90beac72-b618-4fa5-a43f-e81e8d8aaa2c,False,False,False,not_leverkusen_pass_carry,,,32.8,74.1,,,,,,,,,,166.507,Kiliann Sildillia,Freiburg,,,linked_360_unsupported_semantics,0.4510000000000218,,,,,,,,,C17,533862946a73608c134d18b78226b6371ce7173c
3895121,2,83,904,2240,00:05:56.610,Duel,904,True,unsupported_event_type,False,False,356.61,174,12ab7d4c-a317-44bf-8cbb-b943446d1b2e,False,False,False,not_leverkusen_pass_carry,,,87.3,6.0,,,,,,,,,,166.507,Exequiel Alejandro Palacios,Bayer Leverkusen,type:Duel;counterpress:true;duel.outcome:Won,,linked_360_unsupported_semantics,0.0,,,,,,,,,C17,533862946a73608c134d18b78226b6371ce7173c
3895121,2,83,904,2241,00:05:56.610,Carry,904,True,validated_core_event_team_scope,True,False,356.61,175,f1ac1e65-0abb-41a7-b507-f0936b4f9bd9,True,True,True,safe_validated_frame_vector,87.3,6.0,87.3,6.0,89.0,8.2,87.3,6.0,89.0,8.2,1.7000000000000028,2.1999999999999997,2.78028775489157,166.507,Exequiel Alejandro Palacios,Bayer Leverkusen,,,validated_spatial_anchor,0.0,116.6,27.599999999999994,positive_0020,1.0,,,,,C17,533862946a73608c134d18b78226b6371ce7173c
3895121,2,83,904,2242,00:05:58.111,Pass,904,False,no_360_frame,False,False,358.111,176,2eaa5374-ebcd-478e-a721-8adc1fbb204d,False,True,True,unsupported_or_unlinked_frame,,,89.0,8.2,99.0,7.4,,,,,,,,168.00799999999998,Exequiel Alejandro Palacios,Bayer Leverkusen,,,no_360_frame,1.5009999999999764,,,,,,,,,C17,533862946a73608c134d18b78226b6371ce7173c
3895121,2,83,904,2243,00:06:00.686,Ball Receipt*,904,True,unsupported_event_type,False,False,360.686,177,32d58075-502d-4cf4-931e-8d3835fe0238,False,False,False,not_leverkusen_pass_carry,,,99.0,7.4,,,,,,,,,,170.58299999999997,Alejandro Grimaldo García,Bayer Leverkusen,,,linked_360_unsupported_semantics,2.5749999999999886,,,,,,,,,C17,533862946a73608c134d18b78226b6371ce7173c
3895121,2,83,904,2244,00:06:00.686,Carry,904,True,validated_core_event_team_scope,True,False,360.686,178,976c1966-8e9c-477f-a43b-cedea7543109,True,True,True,safe_validated_frame_vector,99.0,7.4,99.0,7.4,110.3,13.3,99.0,7.4,110.3,13.3,11.299999999999995,5.9,12.74754878398196,170.58299999999997,Alejandro Grimaldo García,Bayer Leverkusen,,,validated_spatial_anchor,0.0,116.6,6.299999999999997,positive_0020,2.0,,,,,C17,533862946a73608c134d18b78226b6371ce7173c
3895121,2,83,904,2245,00:06:00.788,Pressure,183,True,validated_core_event_team_scope,True,False,360.788,179,45566166-29fd-4d87-89a8-cd742efcab4f,False,False,False,not_leverkusen_pass_carry,104.2,10.900000000000006,15.8,69.1,,,,,,,,,,170.685,Kiliann Sildillia,Freiburg,,,validated_spatial_anchor,0.1020000000000322,,,,,,,,,C17,533862946a73608c134d18b78226b6371ce7173c
3895121,2,83,904,2246,00:06:01.857,Pass,904,True,validated_core_event_team_scope,True,False,361.857,180,5bc1201d-45bb-4b3f-a792-179d1b2e50ed,True,True,True,safe_validated_frame_vector,110.3,13.3,110.3,13.3,110.1,16.8,110.3,13.3,110.1,16.8,-0.2000000000000028,3.5,3.505709628591621,171.75400000000002,Alejandro Grimaldo García,Bayer Leverkusen,pass.outcome:Incomplete,,validated_spatial_anchor,1.0690000000000168,116.6,6.5,,,negative_0020,1.0,nonpositive_0018,1.0,C17,533862946a73608c134d18b78226b6371ce7173c
3895121,2,83,904,2247,00:06:02.008,Ball Receipt*,904,True,unsupported_event_type,False,False,362.008,181,0f23155b-bce1-4859-b551-a51059844cda,False,False,False,not_leverkusen_pass_carry,,,112.5,34.3,,,,,,,,,,171.90499999999997,Victor Okoh Boniface,Bayer Leverkusen,ball_receipt.outcome:Incomplete,,linked_360_unsupported_semantics,0.1509999999999536,,,,,,,,,C17,533862946a73608c134d18b78226b6371ce7173c
3895121,2,83,904,2248,00:06:02.008,Block,183,True,unsupported_event_type,False,False,362.008,182,a25a424d-e4b4-4351-b6f9-21bfe055441d,False,False,False,not_leverkusen_pass_carry,,,10.0,63.3,,,,,,,,,,171.90499999999997,Kiliann Sildillia,Freiburg,type:Block,,linked_360_unsupported_semantics,0.0,,,,,,,,,C17,533862946a73608c134d18b78226b6371ce7173c
3895121,2,83,904,2249,00:06:02.405,Block,904,True,unsupported_event_type,False,False,362.405,183,fea9a4f7-d202-4abf-83fb-c8afd2ff9890,False,False,False,not_leverkusen_pass_carry,,,111.7,14.1,,,,,,,,,,172.30199999999996,Alejandro Grimaldo García,Bayer Leverkusen,type:Block;out:true,,linked_360_unsupported_semantics,0.3969999999999913,,,,,,,,,C17,533862946a73608c134d18b78226b6371ce7173c
3895153,1,43,904,1286,00:22:43.380,Pass,904,False,no_360_frame,False,False,1363.38,0,ce3ce050-9c59-4fa2-9634-2b1caedfb178,False,True,True,unsupported_or_unlinked_frame,,,57.7,28.3,68.8,18.6,,,,,,,,0.0,Exequiel Alejandro Palacios,Bayer Leverkusen,pass.type:Free Kick,Free Kick,no_360_frame,,,,,,,,,,C18,533862946a73608c134d18b78226b6371ce7173c
3895153,1,43,904,1287,00:22:44.484,Ball Receipt*,904,True,unsupported_event_type,False,False,1364.484,1,1bf09a26-14e2-4d3f-9414-1c39808a30e9,False,False,False,not_leverkusen_pass_carry,,,68.8,18.6,,,,,,,,,,1.1039999999998145,Florian Wirtz,Bayer Leverkusen,,,linked_360_unsupported_semantics,1.1039999999998145,,,,,,,,,C18,533862946a73608c134d18b78226b6371ce7173c
3895153,1,43,904,1288,00:22:45.254,Pass,904,True,validated_core_event_team_scope,True,False,1365.254,2,f3ee9f62-40bf-44f8-b173-9036a65994e6,True,True,True,safe_validated_frame_vector,69.0,18.4,69.0,18.4,61.5,24.0,69.0,18.4,61.5,24.0,-7.5,5.600000000000001,9.360021367496978,1.8739999999997965,Florian Wirtz,Bayer Leverkusen,,,validated_spatial_anchor,0.7699999999999818,69.0,7.5,,,negative_0010,1.0,nonpositive_0009,1.0,C18,533862946a73608c134d18b78226b6371ce7173c
3895153,1,43,904,1289,00:22:46.382,Ball Receipt*,904,True,unsupported_event_type,False,False,1366.382,3,9c681f44-9083-4366-89d2-7daf722583c3,False,False,False,not_leverkusen_pass_carry,,,61.5,24.0,,,,,,,,,,3.0019999999999527,Exequiel Alejandro Palacios,Bayer Leverkusen,,,linked_360_unsupported_semantics,1.1280000000001564,,,,,,,,,C18,533862946a73608c134d18b78226b6371ce7173c
3895153,1,43,904,1290,00:22:46.382,Carry,904,True,validated_core_event_team_scope,True,False,1366.382,4,47d924c6-112c-4c09-9b79-f3ab6ce284bb,True,True,True,safe_validated_frame_vector,61.5,24.0,61.5,24.0,63.1,24.1,61.5,24.0,63.1,24.1,1.6000000000000014,0.1000000000000014,1.6031219541881412,3.0019999999999527,Exequiel Alejandro Palacios,Bayer Leverkusen,,,validated_spatial_anchor,0.0,69.0,5.899999999999999,positive_0011,1.0,,,,,C18,533862946a73608c134d18b78226b6371ce7173c
3895153,1,43,904,1291,00:22:50.961,Pass,904,True,validated_core_event_team_scope,True,False,1370.961,5,07dfee4a-b614-4c59-a019-c7a95cd7b64e,True,True,True,safe_validated_frame_vector,63.1,24.1,63.1,24.1,65.2,29.7,63.1,24.1,65.2,29.7,2.1000000000000014,5.599999999999998,5.980802621722271,7.580999999999904,Exequiel Alejandro Palacios,Bayer Leverkusen,,,validated_spatial_anchor,4.578999999999951,69.0,3.799999999999997,positive_0011,2.0,,,,,C18,533862946a73608c134d18b78226b6371ce7173c
3895153,1,43,904,1292,00:22:51.584,Ball Receipt*,904,True,unsupported_event_type,False,False,1371.584,6,b56a27ff-0abb-4801-9aa2-c8e08ff8faf3,False,False,False,not_leverkusen_pass_carry,,,65.2,29.7,,,,,,,,,,8.20399999999995,Granit Xhaka,Bayer Leverkusen,,,linked_360_unsupported_semantics,0.6230000000000473,,,,,,,,,C18,533862946a73608c134d18b78226b6371ce7173c
3895153,1,43,904,1293,00:22:51.584,Carry,904,True,validated_core_event_team_scope,True,False,1371.584,7,ccba0eef-4e76-4880-aa2c-c32179f25f60,True,True,True,safe_validated_frame_vector,65.2,29.7,65.2,29.7,65.3,29.9,65.2,29.7,65.3,29.9,0.0999999999999943,0.1999999999999993,0.2236067977499758,8.20399999999995,Granit Xhaka,Bayer Leverkusen,,,validated_spatial_anchor,0.0,69.0,3.700000000000003,positive_0011,3.0,,,,,C18,533862946a73608c134d18b78226b6371ce7173c
3895153,1,43,904,1294,00:22:54.548,Pass,904,True,validated_core_event_team_scope,True,False,1374.548,8,8c2426e7-5837-44d5-9c3d-05d9b47c9c62,True,True,True,safe_validated_frame_vector,65.3,29.9,65.3,29.9,62.7,17.9,65.3,29.9,62.7,17.9,-2.5999999999999943,-12.0,12.27843638253666,11.167999999999893,Granit Xhaka,Bayer Leverkusen,,,validated_spatial_anchor,2.963999999999942,69.0,6.299999999999997,,,negative_0011,1.0,nonpositive_0010,1.0,C18,533862946a73608c134d18b78226b6371ce7173c
3895153,1,43,904,1295,00:22:55.234,Ball Receipt*,904,True,unsupported_event_type,False,False,1375.234,9,a1a1d17d-1a8e-40fd-9c64-a232c3a4bb78,False,False,False,not_leverkusen_pass_carry,,,62.7,17.9,,,,,,,,,,11.853999999999814,Exequiel Alejandro Palacios,Bayer Leverkusen,,,linked_360_unsupported_semantics,0.6859999999999218,,,,,,,,,C18,533862946a73608c134d18b78226b6371ce7173c
3895153,1,43,904,1296,00:22:55.234,Carry,904,True,validated_core_event_team_scope,True,False,1375.234,10,1f3531a7-ca60-4a0a-8e02-cdb6205fd04f,True,True,True,safe_validated_frame_vector,62.7,17.9,62.7,17.9,58.8,17.7,62.7,17.9,58.8,17.7,-3.9000000000000057,-0.1999999999999993,3.9051248379533328,11.853999999999814,Exequiel Alejandro Palacios,Bayer Leverkusen,,,validated_spatial_anchor,0.0,69.0,10.200000000000005,,,negative_0011,2.0,nonpositive_0010,2.0,C18,533862946a73608c134d18b78226b6371ce7173c
3895153,1,43,904,1297,00:22:56.475,Pass,904,True,validated_core_event_team_scope,True,False,1376.475,11,eab93b2a-6c3a-4688-828f-1e668a229153,True,True,True,safe_validated_frame_vector,58.8,17.7,58.8,17.7,60.5,24.1,58.8,17.7,60.5,24.1,1.7000000000000028,6.400000000000002,6.621933252457325,13.0949999999998,Exequiel Alejandro Palacios,Bayer Leverkusen,,,validated_spatial_anchor,1.2409999999999854,69.0,8.5,positive_0012,1.0,,,,,C18,533862946a73608c134d18b78226b6371ce7173c
3895153,1,43,904,1298,00:22:57.169,Ball Receipt*,904,True,unsupported_event_type,False,False,1377.169,12,a5e0de97-fc1b-4a60-9891-7be0c623c7f8,False,False,False,not_leverkusen_pass_carry,,,60.5,24.1,,,,,,,,,,13.788999999999987,Granit Xhaka,Bayer Leverkusen,,,linked_360_unsupported_semantics,0.6940000000001874,,,,,,,,,C18,533862946a73608c134d18b78226b6371ce7173c
3895153,1,43,904,1299,00:22:57.169,Carry,904,True,validated_core_event_team_scope,True,False,1377.169,13,ca367c14-84d7-4ba1-bfa8-777d12c30d51,True,True,True,safe_validated_frame_vector,60.5,24.1,60.5,24.1,61.0,24.8,60.5,24.1,61.0,24.8,0.5,0.6999999999999993,0.8602325267042621,13.788999999999987,Granit Xhaka,Bayer Leverkusen,,,validated_spatial_anchor,0.0,69.0,8.0,positive_0012,2.0,,,,,C18,533862946a73608c134d18b78226b6371ce7173c
3895153,1,43,904,1300,00:22:57.759,Pass,904,True,validated_core_event_team_scope,True,False,1377.759,14,593b05f4-8fc8-4ec1-b066-9c5a3c2674aa,True,True,True,safe_validated_frame_vector,61.0,24.8,61.0,24.8,54.4,17.9,61.0,24.8,54.4,17.9,-6.600000000000001,-6.900000000000002,9.548298277703733,14.378999999999904,Granit Xhaka,Bayer Leverkusen,,,validated_spatial_anchor,0.5899999999999181,69.0,14.6,,,negative_0012,1.0,nonpositive_0011,1.0,C18,533862946a73608c134d18b78226b6371ce7173c
3895153,1,43,904,1301,00:22:58.523,Ball Receipt*,904,True,unsupported_event_type,False,False,1378.523,15,b59bf512-eacc-4fca-95a3-9f8eb6d0d557,False,False,False,not_leverkusen_pass_carry,,,54.4,17.9,,,,,,,,,,15.142999999999802,Exequiel Alejandro Palacios,Bayer Leverkusen,,,linked_360_unsupported_semantics,0.7639999999998963,,,,,,,,,C18,533862946a73608c134d18b78226b6371ce7173c
3895153,1,43,904,1302,00:22:58.523,Carry,904,True,validated_core_event_team_scope,True,False,1378.523,16,a4cbfd16-032a-4b03-962d-140c59613f22,True,True,True,safe_validated_frame_vector,54.4,17.9,54.4,17.9,51.1,18.2,54.4,17.9,51.1,18.2,-3.299999999999997,0.3000000000000007,3.3136083051561758,15.142999999999802,Exequiel Alejandro Palacios,Bayer Leverkusen,,,validated_spatial_anchor,0.0,69.0,17.9,,,negative_0012,2.0,nonpositive_0011,2.0,C18,533862946a73608c134d18b78226b6371ce7173c
3895153,1,43,904,1303,00:22:59.021,Pressure,176,True,validated_core_event_team_scope,True,False,1379.021,17,37199167-6f19-4f8f-b4b8-f40e3c80c694,False,False,False,not_leverkusen_pass_carry,58.3,19.4,61.7,60.6,,,,,,,,,,15.640999999999847,Rafael Santos Borré Amaury,Werder Bremen,,,validated_spatial_anchor,0.4980000000000473,,,,,,,,,C18,533862946a73608c134d18b78226b6371ce7173c
3895153,1,43,904,1304,00:22:59.754,Pass,904,True,validated_core_event_team_scope,True,False,1379.754,18,f3f9f86f-ee84-4de3-af1f-a2f901945246,True,True,True,safe_validated_frame_vector,51.1,18.2,51.1,18.2,36.2,27.3,51.1,18.2,36.2,27.3,-14.9,9.1,17.45909505100422,16.373999999999796,Exequiel Alejandro Palacios,Bayer Leverkusen,,,validated_spatial_anchor,0.7329999999999472,69.0,32.8,,,negative_0012,3.0,nonpositive_0011,3.0,C18,533862946a73608c134d18b78226b6371ce7173c
3895153,1,43,904,1305,00:23:00.616,Ball Receipt*,904,True,unsupported_event_type,False,False,1380.616,19,9555f042-ac98-48ad-9170-b4ccfcaef097,False,False,False,not_leverkusen_pass_carry,,,36.2,27.3,,,,,,,,,,17.235999999999876,Piero Martín Hincapié Reyna,Bayer Leverkusen,,,linked_360_unsupported_semantics,0.86200000000008,,,,,,,,,C18,533862946a73608c134d18b78226b6371ce7173c
3895153,1,43,904,1306,00:23:00.616,Carry,904,True,validated_core_event_team_scope,True,False,1380.616,20,f16f0ef8-b83d-402c-9cfa-e9b3d59aa60f,True,True,True,safe_validated_frame_vector,36.2,27.3,36.2,27.3,34.0,29.7,36.2,27.3,34.0,29.7,-2.200000000000003,2.3999999999999986,3.255764119219942,17.235999999999876,Piero Martín Hincapié Reyna,Bayer Leverkusen,,,validated_spatial_anchor,0.0,69.0,35.0,,,negative_0012,4.0,nonpositive_0011,4.0,C18,533862946a73608c134d18b78226b6371ce7173c
3895153,1,43,904,1307,00:23:03.203,Pass,904,True,validated_core_event_team_scope,True,False,1383.203,21,b73ddff9-1070-455b-aa87-10f817b23612,True,True,True,safe_validated_frame_vector,34.0,29.7,34.0,29.7,46.6,32.1,34.0,29.7,46.6,32.1,12.6,2.400000000000002,12.826534995859172,19.822999999999865,Piero Martín Hincapié Reyna,Bayer Leverkusen,,,validated_spatial_anchor,2.586999999999989,69.0,22.4,positive_0013,1.0,,,,,C18,533862946a73608c134d18b78226b6371ce7173c
3895153,1,43,904,1308,00:23:03.974,Ball Receipt*,904,True,unsupported_event_type,False,False,1383.974,22,587e7b28-031d-4de8-930f-2de955704e07,False,False,False,not_leverkusen_pass_carry,,,46.6,32.1,,,,,,,,,,20.593999999999824,Granit Xhaka,Bayer Leverkusen,,,linked_360_unsupported_semantics,0.7709999999999582,,,,,,,,,C18,533862946a73608c134d18b78226b6371ce7173c
3895153,1,43,904,1309,00:23:03.974,Carry,904,True,validated_core_event_team_scope,True,False,1383.974,23,fccba33f-9b34-41d9-a19b-c2f138646542,True,True,True,safe_validated_frame_vector,46.6,32.1,46.6,32.1,27.4,22.1,46.6,32.1,27.4,22.1,-19.200000000000003,-10.0,21.648094604375697,20.593999999999824,Granit Xhaka,Bayer Leverkusen,,,validated_spatial_anchor,0.0,69.0,41.6,,,negative_0013,1.0,nonpositive_0012,1.0,C18,533862946a73608c134d18b78226b6371ce7173c
3895153,1,43,904,1310,00:23:04.720,Pressure,176,False,no_360_frame,False,False,1384.72,24,0cd0f5fa-de07-43ad-9db8-9e7fc335bbb5,False,False,False,not_leverkusen_pass_carry,,,73.1,48.2,,,,,,,,,,21.33999999999992,Jens Stage,Werder Bremen,,,no_360_frame,0.7460000000000946,,,,,,,,,C18,533862946a73608c134d18b78226b6371ce7173c
3895153,1,43,904,1311,00:23:08.392,Pass,904,True,validated_core_event_team_scope,True,False,1388.392,25,9eb78728-c807-4390-8144-be5bd1903faa,True,True,True,safe_validated_frame_vector,27.4,22.1,27.4,22.1,8.5,37.0,27.4,22.1,8.5,37.0,-18.9,14.9,24.066989840858785,25.011999999999944,Granit Xhaka,Bayer Leverkusen,,,validated_spatial_anchor,3.6720000000000255,69.0,60.5,,,negative_0013,2.0,nonpositive_0012,2.0,C18,533862946a73608c134d18b78226b6371ce7173c
3895153,1,43,904,1312,00:23:09.974,Ball Receipt*,904,True,unsupported_event_type,False,False,1389.974,26,389d7339-e1e2-4e23-8a18-a7a8d038775a,False,False,False,not_leverkusen_pass_carry,,,8.5,37.0,,,,,,,,,,26.593999999999824,Lukáš Hrádecký,Bayer Leverkusen,,,linked_360_unsupported_semantics,1.58199999999988,,,,,,,,,C18,533862946a73608c134d18b78226b6371ce7173c
3895153,1,43,904,1313,00:23:09.974,Carry,904,True,validated_core_event_team_scope,True,False,1389.974,27,7fd511cb-d1a4-41f1-8d13-d4d0aa78f3fa,True,True,True,safe_validated_frame_vector,8.5,37.0,8.5,37.0,9.0,37.0,8.5,37.0,9.0,37.0,0.5,0.0,0.5,26.593999999999824,Lukáš Hrádecký,Bayer Leverkusen,,,validated_spatial_anchor,0.0,69.0,60.0,positive_0014,1.0,,,,,C18,533862946a73608c134d18b78226b6371ce7173c
3895153,1,43,904,1314,00:23:10.203,Pass,904,True,validated_core_event_team_scope,True,False,1390.203,28,86f0850c-d99b-4f80-aa3f-3da1afd7d546,True,True,True,safe_validated_frame_vector,9.0,37.0,9.0,37.0,13.9,49.8,9.0,37.0,13.9,49.8,4.9,12.799999999999995,13.705838172107532,26.822999999999865,Lukáš Hrádecký,Bayer Leverkusen,,,validated_spatial_anchor,0.2290000000000418,69.0,55.1,positive_0014,2.0,,,,,C18,533862946a73608c134d18b78226b6371ce7173c
3895153,1,43,904,1315,00:23:11.866,Ball Receipt*,904,True,unsupported_event_type,False,False,1391.866,29,1f75da9d-9695-42d5-9a2d-208fe8e80e09,False,False,False,not_leverkusen_pass_carry,,,13.9,49.8,,,,,,,,,,28.48599999999988,Robert Andrich,Bayer Leverkusen,,,linked_360_unsupported_semantics,1.663000000000011,,,,,,,,,C18,533862946a73608c134d18b78226b6371ce7173c
3895153,1,43,904,1316,00:23:11.866,Carry,904,True,validated_core_event_team_scope,True,False,1391.866,30,04d7b144-b658-4265-b5fe-eff65fded76a,True,True,True,safe_validated_frame_vector,13.9,49.8,13.9,49.8,13.4,52.5,13.9,49.8,13.4,52.5,-0.5,2.700000000000003,2.745906043549199,28.48599999999988,Robert Andrich,Bayer Leverkusen,,,validated_spatial_anchor,0.0,69.0,55.6,,,negative_0014,1.0,nonpositive_0013,1.0,C18,533862946a73608c134d18b78226b6371ce7173c
3895153,1,43,904,1317,00:23:12.872,Pass,904,True,validated_core_event_team_scope,True,False,1392.872,31,585419ae-1ad4-4fcc-a165-c4c8b55c2d3e,True,True,True,safe_validated_frame_vector,13.4,52.5,13.4,52.5,23.1,74.4,13.4,52.5,23.1,74.4,9.7,21.90000000000001,23.952035404115456,29.49199999999996,Robert Andrich,Bayer Leverkusen,,,validated_spatial_anchor,1.0060000000000855,69.0,45.9,positive_0015,1.0,,,,,C18,533862946a73608c134d18b78226b6371ce7173c
3895153,1,43,904,1318,00:23:14.041,Ball Receipt*,904,True,unsupported_event_type,False,False,1394.041,32,aa60155d-b648-42f6-a64a-51f6f24632eb,False,False,False,not_leverkusen_pass_carry,,,23.1,74.4,,,,,,,,,,30.66099999999983,Odilon Kossonou,Bayer Leverkusen,,,linked_360_unsupported_semantics,1.168999999999869,,,,,,,,,C18,533862946a73608c134d18b78226b6371ce7173c
3895153,1,43,904,1319,00:23:14.041,Carry,904,True,validated_core_event_team_scope,True,False,1394.041,33,1dacd127-55de-4660-98ff-42425eb54a78,True,True,True,safe_validated_frame_vector,23.1,74.4,23.1,74.4,23.1,74.4,23.1,74.4,23.1,74.4,0.0,0.0,0.0,30.66099999999983,Odilon Kossonou,Bayer Leverkusen,,,validated_spatial_anchor,0.0,69.0,45.9,,,,,,,C18,533862946a73608c134d18b78226b6371ce7173c
3895153,1,43,904,1320,00:23:15.816,Pass,904,True,validated_core_event_team_scope,True,False,1395.816,34,dcf9cad1-0a3c-4207-bf8d-eb2225c74959,True,True,True,safe_validated_frame_vector,23.1,74.4,23.1,74.4,23.2,59.3,23.1,74.4,23.2,59.3,0.0999999999999978,-15.100000000000009,15.100331122197296,32.43599999999992,Odilon Kossonou,Bayer Leverkusen,,,validated_spatial_anchor,1.775000000000091,69.0,45.8,positive_0016,1.0,,,,,C18,533862946a73608c134d18b78226b6371ce7173c
3895153,1,43,904,1321,00:23:16.752,Ball Receipt*,904,True,unsupported_event_type,False,False,1396.752,35,3562389b-cf54-45ee-9c3b-6932da7e770a,False,False,False,not_leverkusen_pass_carry,,,23.2,59.3,,,,,,,,,,33.371999999999844,Granit Xhaka,Bayer Leverkusen,,,linked_360_unsupported_semantics,0.9359999999999218,,,,,,,,,C18,533862946a73608c134d18b78226b6371ce7173c
3895153,1,43,904,1322,00:23:16.752,Carry,904,True,validated_core_event_team_scope,True,False,1396.752,36,e18bcda4-4702-49ec-8e51-39f534cda9fd,True,True,True,safe_validated_frame_vector,23.2,59.3,23.2,59.3,35.2,58.4,23.2,59.3,35.2,58.4,12.000000000000004,-0.8999999999999986,12.03370267207895,33.371999999999844,Granit Xhaka,Bayer Leverkusen,,,validated_spatial_anchor,0.0,69.0,33.8,positive_0016,2.0,,,,,C18,533862946a73608c134d18b78226b6371ce7173c
3895153,1,43,904,1323,00:23:20.085,Pass,904,True,validated_core_event_team_scope,True,False,1400.085,37,d6085f9d-0337-4a0c-840d-8a95f7e762c5,True,True,True,safe_validated_frame_vector,35.2,58.4,35.2,58.4,50.4,65.4,35.2,58.4,50.4,65.4,15.199999999999996,7.000000000000007,16.734395716607157,36.70499999999993,Granit Xhaka,Bayer Leverkusen,,,validated_spatial_anchor,3.333000000000084,69.0,18.6,positive_0016,3.0,,,,,C18,533862946a73608c134d18b78226b6371ce7173c
3895153,1,43,904,1324,00:23:20.805,Ball Receipt*,904,True,unsupported_event_type,False,False,1400.805,38,58fb16e3-2254-4984-b113-12e22223c30b,False,False,False,not_leverkusen_pass_carry,,,50.4,65.4,,,,,,,,,,37.42499999999996,Jonas Hofmann,Bayer Leverkusen,,,linked_360_unsupported_semantics,0.7200000000000273,,,,,,,,,C18,533862946a73608c134d18b78226b6371ce7173c
3895153,1,43,904,1325,00:23:20.805,Carry,904,True,validated_core_event_team_scope,True,False,1400.805,39,be257270-620e-4c20-ab4a-fd80eccff1e6,True,True,True,safe_validated_frame_vector,50.4,65.4,50.4,65.4,50.1,63.5,50.4,65.4,50.1,63.5,-0.2999999999999971,-1.9000000000000057,1.92353840616714,37.42499999999996,Jonas Hofmann,Bayer Leverkusen,,,validated_spatial_anchor,0.0,69.0,18.9,,,negative_0015,1.0,nonpositive_0014,1.0,C18,533862946a73608c134d18b78226b6371ce7173c
3895153,1,43,904,1326,00:23:21.313,Pressure,176,True,validated_core_event_team_scope,True,False,1401.313,40,49fe7761-47e7-46c3-b47b-630aed51d65c,False,False,False,not_leverkusen_pass_carry,55.400000000000006,64.6,64.6,15.4,,,,,,,,,,37.93299999999999,Anthony Jung,Werder Bremen,,,validated_spatial_anchor,0.5080000000000382,,,,,,,,,C18,533862946a73608c134d18b78226b6371ce7173c
3895153,1,43,904,1327,00:23:22.113,Pass,904,True,validated_core_event_team_scope,True,False,1402.113,41,dea9ec6a-ff6e-4990-8a7c-f962cd7a1cff,True,True,True,safe_validated_frame_vector,50.1,63.5,50.1,63.5,55.8,42.7,50.1,63.5,55.8,42.7,5.699999999999996,-20.8,21.56687274502263,38.73299999999995,Jonas Hofmann,Bayer Leverkusen,,,validated_spatial_anchor,0.7999999999999545,69.0,13.200000000000005,positive_0017,1.0,,,,,C18,533862946a73608c134d18b78226b6371ce7173c
3895153,1,43,904,1328,00:23:23.213,Ball Receipt*,904,True,unsupported_event_type,False,False,1403.213,42,bec028fd-6fc6-43bc-ab38-d8885c20209a,False,False,False,not_leverkusen_pass_carry,,,55.8,42.7,,,,,,,,,,39.832999999999856,Exequiel Alejandro Palacios,Bayer Leverkusen,,,linked_360_unsupported_semantics,1.099999999999909,,,,,,,,,C18,533862946a73608c134d18b78226b6371ce7173c
3895153,1,43,904,1329,00:23:23.213,Carry,904,True,validated_core_event_team_scope,True,False,1403.213,43,dbbeb497-df37-436f-86ce-57e88a39ea9e,True,True,True,safe_validated_frame_vector,55.8,42.7,55.8,42.7,57.5,40.4,55.8,42.7,57.5,40.4,1.7000000000000028,-2.3000000000000043,2.860069929215024,39.832999999999856,Exequiel Alejandro Palacios,Bayer Leverkusen,,,validated_spatial_anchor,0.0,69.0,11.5,positive_0017,2.0,,,,,C18,533862946a73608c134d18b78226b6371ce7173c
3895153,1,43,904,1330,00:23:24.219,Pass,904,True,validated_core_event_team_scope,True,False,1404.219,44,2d936cd4-fc84-4763-8aaf-d533cc777651,True,True,True,safe_validated_frame_vector,57.5,40.4,57.5,40.4,66.0,27.9,57.5,40.4,66.0,27.9,8.5,-12.5,15.116216457830976,40.83899999999994,Exequiel Alejandro Palacios,Bayer Leverkusen,,,validated_spatial_anchor,1.0060000000000855,69.0,3.0,positive_0017,3.0,,,,,C18,533862946a73608c134d18b78226b6371ce7173c
3895153,1,43,904,1331,00:23:25.421,Ball Receipt*,904,True,unsupported_event_type,False,False,1405.421,45,717e4f11-6786-4bc2-969f-18853714876e,False,False,False,not_leverkusen_pass_carry,,,66.0,27.9,,,,,,,,,,42.04099999999994,Victor Okoh Boniface,Bayer Leverkusen,,,linked_360_unsupported_semantics,1.2019999999999982,,,,,,,,,C18,533862946a73608c134d18b78226b6371ce7173c
3895153,1,43,904,1332,00:23:25.421,Carry,904,True,validated_core_event_team_scope,True,False,1405.421,46,acbdaafe-f2b8-47e9-9478-5bb9f4c2f7f0,True,True,True,safe_validated_frame_vector,66.0,27.9,66.0,27.9,69.8,28.6,66.0,27.9,69.8,28.6,3.799999999999997,0.7000000000000028,3.863935817272329,42.04099999999994,Victor Okoh Boniface,Bayer Leverkusen,,,validated_spatial_anchor,0.0,69.8,0.0,positive_0017,4.0,,,,,C18,533862946a73608c134d18b78226b6371ce7173c
3895153,1,43,904,1333,00:23:28.024,Pressure,176,False,no_360_frame,False,False,1408.024,47,1372727e-590e-4b1c-a211-6c243c27037e,False,False,False,not_leverkusen_pass_carry,,,47.1,51.5,,,,,,,,,,44.64399999999978,Leonardo Bittencourt,Werder Bremen,,,no_360_frame,2.602999999999838,,,,,,,,,C18,533862946a73608c134d18b78226b6371ce7173c
3895153,1,43,904,1334,00:23:28.521,Pass,904,False,no_360_frame,False,False,1408.521,48,e6023bcb-e6dc-40ad-a016-8416ca5d8f92,False,True,True,unsupported_or_unlinked_frame,,,69.8,28.6,72.3,49.8,,,,,,,,45.14099999999985,Victor Okoh Boniface,Bayer Leverkusen,,,no_360_frame,0.4970000000000709,,,,,,,,,C18,533862946a73608c134d18b78226b6371ce7173c
3895153,1,43,904,1335,00:23:29.422,Ball Receipt*,904,True,unsupported_event_type,False,False,1409.422,49,1107d3dd-2b5b-4d26-9a88-a31703dfd363,False,False,False,not_leverkusen_pass_carry,,,72.3,49.8,,,,,,,,,,46.04199999999992,Jonas Hofmann,Bayer Leverkusen,,,linked_360_unsupported_semantics,0.9010000000000672,,,,,,,,,C18,533862946a73608c134d18b78226b6371ce7173c
3895153,1,43,904,1336,00:23:29.422,Carry,904,True,validated_core_event_team_scope,True,False,1409.422,50,22b9aa0c-c61a-401e-b961-a1aa76204030,True,True,True,safe_validated_frame_vector,72.3,49.8,72.3,49.8,73.3,51.9,72.3,49.8,73.3,51.9,1.0,2.1000000000000014,2.325940669922603,46.04199999999992,Jonas Hofmann,Bayer Leverkusen,,,validated_spatial_anchor,0.0,73.3,0.0,positive_0017,5.0,,,,,C18,533862946a73608c134d18b78226b6371ce7173c
3895153,1,43,904,1337,00:23:29.466,Pass,904,True,validated_core_event_team_scope,True,False,1409.466,51,4a945e63-4658-4ab5-a1bc-c98f6531bcb1,True,True,True,safe_validated_frame_vector,73.3,51.9,73.3,51.9,74.0,46.3,73.3,51.9,74.0,46.3,0.7000000000000028,-5.600000000000001,5.643580423808987,46.085999999999785,Jonas Hofmann,Bayer Leverkusen,,,validated_spatial_anchor,0.043999999999869,74.0,0.0,positive_0017,6.0,,,,,C18,533862946a73608c134d18b78226b6371ce7173c
3895153,1,43,904,1338,00:23:30.258,Ball Receipt*,904,True,unsupported_event_type,False,False,1410.258,52,a2b712d7-8703-4311-97b8-beaa5b9408db,False,False,False,not_leverkusen_pass_carry,,,74.0,46.3,,,,,,,,,,46.87799999999993,Granit Xhaka,Bayer Leverkusen,,,linked_360_unsupported_semantics,0.7920000000001437,,,,,,,,,C18,533862946a73608c134d18b78226b6371ce7173c
3895153,1,43,904,1339,00:23:30.258,Carry,904,True,validated_core_event_team_scope,True,False,1410.258,53,78f3f66d-cc3b-43bf-8001-3ad7100ce4a3,True,True,True,safe_validated_frame_vector,74.0,46.3,74.0,46.3,72.6,45.6,74.0,46.3,72.6,45.6,-1.4000000000000057,-0.6999999999999957,1.565247584249856,46.87799999999993,Granit Xhaka,Bayer Leverkusen,,,validated_spatial_anchor,0.0,74.0,1.4000000000000057,,,negative_0016,1.0,nonpositive_0015,1.0,C18,533862946a73608c134d18b78226b6371ce7173c
3895153,1,43,904,1340,00:23:32.650,Pass,904,False,no_360_frame,False,False,1412.65,54,0eac265a-67ca-4403-8435-e7b15779ceee,False,True,True,unsupported_or_unlinked_frame,,,72.6,45.6,79.2,64.5,,,,,,,,49.26999999999998,Granit Xhaka,Bayer Leverkusen,,,no_360_frame,2.3920000000000528,,,,,,,,,C18,533862946a73608c134d18b78226b6371ce7173c
3895153,1,43,904,1341,00:23:33.673,Ball Receipt*,904,False,no_360_frame,False,False,1413.673,55,bb7a105b-a29b-405f-bc97-a6d9b2236c33,False,False,False,not_leverkusen_pass_carry,,,79.2,64.5,,,,,,,,,,50.29299999999989,Odilon Kossonou,Bayer Leverkusen,,,no_360_frame,1.0229999999999109,,,,,,,,,C18,533862946a73608c134d18b78226b6371ce7173c
3895153,1,43,904,1342,00:23:33.673,Carry,904,False,no_360_frame,False,False,1413.673,56,dac56219-0e89-44d9-8244-c74a673993c8,False,True,True,unsupported_or_unlinked_frame,,,79.2,64.5,85.1,64.7,,,,,,,,50.29299999999989,Odilon Kossonou,Bayer Leverkusen,,,no_360_frame,0.0,,,,,,,,,C18,533862946a73608c134d18b78226b6371ce7173c
3895153,1,43,904,1343,00:23:34.758,Pass,904,True,validated_core_event_team_scope,True,False,1414.758,57,9e1abb53-c4bd-42a6-8fc9-e9d74137d88d,True,True,True,safe_validated_frame_vector,85.1,64.7,85.1,64.7,95.5,76.6,85.1,64.7,95.5,76.6,10.400000000000006,11.899999999999991,15.804113388608672,51.37799999999993,Odilon Kossonou,Bayer Leverkusen,,,validated_spatial_anchor,1.0850000000000364,95.5,0.0,positive_0018,1.0,,,,,C18,533862946a73608c134d18b78226b6371ce7173c
3895153,1,43,904,1344,00:23:35.693,Ball Receipt*,904,True,unsupported_event_type,False,False,1415.693,58,7cb380ff-996a-418f-ad0c-f11c22cd3bc3,False,False,False,not_leverkusen_pass_carry,,,95.5,76.6,,,,,,,,,,52.312999999999874,Jeremie Frimpong,Bayer Leverkusen,,,linked_360_unsupported_semantics,0.9349999999999454,,,,,,,,,C18,533862946a73608c134d18b78226b6371ce7173c
3895153,1,43,904,1345,00:23:35.693,Carry,904,True,validated_core_event_team_scope,True,False,1415.693,59,5da094f2-f2c0-43cc-be3f-a6989cfc6ed0,True,True,True,safe_validated_frame_vector,95.5,76.6,95.5,76.6,96.9,76.6,95.5,76.6,96.9,76.6,1.4000000000000057,0.0,1.4000000000000057,52.312999999999874,Jeremie Frimpong,Bayer Leverkusen,,,validated_spatial_anchor,0.0,96.9,0.0,positive_0018,2.0,,,,,C18,533862946a73608c134d18b78226b6371ce7173c
3895153,1,43,904,1346,00:23:37.497,Pass,904,True,validated_core_event_team_scope,True,False,1417.497,60,022ccc29-ae0b-4aac-93b4-84f080d30a62,True,True,True,safe_validated_frame_vector,96.9,76.6,96.9,76.6,81.8,70.6,96.9,76.6,81.8,70.6,-15.100000000000009,-6.0,16.248384535085332,54.11699999999996,Jeremie Frimpong,Bayer Leverkusen,,,validated_spatial_anchor,1.8040000000000875,96.9,15.100000000000009,,,negative_0017,1.0,nonpositive_0016,1.0,C18,533862946a73608c134d18b78226b6371ce7173c
3895153,1,43,904,1347,00:23:38.341,Ball Receipt*,904,True,unsupported_event_type,False,False,1418.341,61,868168ff-2f28-4411-9cc2-a949caa2aca7,False,False,False,not_leverkusen_pass_carry,,,81.8,70.6,,,,,,,,,,54.960999999999785,Jonas Hofmann,Bayer Leverkusen,,,linked_360_unsupported_semantics,0.8439999999998236,,,,,,,,,C18,533862946a73608c134d18b78226b6371ce7173c
3895153,1,43,904,1348,00:23:38.341,Carry,904,True,validated_core_event_team_scope,True,False,1418.341,62,0d61cf83-99d0-412f-b4ba-e1404ddd2d21,True,True,True,safe_validated_frame_vector,81.8,70.6,81.8,70.6,80.6,67.1,81.8,70.6,80.6,67.1,-1.2000000000000028,-3.5,3.700000000000001,54.960999999999785,Jonas Hofmann,Bayer Leverkusen,,,validated_spatial_anchor,0.0,96.9,16.30000000000001,,,negative_0017,2.0,nonpositive_0016,2.0,C18,533862946a73608c134d18b78226b6371ce7173c
3895153,1,43,904,1349,00:23:40.073,Pass,904,True,validated_core_event_team_scope,True,False,1420.073,63,2b0cfc53-4b0c-4eaf-bfdc-4667336690e4,True,True,True,safe_validated_frame_vector,80.6,67.1,80.6,67.1,83.0,57.2,80.6,67.1,83.0,57.2,2.4000000000000057,-9.899999999999991,10.18675610780978,56.692999999999984,Jonas Hofmann,Bayer Leverkusen,,,validated_spatial_anchor,1.7320000000001985,96.9,13.900000000000006,positive_0019,1.0,,,,,C18,533862946a73608c134d18b78226b6371ce7173c
3895153,1,43,904,1350,00:23:40.734,Ball Receipt*,904,True,unsupported_event_type,False,False,1420.734,64,904d8b11-a50f-48df-8f1c-4d3d44f47f05,False,False,False,not_leverkusen_pass_carry,,,83.0,57.2,,,,,,,,,,57.35399999999981,Granit Xhaka,Bayer Leverkusen,,,linked_360_unsupported_semantics,0.6609999999998308,,,,,,,,,C18,533862946a73608c134d18b78226b6371ce7173c
3895153,1,43,904,1351,00:23:40.734,Carry,904,True,validated_core_event_team_scope,True,False,1420.734,65,45baf2b1-bdb3-488e-b06c-7687a0ead8a9,True,True,True,safe_validated_frame_vector,83.0,57.2,83.0,57.2,83.0,57.2,83.0,57.2,83.0,57.2,0.0,0.0,0.0,57.35399999999981,Granit Xhaka,Bayer Leverkusen,,,validated_spatial_anchor,0.0,96.9,13.900000000000006,,,,,,,C18,533862946a73608c134d18b78226b6371ce7173c
3895153,1,43,904,1352,00:23:41.471,Pass,904,False,no_360_frame,False,False,1421.471,66,b5f62e1f-6155-49f6-b9f9-9c554e83a148,False,True,True,unsupported_or_unlinked_frame,,,83.0,57.2,77.1,63.3,,,,,,,,58.09099999999989,Granit Xhaka,Bayer Leverkusen,,,no_360_frame,0.73700000000008,,,,,,,,,C18,533862946a73608c134d18b78226b6371ce7173c
3895153,1,43,904,1353,00:23:42.216,Ball Receipt*,904,False,no_360_frame,False,False,1422.216,67,9eef3579-6bac-4643-9da8-269b33691356,False,False,False,not_leverkusen_pass_carry,,,77.1,63.3,,,,,,,,,,58.835999999999785,Jonas Hofmann,Bayer Leverkusen,,,no_360_frame,0.7449999999998909,,,,,,,,,C18,533862946a73608c134d18b78226b6371ce7173c
3895153,1,43,904,1354,00:23:42.216,Carry,904,False,no_360_frame,False,False,1422.216,68,699f865c-b313-49b8-90fc-242e7b584ab2,False,True,True,unsupported_or_unlinked_frame,,,77.1,63.3,76.3,65.5,,,,,,,,58.835999999999785,Jonas Hofmann,Bayer Leverkusen,,,no_360_frame,0.0,,,,,,,,,C18,533862946a73608c134d18b78226b6371ce7173c
3895153,1,43,904,1355,00:23:42.402,Pass,904,False,no_360_frame,False,False,1422.402,69,c4a1b1c4-0e48-4b5e-a670-eac1e41f8f06,False,True,True,unsupported_or_unlinked_frame,,,76.3,65.5,66.0,54.8,,,,,,,,59.021999999999935,Jonas Hofmann,Bayer Leverkusen,,,no_360_frame,0.1860000000001491,,,,,,,,,C18,533862946a73608c134d18b78226b6371ce7173c
3895153,1,43,904,1356,00:23:43.197,Ball Receipt*,904,False,no_360_frame,False,False,1423.197,70,863b66b8-c488-46d5-93c9-2dad57e4c263,False,False,False,not_leverkusen_pass_carry,,,66.0,54.8,,,,,,,,,,59.81699999999978,Robert Andrich,Bayer Leverkusen,,,no_360_frame,0.7949999999998454,,,,,,,,,C18,533862946a73608c134d18b78226b6371ce7173c
3895153,1,43,904,1357,00:23:43.197,Carry,904,False,no_360_frame,False,False,1423.197,71,5be78818-1c29-46bd-8dab-04f91c37a389,False,True,True,unsupported_or_unlinked_frame,,,66.0,54.8,68.3,52.7,,,,,,,,59.81699999999978,Robert Andrich,Bayer Leverkusen,,,no_360_frame,0.0,,,,,,,,,C18,533862946a73608c134d18b78226b6371ce7173c
3895153,1,43,904,1358,00:23:44.235,Pass,904,True,validated_core_event_team_scope,True,False,1424.235,72,29a1a7f4-445c-4e1e-8bef-c424650c37c3,True,True,True,safe_validated_frame_vector,68.3,52.7,68.3,52.7,77.6,29.2,68.3,52.7,77.6,29.2,9.299999999999995,-23.500000000000004,25.273306075778848,60.85499999999979,Robert Andrich,Bayer Leverkusen,,,validated_spatial_anchor,1.038000000000011,96.9,19.30000000000001,positive_0020,1.0,,,,,C18,533862946a73608c134d18b78226b6371ce7173c
3895153,1,43,904,1359,00:23:45.145,Ball Receipt*,904,True,unsupported_event_type,False,False,1425.145,73,a4393b77-ce5a-4ffd-af90-2c1a2afbc47c,False,False,False,not_leverkusen_pass_carry,,,77.6,29.2,,,,,,,,,,61.76499999999987,Exequiel Alejandro Palacios,Bayer Leverkusen,,,linked_360_unsupported_semantics,0.910000000000082,,,,,,,,,C18,533862946a73608c134d18b78226b6371ce7173c
3895153,1,43,904,1360,00:23:45.145,Carry,904,True,validated_core_event_team_scope,True,False,1425.145,74,c892097b-d007-4fa7-819c-e54b43743857,True,True,True,safe_validated_frame_vector,77.6,29.2,77.6,29.2,76.4,27.9,77.6,29.2,76.4,27.9,-1.1999999999999886,-1.3000000000000007,1.769180601295406,61.76499999999987,Exequiel Alejandro Palacios,Bayer Leverkusen,,,validated_spatial_anchor,0.0,96.9,20.5,,,negative_0018,1.0,nonpositive_0017,1.0,C18,533862946a73608c134d18b78226b6371ce7173c
3895153,1,43,904,1361,00:23:47.142,Pass,904,True,validated_core_event_team_scope,True,False,1427.142,75,db117d3e-2bc5-4004-b624-7e3849ce3dfa,True,True,True,safe_validated_frame_vector,76.4,27.9,76.4,27.9,98.6,67.4,76.4,27.9,98.6,67.4,22.19999999999999,39.50000000000001,45.31103618325231,63.76199999999994,Exequiel Alejandro Palacios,Bayer Leverkusen,,,validated_spatial_anchor,1.997000000000071,98.6,0.0,positive_0021,1.0,,,,,C18,533862946a73608c134d18b78226b6371ce7173c
3895153,1,43,904,1362,00:23:49.815,Ball Receipt*,904,True,unsupported_event_type,False,False,1429.815,76,ae114db0-a2ef-4e0c-acc1-5a8f2d17e0f7,False,False,False,not_leverkusen_pass_carry,,,98.6,67.4,,,,,,,,,,66.43499999999995,Jeremie Frimpong,Bayer Leverkusen,,,linked_360_unsupported_semantics,2.673000000000002,,,,,,,,,C18,533862946a73608c134d18b78226b6371ce7173c
3895153,1,43,904,1363,00:23:49.815,Carry,904,True,validated_core_event_team_scope,True,False,1429.815,77,ef06226b-aec2-43a7-b871-6e5fee3e21c0,True,True,True,safe_validated_frame_vector,98.6,67.4,98.6,67.4,103.5,74.6,98.6,67.4,103.5,74.6,4.900000000000006,7.199999999999989,8.709190547921194,66.43499999999995,Jeremie Frimpong,Bayer Leverkusen,,,validated_spatial_anchor,0.0,103.5,0.0,positive_0021,2.0,,,,,C18,533862946a73608c134d18b78226b6371ce7173c
3895153,1,43,904,1364,00:23:52.530,Pass,904,False,no_360_frame,False,False,1432.53,78,21ba6220-82e1-4b34-ae33-d3a97e8e090a,False,True,True,unsupported_or_unlinked_frame,,,103.5,74.6,114.0,42.7,,,,,,,,69.14999999999986,Jeremie Frimpong,Bayer Leverkusen,pass.outcome:Incomplete,,no_360_frame,2.714999999999918,,,,,,,,,C18,533862946a73608c134d18b78226b6371ce7173c
3895153,1,43,904,1365,00:23:53.892,Ball Receipt*,904,True,unsupported_event_type,False,False,1433.892,79,96c3e9e7-57d2-4a0b-ba18-0e7e75027a46,False,False,False,not_leverkusen_pass_carry,,,111.4,40.4,,,,,,,,,,70.51199999999994,Victor Okoh Boniface,Bayer Leverkusen,ball_receipt.outcome:Incomplete,,linked_360_unsupported_semantics,1.36200000000008,,,,,,,,,C18,533862946a73608c134d18b78226b6371ce7173c
3895153,1,43,904,1366,00:23:53.892,Ball Recovery,176,True,unsupported_event_type,False,False,1433.892,80,2059fbb3-a128-4f36-948d-e7b86240222a,False,False,False,not_leverkusen_pass_carry,,,6.1,37.4,,,,,,,,,,70.51199999999994,Michael Zetterer,Werder Bremen,type:Ball Recovery,,linked_360_unsupported_semantics,0.0,,,,,,,,,C18,533862946a73608c134d18b78226b6371ce7173c
3895153,1,43,904,1367,00:24:09.391,Pass,176,False,no_360_frame,False,False,1449.391,81,d3efd9af-5810-4cd6-bc1c-e6a31acd2797,False,False,False,not_leverkusen_pass_carry,,,4.0,40.9,,,,,,,,,,86.01099999999997,Michael Zetterer,Werder Bremen,,,no_360_frame,15.499000000000024,,,,,,,,,C18,533862946a73608c134d18b78226b6371ce7173c
3895153,1,43,904,1368,00:24:09.990,Ball Receipt*,176,False,no_360_frame,False,False,1449.99,82,d549c112-20a9-43f4-84c1-1a4a769920a6,False,False,False,not_leverkusen_pass_carry,,,9.7,45.7,,,,,,,,,,86.6099999999999,Milos Veljkovic,Werder Bremen,,,no_360_frame,0.5989999999999327,,,,,,,,,C18,533862946a73608c134d18b78226b6371ce7173c
3895153,1,43,904,1369,00:24:11.202,Pressure,904,True,validated_core_event_team_scope,True,False,1451.202,83,d10224ba-d137-42a9-8b25-c022c6a51392,False,False,False,not_leverkusen_pass_carry,108.3,32.1,108.3,32.1,,,,,,,,,,87.82199999999989,Florian Wirtz,Bayer Leverkusen,counterpress:true,,validated_spatial_anchor,1.211999999999989,,,,,,,,,C18,533862946a73608c134d18b78226b6371ce7173c
3895153,1,43,904,1370,00:24:12.332,Pass,176,True,validated_core_event_team_scope,True,False,1452.332,84,42ae61aa-a2e4-4fb8-a34b-dc4669004a2f,False,False,False,not_leverkusen_pass_carry,111.0,38.2,9.0,41.8,,,,,,,,,,88.952,Milos Veljkovic,Werder Bremen,pass.outcome:Incomplete,,validated_spatial_anchor,1.1300000000001091,,,,,,,,,C18,533862946a73608c134d18b78226b6371ce7173c
3895153,1,43,904,1371,00:24:14.881,Ball Receipt*,176,True,unsupported_event_type,False,False,1454.881,85,a16ba649-7214-4125-8e7d-175cb9d69361,False,False,False,not_leverkusen_pass_carry,,,43.5,18.9,,,,,,,,,,91.50099999999998,Romano Schmid,Werder Bremen,ball_receipt.outcome:Incomplete,,linked_360_unsupported_semantics,2.548999999999978,,,,,,,,,C18,533862946a73608c134d18b78226b6371ce7173c
3895153,1,43,904,1372,00:24:14.881,Ball Recovery,904,True,unsupported_event_type,False,False,1454.881,86,549d7219-9656-419e-9721-cea2a63b09da,False,False,False,not_leverkusen_pass_carry,,,69.8,63.3,,,,,,,,,,91.50099999999998,Odilon Kossonou,Bayer Leverkusen,type:Ball Recovery,,linked_360_unsupported_semantics,0.0,,,,,,,,,C18,533862946a73608c134d18b78226b6371ce7173c
3895153,1,43,904,1373,00:24:14.881,Carry,904,True,validated_core_event_team_scope,True,False,1454.881,87,590e4a19-8022-4077-93a6-76d129bb433d,True,True,True,safe_validated_frame_vector,69.8,63.3,69.8,63.3,56.7,71.6,69.8,63.3,56.7,71.6,-13.099999999999994,8.299999999999997,15.508062419270816,91.50099999999998,Odilon Kossonou,Bayer Leverkusen,,,validated_spatial_anchor,0.0,103.5,46.8,,,negative_0019,1.0,nonpositive_0018,1.0,C18,533862946a73608c134d18b78226b6371ce7173c
3895153,1,43,904,1374,00:24:18.300,Pass,904,True,validated_core_event_team_scope,True,False,1458.3,88,80a60a51-355a-4113-b4cc-f10417aabe06,True,True,True,safe_validated_frame_vector,56.7,71.6,56.7,71.6,65.2,62.4,56.7,71.6,65.2,62.4,8.5,-9.199999999999996,12.525573839150042,94.91999999999985,Odilon Kossonou,Bayer Leverkusen,,,validated_spatial_anchor,3.418999999999869,103.5,38.3,positive_0022,1.0,,,,,C18,533862946a73608c134d18b78226b6371ce7173c
3895153,1,43,904,1375,00:24:19.128,Ball Receipt*,904,True,unsupported_event_type,False,False,1459.128,89,4a102bfd-303e-40ef-a36f-f191f029cedb,False,False,False,not_leverkusen_pass_carry,,,65.2,62.4,,,,,,,,,,95.74799999999982,Granit Xhaka,Bayer Leverkusen,,,linked_360_unsupported_semantics,0.8279999999999745,,,,,,,,,C18,533862946a73608c134d18b78226b6371ce7173c
3895153,1,43,904,1376,00:24:19.128,Carry,904,True,validated_core_event_team_scope,True,False,1459.128,90,a790b5e1-f4dd-42c1-9d3c-90f236804035,True,True,True,safe_validated_frame_vector,65.2,62.4,65.2,62.4,75.6,62.1,65.2,62.4,75.6,62.1,10.399999999999991,-0.2999999999999971,10.404326023342398,95.74799999999982,Granit Xhaka,Bayer Leverkusen,,,validated_spatial_anchor,0.0,103.5,27.90000000000001,positive_0022,2.0,,,,,C18,533862946a73608c134d18b78226b6371ce7173c
3895153,1,43,904,1377,00:24:22.196,Pass,904,True,validated_core_event_team_scope,True,False,1462.196,91,a2b62c7f-ad29-4ade-a8c9-34d1e56d82a0,True,True,True,safe_validated_frame_vector,75.6,62.1,75.6,62.1,90.8,76.5,75.6,62.1,90.8,76.5,15.200000000000005,14.4,20.93800372528384,98.8159999999998,Granit Xhaka,Bayer Leverkusen,,,validated_spatial_anchor,3.067999999999984,103.5,12.700000000000005,positive_0022,3.0,,,,,C18,533862946a73608c134d18b78226b6371ce7173c
3895153,1,43,904,1378,00:24:23.395,Ball Receipt*,904,True,unsupported_event_type,False,False,1463.395,92,1c08ad8f-cf82-4896-8fad-bb7f5c0dfee4,False,False,False,not_leverkusen_pass_carry,,,90.8,76.5,,,,,,,,,,100.01499999999989,Jeremie Frimpong,Bayer Leverkusen,,,linked_360_unsupported_semantics,1.1990000000000691,,,,,,,,,C18,533862946a73608c134d18b78226b6371ce7173c
3895153,1,43,904,1379,00:24:23.395,Carry,904,True,validated_core_event_team_scope,True,False,1463.395,93,c53b89f5-062c-43f9-b23e-a931e56f6c86,True,True,True,safe_validated_frame_vector,90.8,76.5,90.8,76.5,100.3,71.3,90.8,76.5,100.3,71.3,9.5,-5.200000000000003,10.830050784737807,100.01499999999989,Jeremie Frimpong,Bayer Leverkusen,,,validated_spatial_anchor,0.0,103.5,3.200000000000003,positive_0022,4.0,,,,,C18,533862946a73608c134d18b78226b6371ce7173c
3895153,1,43,904,1380,00:24:27.000,Pass,904,True,validated_core_event_team_scope,True,False,1467.0,94,5f5de509-4819-4b56-8e6b-9e8920a91f0a,True,True,True,safe_validated_frame_vector,100.3,71.3,100.3,71.3,97.4,62.2,100.3,71.3,97.4,62.2,-2.8999999999999915,-9.099999999999994,9.550916186418968,103.61999999999988,Jeremie Frimpong,Bayer Leverkusen,,,validated_spatial_anchor,3.605000000000018,103.5,6.099999999999994,,,negative_0020,1.0,nonpositive_0019,1.0,C18,533862946a73608c134d18b78226b6371ce7173c
3895153,1,43,904,1381,00:24:27.565,Ball Receipt*,904,True,unsupported_event_type,False,False,1467.565,95,b8e3693f-a5a2-401e-bee0-5680895dc584,False,False,False,not_leverkusen_pass_carry,,,97.4,62.2,,,,,,,,,,104.18499999999996,Jonas Hofmann,Bayer Leverkusen,,,linked_360_unsupported_semantics,0.5650000000000546,,,,,,,,,C18,533862946a73608c134d18b78226b6371ce7173c
3895153,1,43,904,1382,00:24:27.565,Carry,904,True,validated_core_event_team_scope,True,False,1467.565,96,5a78d84b-357a-42c0-9394-e1c057fc325e,True,True,True,safe_validated_frame_vector,97.4,62.2,97.4,62.2,97.4,62.2,97.4,62.2,97.4,62.2,0.0,0.0,0.0,104.18499999999996,Jonas Hofmann,Bayer Leverkusen,,,validated_spatial_anchor,0.0,103.5,6.099999999999994,,,,,nonpositive_0019,2.0,C18,533862946a73608c134d18b78226b6371ce7173c
3895153,1,43,904,1383,00:24:27.772,Pass,904,True,validated_core_event_team_scope,True,False,1467.772,97,0ec12d9c-5b87-4c50-99ef-469267cbf647,True,True,True,safe_validated_frame_vector,97.4,62.2,97.4,62.2,100.5,62.6,97.4,62.2,100.5,62.6,3.0999999999999943,0.3999999999999986,3.1256999216175507,104.39199999999984,Jonas Hofmann,Bayer Leverkusen,pass.outcome:Incomplete,,validated_spatial_anchor,0.2069999999998799,103.5,3.0,positive_0023,1.0,,,,,C18,533862946a73608c134d18b78226b6371ce7173c
3895153,1,43,904,1384,00:24:27.951,Ball Receipt*,904,True,unsupported_event_type,False,False,1467.951,98,b3287d4d-2979-48fb-8956-3463c4619d5e,False,False,False,not_leverkusen_pass_carry,,,104.5,69.4,,,,,,,,,,104.57099999999993,Jeremie Frimpong,Bayer Leverkusen,ball_receipt.outcome:Incomplete,,linked_360_unsupported_semantics,0.1790000000000873,,,,,,,,,C18,533862946a73608c134d18b78226b6371ce7173c
3895153,1,43,904,1385,00:24:27.951,Block,176,True,unsupported_event_type,False,False,1467.951,99,d41f18e9-f1f4-42e4-95cc-7d78c0cf652e,False,False,False,not_leverkusen_pass_carry,,,19.6,17.5,,,,,,,,,,104.57099999999993,Anthony Jung,Werder Bremen,type:Block,,linked_360_unsupported_semantics,0.0,,,,,,,,,C18,533862946a73608c134d18b78226b6371ce7173c
3895153,1,43,904,1386,00:24:28.883,Ball Recovery,904,True,unsupported_event_type,False,False,1468.883,100,50d7e323-90d9-4e15-bf77-efed546ccaeb,False,False,False,not_leverkusen_pass_carry,,,98.3,69.7,,,,,,,,,,105.50299999999991,Jonas Hofmann,Bayer Leverkusen,type:Ball Recovery,,linked_360_unsupported_semantics,0.9320000000000164,,,,,,,,,C18,533862946a73608c134d18b78226b6371ce7173c
3895153,1,43,904,1387,00:24:28.883,Carry,904,True,validated_core_event_team_scope,True,False,1468.883,101,2a191977-282a-45cd-9cc2-be6198fea333,True,True,True,safe_validated_frame_vector,98.3,69.7,98.3,69.7,96.5,76.8,98.3,69.7,96.5,76.8,-1.7999999999999972,7.099999999999994,7.324616030891988,105.50299999999991,Jonas Hofmann,Bayer Leverkusen,,,validated_spatial_anchor,0.0,103.5,7.0,,,negative_0021,1.0,nonpositive_0020,1.0,C18,533862946a73608c134d18b78226b6371ce7173c
3895153,1,43,904,1388,00:24:29.376,Pressure,176,True,validated_core_event_team_scope,True,False,1469.376,102,37fa584f-6fd7-4687-b9ef-0214074f7e13,False,False,False,not_leverkusen_pass_carry,99.2,72.4,20.8,7.6,,,,,,,,,,105.99599999999988,Anthony Jung,Werder Bremen,,,validated_spatial_anchor,0.4929999999999381,,,,,,,,,C18,533862946a73608c134d18b78226b6371ce7173c
3895153,1,43,904,1389,00:24:30.410,Pass,904,True,validated_core_event_team_scope,True,False,1470.41,103,142b4482-aac4-4221-afba-9b9e47abf99d,True,True,True,safe_validated_frame_vector,96.5,76.8,96.5,76.8,80.6,72.8,96.5,76.8,80.6,72.8,-15.900000000000006,-4.0,16.39542619147182,107.02999999999996,Jonas Hofmann,Bayer Leverkusen,,,validated_spatial_anchor,1.0340000000001055,103.5,22.90000000000001,,,negative_0021,2.0,nonpositive_0020,2.0,C18,533862946a73608c134d18b78226b6371ce7173c
3895153,1,43,904,1390,00:24:31.378,Ball Receipt*,904,True,unsupported_event_type,False,False,1471.378,104,81985a19-6697-432f-9055-193fd57dfab5,False,False,False,not_leverkusen_pass_carry,,,80.6,72.8,,,,,,,,,,107.99799999999982,Odilon Kossonou,Bayer Leverkusen,,,linked_360_unsupported_semantics,0.9679999999998472,,,,,,,,,C18,533862946a73608c134d18b78226b6371ce7173c
3895153,1,43,904,1391,00:24:31.378,Carry,904,True,validated_core_event_team_scope,True,False,1471.378,105,53e5fc25-c16c-4560-9f2d-8053b82e978c,True,True,True,safe_validated_frame_vector,80.6,72.8,80.6,72.8,77.6,72.0,80.6,72.8,77.6,72.0,-3.0,-0.7999999999999972,3.104834939252004,107.99799999999982,Odilon Kossonou,Bayer Leverkusen,,,validated_spatial_anchor,0.0,103.5,25.90000000000001,,,negative_0021,3.0,nonpositive_0020,3.0,C18,533862946a73608c134d18b78226b6371ce7173c
3895153,1,43,904,1392,00:24:33.364,Pass,904,True,validated_core_event_team_scope,True,False,1473.364,106,158984e9-7f31-4e8c-87a7-de6d8541c58f,True,True,True,safe_validated_frame_vector,77.6,72.0,77.6,72.0,82.3,65.5,77.6,72.0,82.3,65.5,4.700000000000003,-6.5,8.021221852062192,109.98399999999992,Odilon Kossonou,Bayer Leverkusen,,,validated_spatial_anchor,1.986000000000104,103.5,21.200000000000003,positive_0024,1.0,,,,,C18,533862946a73608c134d18b78226b6371ce7173c
3895153,1,43,904,1393,00:24:34.036,Ball Receipt*,904,True,unsupported_event_type,False,False,1474.036,107,b284740b-a870-4bb8-b9f4-be9973e183a5,False,False,False,not_leverkusen_pass_carry,,,82.3,65.5,,,,,,,,,,110.65599999999996,Granit Xhaka,Bayer Leverkusen,,,linked_360_unsupported_semantics,0.6720000000000255,,,,,,,,,C18,533862946a73608c134d18b78226b6371ce7173c
3895153,1,43,904,1394,00:24:34.036,Carry,904,True,validated_core_event_team_scope,True,False,1474.036,108,bf16c8e9-5a82-4df6-a6b8-af34d2e2f0f3,True,True,True,safe_validated_frame_vector,82.3,65.5,82.3,65.5,81.5,64.7,82.3,65.5,81.5,64.7,-0.7999999999999972,-0.7999999999999972,1.131370849898472,110.65599999999996,Granit Xhaka,Bayer Leverkusen,,,validated_spatial_anchor,0.0,103.5,22.0,,,negative_0022,1.0,nonpositive_0021,1.0,C18,533862946a73608c134d18b78226b6371ce7173c
3895153,1,43,904,1395,00:24:34.118,Pass,904,True,validated_core_event_team_scope,True,False,1474.118,109,1b6fb292-6fb0-448e-b3e0-0700e49cf6fb,True,True,True,safe_validated_frame_vector,81.5,64.7,81.5,64.7,92.2,75.6,81.5,64.7,92.2,75.6,10.700000000000005,10.899999999999991,15.27416118809802,110.73799999999984,Granit Xhaka,Bayer Leverkusen,,,validated_spatial_anchor,0.0819999999998799,103.5,11.299999999999995,positive_0025,1.0,,,,,C18,533862946a73608c134d18b78226b6371ce7173c
3895153,1,43,904,1396,00:24:34.971,Ball Receipt*,904,True,unsupported_event_type,False,False,1474.971,110,f355e01a-eeb0-42ac-a38d-81514c086b6e,False,False,False,not_leverkusen_pass_carry,,,92.2,75.6,,,,,,,,,,111.5909999999999,Jonas Hofmann,Bayer Leverkusen,,,linked_360_unsupported_semantics,0.8530000000000655,,,,,,,,,C18,533862946a73608c134d18b78226b6371ce7173c
3895153,1,43,904,1397,00:24:34.971,Carry,904,True,validated_core_event_team_scope,True,False,1474.971,111,f61e3210-453e-47a4-bd88-15f9d300bdae,True,True,True,safe_validated_frame_vector,92.2,75.6,92.2,75.6,90.6,76.6,92.2,75.6,90.6,76.6,-1.6000000000000083,1.0,1.886796226411328,111.5909999999999,Jonas Hofmann,Bayer Leverkusen,,,validated_spatial_anchor,0.0,103.5,12.900000000000006,,,negative_0023,1.0,nonpositive_0022,1.0,C18,533862946a73608c134d18b78226b6371ce7173c
3895153,1,43,904,1398,00:24:36.416,Pass,904,True,validated_core_event_team_scope,True,False,1476.416,112,50ea53fd-9eb5-4ac4-8e00-7983ea9e729e,True,True,True,safe_validated_frame_vector,90.6,76.6,90.6,76.6,73.7,75.1,90.6,76.6,73.7,75.1,-16.89999999999999,-1.5,16.966437457521828,113.03599999999985,Jonas Hofmann,Bayer Leverkusen,,,validated_spatial_anchor,1.4449999999999363,103.5,29.8,,,negative_0023,2.0,nonpositive_0022,2.0,C18,533862946a73608c134d18b78226b6371ce7173c
3895153,1,43,904,1399,00:24:37.170,Ball Receipt*,904,True,unsupported_event_type,False,False,1477.17,113,b387b4be-d24e-4d5a-8d08-00fae0d1aada,False,False,False,not_leverkusen_pass_carry,,,73.7,75.1,,,,,,,,,,113.78999999999996,Odilon Kossonou,Bayer Leverkusen,,,linked_360_unsupported_semantics,0.7540000000001328,,,,,,,,,C18,533862946a73608c134d18b78226b6371ce7173c
3895153,1,43,904,1400,00:24:37.170,Carry,904,True,validated_core_event_team_scope,True,False,1477.17,114,29b1eb16-c41f-45cc-9eac-97d7513913b1,True,True,True,safe_validated_frame_vector,73.7,75.1,73.7,75.1,69.8,65.5,73.7,75.1,69.8,65.5,-3.9000000000000057,-9.599999999999994,10.361949623502325,113.78999999999996,Odilon Kossonou,Bayer Leverkusen,,,validated_spatial_anchor,0.0,103.5,33.7,,,negative_0023,3.0,nonpositive_0022,3.0,C18,533862946a73608c134d18b78226b6371ce7173c
3895153,1,43,904,1401,00:24:40.402,Pass,904,True,validated_core_event_team_scope,True,False,1480.402,115,6320fa4a-714c-43b2-ad01-06f0adbd34ee,True,True,True,safe_validated_frame_vector,69.8,65.5,69.8,65.5,59.1,56.7,69.8,65.5,59.1,56.7,-10.699999999999996,-8.799999999999997,13.853880322855394,117.02199999999992,Odilon Kossonou,Bayer Leverkusen,,,validated_spatial_anchor,3.231999999999971,103.5,44.4,,,negative_0023,4.0,nonpositive_0022,4.0,C18,533862946a73608c134d18b78226b6371ce7173c
3895153,1,43,904,1402,00:24:41.563,Ball Receipt*,904,True,unsupported_event_type,False,False,1481.563,116,c2f96592-2e10-4cc1-a683-ee74acb51388,False,False,False,not_leverkusen_pass_carry,,,59.1,56.7,,,,,,,,,,118.183,Robert Andrich,Bayer Leverkusen,,,linked_360_unsupported_semantics,1.1610000000000582,,,,,,,,,C18,533862946a73608c134d18b78226b6371ce7173c
3895153,1,43,904,1403,00:24:41.563,Carry,904,True,validated_core_event_team_scope,True,False,1481.563,117,e3ad7f5e-7acb-4f03-818d-2559234e2e66,True,True,True,safe_validated_frame_vector,59.1,56.7,59.1,56.7,58.4,55.1,59.1,56.7,58.4,55.1,-0.7000000000000028,-1.6000000000000014,1.7464249196573003,118.183,Robert Andrich,Bayer Leverkusen,,,validated_spatial_anchor,0.0,103.5,45.1,,,negative_0023,5.0,nonpositive_0022,5.0,C18,533862946a73608c134d18b78226b6371ce7173c
3895153,1,43,904,1404,00:24:43.106,Pass,904,True,validated_core_event_team_scope,True,False,1483.106,118,e36a08a7-3761-4e25-be01-c375bd40987c,True,True,True,safe_validated_frame_vector,58.4,55.1,58.4,55.1,64.3,59.1,58.4,55.1,64.3,59.1,5.899999999999999,4.0,7.1281133548786935,119.72599999999989,Robert Andrich,Bayer Leverkusen,,,validated_spatial_anchor,1.542999999999893,103.5,39.2,positive_0026,1.0,,,,,C18,533862946a73608c134d18b78226b6371ce7173c
3895153,1,43,904,1405,00:24:43.763,Pressure,176,True,validated_core_event_team_scope,True,False,1483.763,119,998e09bb-40fe-4207-a8c7-7f333b28bf86,False,False,False,not_leverkusen_pass_carry,67.3,58.2,52.7,21.8,,,,,,,,,,120.3829999999998,Jens Stage,Werder Bremen,,,validated_spatial_anchor,0.6569999999999254,,,,,,,,,C18,533862946a73608c134d18b78226b6371ce7173c
3895153,1,43,904,1406,00:24:43.781,Ball Receipt*,904,True,unsupported_event_type,False,False,1483.781,120,42e8d605-9532-4eb3-a36c-dc3d1b77c81a,False,False,False,not_leverkusen_pass_carry,,,64.3,59.1,,,,,,,,,,120.40099999999984,Granit Xhaka,Bayer Leverkusen,,,linked_360_unsupported_semantics,0.0180000000000291,,,,,,,,,C18,533862946a73608c134d18b78226b6371ce7173c
3895153,1,43,904,1407,00:24:43.781,Carry,904,True,validated_core_event_team_scope,True,False,1483.781,121,eabde068-6bf7-40f3-96a6-ef6ed466dbcc,True,True,True,safe_validated_frame_vector,64.3,59.1,64.3,59.1,64.3,56.9,64.3,59.1,64.3,56.9,0.0,-2.200000000000003,2.200000000000003,120.40099999999984,Granit Xhaka,Bayer Leverkusen,,,validated_spatial_anchor,0.0,103.5,39.2,,,,,nonpositive_0023,1.0,C18,533862946a73608c134d18b78226b6371ce7173c
3895153,1,43,904,1408,00:24:44.348,Pass,904,True,validated_core_event_team_scope,True,False,1484.348,122,c78f636c-cb62-489a-95bb-ede1fe7bbb1d,True,True,True,safe_validated_frame_vector,64.3,56.9,64.3,56.9,62.9,23.6,64.3,56.9,62.9,23.6,-1.3999999999999986,-33.3,33.32941643653546,120.96799999999983,Granit Xhaka,Bayer Leverkusen,,,validated_spatial_anchor,0.5670000000000073,103.5,40.6,,,negative_0024,1.0,nonpositive_0023,2.0,C18,533862946a73608c134d18b78226b6371ce7173c
3895153,1,43,904,1409,00:24:46.099,Ball Receipt*,904,True,unsupported_event_type,False,False,1486.099,123,f50f6d52-bcc9-471d-8491-8b931b1be154,False,False,False,not_leverkusen_pass_carry,,,62.9,23.6,,,,,,,,,,122.71899999999982,Piero Martín Hincapié Reyna,Bayer Leverkusen,,,linked_360_unsupported_semantics,1.7509999999999764,,,,,,,,,C18,533862946a73608c134d18b78226b6371ce7173c
3895153,1,43,904,1410,00:24:46.099,Carry,904,True,validated_core_event_team_scope,True,False,1486.099,124,b3f9f3e6-0830-4029-905c-f26a8719f0b2,True,True,True,safe_validated_frame_vector,62.9,23.6,62.9,23.6,89.1,13.7,62.9,23.6,89.1,13.7,26.2,-9.900000000000002,28.008034561532515,122.71899999999982,Piero Martín Hincapié Reyna,Bayer Leverkusen,,,validated_spatial_anchor,0.0,103.5,14.400000000000006,positive_0027,1.0,,,,,C18,533862946a73608c134d18b78226b6371ce7173c
3895153,1,43,904,1411,00:24:47.860,Pressure,176,False,no_360_frame,False,False,1487.86,125,65b935ba-21b9-45f7-b589-203f6878d7a6,False,False,False,not_leverkusen_pass_carry,,,54.4,58.2,,,,,,,,,,124.4799999999998,Rafael Santos Borré Amaury,Werder Bremen,,,no_360_frame,1.7609999999999673,,,,,,,,,C18,533862946a73608c134d18b78226b6371ce7173c
3895153,1,43,904,1412,00:24:50.146,Pass,904,False,no_360_frame,False,False,1490.146,126,33a733be-7ff5-4091-975e-4e86b3b110cb,False,True,True,unsupported_or_unlinked_frame,,,89.1,13.7,98.1,5.4,,,,,,,,126.76599999999983,Piero Martín Hincapié Reyna,Bayer Leverkusen,,,no_360_frame,2.286000000000058,,,,,,,,,C18,533862946a73608c134d18b78226b6371ce7173c
3895153,1,43,904,1413,00:24:51.379,Ball Receipt*,904,False,no_360_frame,False,False,1491.379,127,0e0b0f5c-9977-43cb-8650-672266547fa1,False,False,False,not_leverkusen_pass_carry,,,98.1,5.4,,,,,,,,,,127.9989999999998,Alejandro Grimaldo García,Bayer Leverkusen,,,no_360_frame,1.2329999999999472,,,,,,,,,C18,533862946a73608c134d18b78226b6371ce7173c
3895153,1,43,904,1414,00:24:51.379,Carry,904,False,no_360_frame,False,False,1491.379,128,b33fc60f-d12b-4eb8-bd0a-798f41d5f405,False,True,True,unsupported_or_unlinked_frame,,,98.1,5.4,98.1,5.4,,,,,,,,127.9989999999998,Alejandro Grimaldo García,Bayer Leverkusen,,,no_360_frame,0.0,,,,,,,,,C18,533862946a73608c134d18b78226b6371ce7173c
3895153,1,43,904,1415,00:24:52.085,Pass,904,False,no_360_frame,False,False,1492.085,129,10639d9a-2d4c-4d11-901a-341dc8efe06a,False,True,True,unsupported_or_unlinked_frame,,,98.1,5.4,97.6,15.6,,,,,,,,128.70499999999993,Alejandro Grimaldo García,Bayer Leverkusen,,,no_360_frame,0.706000000000131,,,,,,,,,C18,533862946a73608c134d18b78226b6371ce7173c
3895153,1,43,904,1416,00:24:53.132,Ball Receipt*,904,True,unsupported_event_type,False,False,1493.132,130,633f3bf4-cd1f-4012-a042-d36b00d2ce1a,False,False,False,not_leverkusen_pass_carry,,,97.6,15.6,,,,,,,,,,129.75199999999995,Victor Okoh Boniface,Bayer Leverkusen,,,linked_360_unsupported_semantics,1.0470000000000257,,,,,,,,,C18,533862946a73608c134d18b78226b6371ce7173c
3895153,1,43,904,1417,00:24:53.132,Carry,904,True,validated_core_event_team_scope,True,False,1493.132,131,4872e013-4eca-449a-9d61-c044c3a5f41a,True,True,True,safe_validated_frame_vector,97.6,15.6,97.6,15.6,103.8,12.5,97.6,15.6,103.8,12.5,6.200000000000003,-3.1,6.93181073024935,129.75199999999995,Victor Okoh Boniface,Bayer Leverkusen,,,validated_spatial_anchor,0.0,103.8,0.0,positive_0027,2.0,,,,,C18,533862946a73608c134d18b78226b6371ce7173c
3895153,1,43,904,1418,00:24:55.875,Dribbled Past,176,True,unsupported_event_type,False,False,1495.875,132,ccbafb94-66ab-4559-9e41-c9269030eb4d,False,False,False,not_leverkusen_pass_carry,,,16.3,67.6,,,,,,,,,,132.4949999999999,Mitchell Weiser,Werder Bremen,,,linked_360_unsupported_semantics,2.742999999999938,,,,,,,,,C18,533862946a73608c134d18b78226b6371ce7173c
3895153,1,43,904,1419,00:24:55.875,Dribble,904,True,unsupported_event_type,False,False,1495.875,133,96bf8d17-a4ed-4c3c-b3b6-3efca6dd0314,False,False,False,not_leverkusen_pass_carry,,,103.8,12.5,,,,,,,,,,132.4949999999999,Victor Okoh Boniface,Bayer Leverkusen,,,linked_360_unsupported_semantics,0.0,,,,,,,,,C18,533862946a73608c134d18b78226b6371ce7173c
3895153,1,43,904,1420,00:24:56.939,Pressure,904,True,validated_core_event_team_scope,True,False,1496.939,134,77d28f01-e853-47f5-8450-cb36acb701a3,False,False,False,not_leverkusen_pass_carry,111.6,17.5,111.6,17.5,,,,,,,,,,133.55899999999997,Victor Okoh Boniface,Bayer Leverkusen,,,validated_spatial_anchor,1.0640000000000782,,,,,,,,,C18,533862946a73608c134d18b78226b6371ce7173c
3895153,1,43,904,1421,00:24:57.820,Pass,176,False,no_360_frame,False,False,1497.82,135,cda135d9-d091-498d-adba-a7a353e71286,False,False,False,not_leverkusen_pass_carry,,,5.4,56.3,,,,,,,,,,134.43999999999983,Milos Veljkovic,Werder Bremen,pass.type:Recovery,,no_360_frame,0.8809999999998581,,,,,,,,,C18,533862946a73608c134d18b78226b6371ce7173c
3895153,1,43,904,1422,00:24:58.654,Ball Receipt*,176,False,no_360_frame,False,False,1498.654,136,90339c7d-e015-49b7-80a7-bb34f4fabc2e,False,False,False,not_leverkusen_pass_carry,,,2.8,45.6,,,,,,,,,,135.2739999999999,Michael Zetterer,Werder Bremen,,,no_360_frame,0.83400000000006,,,,,,,,,C18,533862946a73608c134d18b78226b6371ce7173c
3895153,1,43,904,1423,00:24:58.654,Carry,176,False,no_360_frame,False,False,1498.654,137,a298179e-592e-49dc-8cdd-7ca09be43a0e,False,False,False,not_leverkusen_pass_carry,,,2.8,45.6,,,,,,,,,,135.2739999999999,Michael Zetterer,Werder Bremen,,,no_360_frame,0.0,,,,,,,,,C18,533862946a73608c134d18b78226b6371ce7173c
3895153,1,43,904,1424,00:24:58.712,Pass,176,True,validated_core_event_team_scope,True,False,1498.712,138,496c6ab6-41d3-4368-bcf9-536e8b509424,False,False,False,not_leverkusen_pass_carry,117.0,34.3,3.0,45.7,,,,,,,,,,135.33199999999988,Michael Zetterer,Werder Bremen,pass.outcome:Incomplete,,validated_spatial_anchor,0.0579999999999927,,,,,,,,,C18,533862946a73608c134d18b78226b6371ce7173c
3895153,1,43,904,1425,00:25:01.961,Ball Receipt*,176,True,unsupported_event_type,False,False,1501.961,139,a1553668-9396-43c0-8498-2663f5e9bc69,False,False,False,not_leverkusen_pass_carry,,,36.2,69.0,,,,,,,,,,138.5809999999999,Rafael Santos Borré Amaury,Werder Bremen,ball_receipt.outcome:Incomplete,,linked_360_unsupported_semantics,3.249000000000024,,,,,,,,,C18,533862946a73608c134d18b78226b6371ce7173c
3895153,1,43,904,1426,00:25:01.961,Duel,176,True,unsupported_event_type,False,False,1501.961,140,f5cd728f-50f8-4ee1-b10d-a16ff3a11275,False,False,False,not_leverkusen_pass_carry,,,36.2,69.0,,,,,,,,,,138.5809999999999,Rafael Santos Borré Amaury,Werder Bremen,type:Duel,,linked_360_unsupported_semantics,0.0,,,,,,,,,C18,533862946a73608c134d18b78226b6371ce7173c
3895153,1,43,904,1427,00:25:01.961,Pass,904,True,validated_core_event_team_scope,True,False,1501.961,141,a33038d1-cef6-41f8-8005-2975822887e1,True,True,True,safe_validated_frame_vector,83.9,11.1,83.9,11.1,82.0,24.8,83.9,11.1,82.0,24.8,-1.9000000000000057,13.7,13.831124321616086,138.5809999999999,Piero Martín Hincapié Reyna,Bayer Leverkusen,pass.type:Recovery,,validated_spatial_anchor,0.0,103.8,21.8,,,negative_0025,1.0,nonpositive_0024,1.0,C18,533862946a73608c134d18b78226b6371ce7173c
3895153,1,43,904,1428,00:25:03.328,Ball Receipt*,904,True,unsupported_event_type,False,False,1503.328,142,7af75002-273c-4bfa-acfd-644bf402d1c5,False,False,False,not_leverkusen_pass_carry,,,82.0,24.8,,,,,,,,,,139.9479999999999,Granit Xhaka,Bayer Leverkusen,,,linked_360_unsupported_semantics,1.3669999999999618,,,,,,,,,C18,533862946a73608c134d18b78226b6371ce7173c
3895153,1,43,904,1429,00:25:03.328,Carry,904,True,validated_core_event_team_scope,True,False,1503.328,143,3fd101d1-af84-4536-97ec-7ef3a020e764,True,True,True,safe_validated_frame_vector,82.0,24.8,82.0,24.8,82.0,24.8,82.0,24.8,82.0,24.8,0.0,0.0,0.0,139.9479999999999,Granit Xhaka,Bayer Leverkusen,,,validated_spatial_anchor,0.0,103.8,21.8,,,,,nonpositive_0024,2.0,C18,533862946a73608c134d18b78226b6371ce7173c
3895153,1,43,904,1430,00:25:03.558,Pass,904,True,validated_core_event_team_scope,True,False,1503.558,144,7e9dcc05-2681-42cd-bb76-d05f31f13d7c,True,True,True,safe_validated_frame_vector,82.0,24.8,82.0,24.8,77.6,18.9,82.0,24.8,77.6,18.9,-4.400000000000006,-5.900000000000002,7.360027173862884,140.17799999999988,Granit Xhaka,Bayer Leverkusen,,,validated_spatial_anchor,0.2300000000000182,103.8,26.200000000000003,,,negative_0026,1.0,nonpositive_0024,3.0,C18,533862946a73608c134d18b78226b6371ce7173c
3895153,1,43,904,1431,00:25:04.156,Ball Receipt*,904,True,unsupported_event_type,False,False,1504.156,145,3c12826e-73ea-4094-b8e4-200feb41ec7e,False,False,False,not_leverkusen_pass_carry,,,77.6,18.9,,,,,,,,,,140.77599999999984,Exequiel Alejandro Palacios,Bayer Leverkusen,,,linked_360_unsupported_semantics,0.5979999999999563,,,,,,,,,C18,533862946a73608c134d18b78226b6371ce7173c
3895153,1,43,904,1432,00:25:04.156,Carry,904,True,validated_core_event_team_scope,True,False,1504.156,146,aac10e3e-554b-4747-bd79-d4aa2472fea9,True,True,True,safe_validated_frame_vector,77.6,18.9,77.6,18.9,77.3,18.6,77.6,18.9,77.3,18.6,-0.2999999999999971,-0.2999999999999971,0.4242640687119244,140.77599999999984,Exequiel Alejandro Palacios,Bayer Leverkusen,,,validated_spatial_anchor,0.0,103.8,26.5,,,negative_0026,2.0,nonpositive_0024,4.0,C18,533862946a73608c134d18b78226b6371ce7173c
3895153,1,43,904,1433,00:25:05.703,Pass,904,True,validated_core_event_team_scope,True,False,1505.703,147,971a2fa0-3b4f-425e-a47d-4f9a8cdbf8cb,True,True,True,safe_validated_frame_vector,77.3,18.6,77.3,18.6,75.7,25.9,77.3,18.6,75.7,25.9,-1.5999999999999943,7.299999999999997,7.473285756613348,142.3229999999999,Exequiel Alejandro Palacios,Bayer Leverkusen,,,validated_spatial_anchor,1.5470000000000257,103.8,28.099999999999994,,,negative_0026,3.0,nonpositive_0024,5.0,C18,533862946a73608c134d18b78226b6371ce7173c
3895153,1,43,904,1434,00:25:06.250,Ball Receipt*,904,True,unsupported_event_type,False,False,1506.25,148,23a62373-ec92-48d0-ae2c-974ae2b9323c,False,False,False,not_leverkusen_pass_carry,,,75.7,25.9,,,,,,,,,,142.8699999999999,Granit Xhaka,Bayer Leverkusen,,,linked_360_unsupported_semantics,0.5470000000000255,,,,,,,,,C18,533862946a73608c134d18b78226b6371ce7173c
3895153,1,43,904,1435,00:25:06.250,Carry,904,True,validated_core_event_team_scope,True,False,1506.25,149,a81d0565-b0c4-49e7-acfe-da0095486237,True,True,True,safe_validated_frame_vector,75.7,25.9,75.7,25.9,75.0,26.0,75.7,25.9,75.0,26.0,-0.7000000000000028,0.1000000000000014,0.7071067811865505,142.8699999999999,Granit Xhaka,Bayer Leverkusen,,,validated_spatial_anchor,0.0,103.8,28.8,,,negative_0026,4.0,nonpositive_0024,6.0,C18,533862946a73608c134d18b78226b6371ce7173c
3895153,1,43,904,1436,00:25:06.610,Pressure,176,True,validated_core_event_team_scope,True,False,1506.61,150,ff7168dc-8251-444a-8ccc-f3d9df8a996f,False,False,False,not_leverkusen_pass_carry,78.1,26.1,41.9,53.9,,,,,,,,,,143.2299999999998,Jens Stage,Werder Bremen,,,validated_spatial_anchor,0.3599999999998999,,,,,,,,,C18,533862946a73608c134d18b78226b6371ce7173c
3895153,1,43,904,1437,00:25:07.073,Pass,904,True,validated_core_event_team_scope,True,False,1507.073,151,4cd73a57-fec5-4607-a814-5442caa5abf9,True,True,True,safe_validated_frame_vector,75.0,26.0,75.0,26.0,63.6,23.1,75.0,26.0,63.6,23.1,-11.4,-2.8999999999999986,11.7630778285277,143.69299999999998,Granit Xhaka,Bayer Leverkusen,,,validated_spatial_anchor,0.4630000000001928,103.8,40.2,,,negative_0026,5.0,nonpositive_0024,7.0,C18,533862946a73608c134d18b78226b6371ce7173c
3895153,1,43,904,1438,00:25:07.756,Ball Receipt*,904,True,unsupported_event_type,False,False,1507.756,152,3e19fc38-3c04-420e-a7ba-05495d7b682d,False,False,False,not_leverkusen_pass_carry,,,63.6,23.1,,,,,,,,,,144.37599999999998,Robert Andrich,Bayer Leverkusen,,,linked_360_unsupported_semantics,0.6829999999999927,,,,,,,,,C18,533862946a73608c134d18b78226b6371ce7173c
3895153,1,43,904,1439,00:25:07.756,Carry,904,True,validated_core_event_team_scope,True,False,1507.756,153,1faae8a2-c991-4328-89e4-4fde3fe5a4d3,True,True,True,safe_validated_frame_vector,63.6,23.1,63.6,23.1,69.8,25.2,63.6,23.1,69.8,25.2,6.199999999999996,2.099999999999998,6.545991139621252,144.37599999999998,Robert Andrich,Bayer Leverkusen,,,validated_spatial_anchor,0.0,103.8,34.0,positive_0028,1.0,,,,,C18,533862946a73608c134d18b78226b6371ce7173c
3895153,1,43,904,1440,00:25:09.316,Pass,904,True,validated_core_event_team_scope,True,False,1509.316,154,9db615a5-9cc6-416d-97f7-f6c76271ca80,True,True,True,safe_validated_frame_vector,69.8,25.2,69.8,25.2,77.3,32.8,69.8,25.2,77.3,32.8,7.5,7.599999999999998,10.67754653466797,145.93599999999992,Robert Andrich,Bayer Leverkusen,,,validated_spatial_anchor,1.5599999999999454,103.8,26.5,positive_0028,2.0,,,,,C18,533862946a73608c134d18b78226b6371ce7173c
3895153,1,43,904,1441,00:25:09.841,Pressure,176,True,validated_core_event_team_scope,True,False,1509.841,155,ec5bdfad-f341-406b-92fc-17576cc7b2ab,False,False,False,not_leverkusen_pass_carry,78.8,32.7,41.2,47.3,,,,,,,,,,146.4609999999998,Milos Veljkovic,Werder Bremen,,,validated_spatial_anchor,0.5249999999998636,,,,,,,,,C18,533862946a73608c134d18b78226b6371ce7173c
3895153,1,43,904,1442,00:25:09.986,Ball Receipt*,904,True,unsupported_event_type,False,False,1509.986,156,69941f3d-3f64-4753-9306-0afac2afa695,False,False,False,not_leverkusen_pass_carry,,,77.3,32.8,,,,,,,,,,146.606,Florian Wirtz,Bayer Leverkusen,,,linked_360_unsupported_semantics,0.1450000000002091,,,,,,,,,C18,533862946a73608c134d18b78226b6371ce7173c
3895153,1,43,904,1443,00:25:09.986,Pass,904,True,validated_core_event_team_scope,True,False,1509.986,157,68c9d346-1c76-4e0b-a74e-9aeca05b7fba,True,True,True,safe_validated_frame_vector,77.1,32.8,77.1,32.8,83.9,4.4,77.1,32.8,83.9,4.4,6.800000000000011,-28.4,29.20273959751037,146.606,Florian Wirtz,Bayer Leverkusen,,,validated_spatial_anchor,0.0,103.8,19.89999999999999,positive_0028,3.0,,,,,C18,533862946a73608c134d18b78226b6371ce7173c
3895153,1,43,904,1444,00:25:12.194,Ball Receipt*,904,True,unsupported_event_type,False,False,1512.194,158,e61c1108-f069-4694-b5b5-49b16d6b8438,False,False,False,not_leverkusen_pass_carry,,,83.9,4.4,,,,,,,,,,148.81399999999985,Alejandro Grimaldo García,Bayer Leverkusen,,,linked_360_unsupported_semantics,2.2079999999998563,,,,,,,,,C18,533862946a73608c134d18b78226b6371ce7173c
3895153,1,43,904,1445,00:25:12.534,Pass,904,True,validated_core_event_team_scope,True,False,1512.534,159,051082a8-701f-41b1-b3e5-6c56fc90b6e1,True,True,True,safe_validated_frame_vector,83.5,4.4,83.5,4.4,79.5,8.2,83.5,4.4,79.5,8.2,-4.0,3.799999999999999,5.517245689653488,149.154,Alejandro Grimaldo García,Bayer Leverkusen,,,validated_spatial_anchor,0.3400000000001455,103.8,24.3,,,negative_0027,1.0,nonpositive_0025,1.0,C18,533862946a73608c134d18b78226b6371ce7173c
3895153,1,43,904,1446,00:25:13.116,Ball Receipt*,904,True,unsupported_event_type,False,False,1513.116,160,75fdcc7a-76f6-4878-ac20-9aa2b48a7018,False,False,False,not_leverkusen_pass_carry,,,79.5,8.2,,,,,,,,,,149.73599999999988,Exequiel Alejandro Palacios,Bayer Leverkusen,,,linked_360_unsupported_semantics,0.58199999999988,,,,,,,,,C18,533862946a73608c134d18b78226b6371ce7173c
3895153,1,43,904,1447,00:25:13.116,Carry,904,True,validated_core_event_team_scope,True,False,1513.116,161,6635c712-ccaa-4e06-bbbb-8db1ffcc10a7,True,True,True,safe_validated_frame_vector,79.5,8.2,79.5,8.2,82.3,8.0,79.5,8.2,82.3,8.0,2.799999999999997,-0.1999999999999993,2.807133769523637,149.73599999999988,Exequiel Alejandro Palacios,Bayer Leverkusen,,,validated_spatial_anchor,0.0,103.8,21.5,positive_0029,1.0,,,,,C18,533862946a73608c134d18b78226b6371ce7173c
3895153,1,43,904,1448,00:25:13.625,Pressure,176,True,validated_core_event_team_scope,True,False,1513.625,162,71cb3a05-1488-4184-9192-0124641d0faf,False,False,False,not_leverkusen_pass_carry,81.4,11.599999999999994,38.6,68.4,,,,,,,,,,150.2449999999999,Leonardo Bittencourt,Werder Bremen,,,validated_spatial_anchor,0.5090000000000146,,,,,,,,,C18,533862946a73608c134d18b78226b6371ce7173c
3895153,1,43,904,1449,00:25:13.728,Pass,904,True,validated_core_event_team_scope,True,False,1513.728,163,788ecf7d-7c29-46ce-ac9f-9a45baf73736,True,True,True,safe_validated_frame_vector,82.3,8.0,82.3,8.0,86.7,15.1,82.3,8.0,86.7,15.1,4.400000000000006,7.1,8.352843827104637,150.34799999999996,Exequiel Alejandro Palacios,Bayer Leverkusen,,,validated_spatial_anchor,0.1030000000000654,103.8,17.099999999999994,positive_0029,2.0,,,,,C18,533862946a73608c134d18b78226b6371ce7173c
3895153,1,43,904,1450,00:25:14.556,Ball Receipt*,904,True,unsupported_event_type,False,False,1514.556,164,97bd2c67-2b03-454a-9b47-a35a4f01ea0e,False,False,False,not_leverkusen_pass_carry,,,86.7,15.1,,,,,,,,,,151.17599999999993,Victor Okoh Boniface,Bayer Leverkusen,,,linked_360_unsupported_semantics,0.8279999999999745,,,,,,,,,C18,533862946a73608c134d18b78226b6371ce7173c
3895153,1,43,904,1451,00:25:14.556,Carry,904,True,validated_core_event_team_scope,True,False,1514.556,165,da3aceb5-8b87-4969-81ab-fd717d2b036c,True,True,True,safe_validated_frame_vector,86.7,15.1,86.7,15.1,86.7,15.1,86.7,15.1,86.7,15.1,0.0,0.0,0.0,151.17599999999993,Victor Okoh Boniface,Bayer Leverkusen,,,validated_spatial_anchor,0.0,103.8,17.099999999999994,,,,,nonpositive_0026,1.0,C18,533862946a73608c134d18b78226b6371ce7173c
3895153,1,43,904,1452,00:25:14.737,Pass,904,True,validated_core_event_team_scope,True,False,1514.737,166,bd299760-4557-40cd-b54b-780ca3978d5c,True,True,True,safe_validated_frame_vector,86.7,15.1,86.7,15.1,81.6,10.4,86.7,15.1,81.6,10.4,-5.1000000000000085,-4.699999999999999,6.935416353759886,151.35699999999997,Victor Okoh Boniface,Bayer Leverkusen,,,validated_spatial_anchor,0.18100000000004,103.8,22.200000000000003,,,negative_0028,1.0,nonpositive_0026,2.0,C18,533862946a73608c134d18b78226b6371ce7173c
3895153,1,43,904,1453,00:25:15.378,Ball Receipt*,904,True,unsupported_event_type,False,False,1515.378,167,54b2aa9f-51f9-4998-8bc6-fef5ea538b43,False,False,False,not_leverkusen_pass_carry,,,81.6,10.4,,,,,,,,,,151.99799999999982,Exequiel Alejandro Palacios,Bayer Leverkusen,,,linked_360_unsupported_semantics,0.640999999999849,,,,,,,,,C18,533862946a73608c134d18b78226b6371ce7173c
3895153,1,43,904,1454,00:25:15.378,Carry,904,True,validated_core_event_team_scope,True,False,1515.378,168,424b5103-8e25-4539-b0ec-e8e0e007b841,True,True,True,safe_validated_frame_vector,81.6,10.4,81.6,10.4,81.3,10.3,81.6,10.4,81.3,10.3,-0.2999999999999971,-0.0999999999999996,0.3162277660168351,151.99799999999982,Exequiel Alejandro Palacios,Bayer Leverkusen,,,validated_spatial_anchor,0.0,103.8,22.5,,,negative_0028,2.0,nonpositive_0026,3.0,C18,533862946a73608c134d18b78226b6371ce7173c
3895153,1,43,904,1455,00:25:15.503,Pass,904,True,validated_core_event_team_scope,True,False,1515.503,169,0076b20a-67c1-4cf1-a868-0ba4ef1acd06,True,True,True,safe_validated_frame_vector,81.3,10.3,81.3,10.3,80.8,20.5,81.3,10.3,80.8,20.5,-0.5,10.2,10.212247548899311,152.12299999999982,Exequiel Alejandro Palacios,Bayer Leverkusen,,,validated_spatial_anchor,0.125,103.8,23.0,,,negative_0028,3.0,nonpositive_0026,4.0,C18,533862946a73608c134d18b78226b6371ce7173c
3895153,1,43,904,1456,00:25:15.695,Pressure,176,True,validated_core_event_team_scope,True,False,1515.695,170,1c5da9f1-a9ea-4467-a4e6-c94e9972fdc0,False,False,False,not_leverkusen_pass_carry,80.7,22.8,39.3,57.2,,,,,,,,,,152.31499999999983,Jens Stage,Werder Bremen,,,validated_spatial_anchor,0.1920000000000072,,,,,,,,,C18,533862946a73608c134d18b78226b6371ce7173c
3895153,1,43,904,1457,00:25:15.969,Ball Receipt*,904,True,unsupported_event_type,False,False,1515.969,171,5f6b361c-917a-47ff-8a8a-392702d8a03a,False,False,False,not_leverkusen_pass_carry,,,80.8,20.5,,,,,,,,,,152.58899999999994,Florian Wirtz,Bayer Leverkusen,,,linked_360_unsupported_semantics,0.2740000000001146,,,,,,,,,C18,533862946a73608c134d18b78226b6371ce7173c
3895153,1,43,904,1458,00:25:15.969,Carry,904,True,validated_core_event_team_scope,True,False,1515.969,172,8b53c360-5064-4771-a855-7c75352e6620,True,True,True,safe_validated_frame_vector,80.8,20.5,80.8,20.5,80.4,18.9,80.8,20.5,80.4,18.9,-0.3999999999999915,-1.6000000000000014,1.6492422502470634,152.58899999999994,Florian Wirtz,Bayer Leverkusen,,,validated_spatial_anchor,0.0,103.8,23.39999999999999,,,negative_0028,4.0,nonpositive_0026,5.0,C18,533862946a73608c134d18b78226b6371ce7173c
3895153,1,43,904,1459,00:25:16.043,Pass,904,True,validated_core_event_team_scope,True,False,1516.043,173,ec462b76-de30-4200-ace9-4183a6a90267,True,True,True,safe_validated_frame_vector,80.4,18.9,80.4,18.9,77.3,7.2,80.4,18.9,77.3,7.2,-3.1000000000000085,-11.7,12.103718436910205,152.66299999999978,Florian Wirtz,Bayer Leverkusen,,,validated_spatial_anchor,0.0739999999998417,103.8,26.5,,,negative_0028,5.0,nonpositive_0026,6.0,C18,533862946a73608c134d18b78226b6371ce7173c
3895153,1,43,904,1460,00:25:16.704,Ball Receipt*,904,True,unsupported_event_type,False,False,1516.704,174,ff4a0b50-f0b4-45cf-ab7a-6fbbc76635f6,False,False,False,not_leverkusen_pass_carry,,,77.3,7.2,,,,,,,,,,153.32399999999984,Exequiel Alejandro Palacios,Bayer Leverkusen,,,linked_360_unsupported_semantics,0.6610000000000582,,,,,,,,,C18,533862946a73608c134d18b78226b6371ce7173c
3895153,1,43,904,1461,00:25:16.704,Carry,904,True,validated_core_event_team_scope,True,False,1516.704,175,a3f25b24-f8ab-4499-b341-255109101c85,True,True,True,safe_validated_frame_vector,77.3,7.2,77.3,7.2,77.3,7.2,77.3,7.2,77.3,7.2,0.0,0.0,0.0,153.32399999999984,Exequiel Alejandro Palacios,Bayer Leverkusen,,,validated_spatial_anchor,0.0,103.8,26.5,,,,,nonpositive_0026,7.0,C18,533862946a73608c134d18b78226b6371ce7173c
3895153,1,43,904,1462,00:25:16.911,Pass,904,True,validated_core_event_team_scope,True,False,1516.911,176,e62dff48-738a-4749-88bf-59beb4547339,True,True,True,safe_validated_frame_vector,77.3,7.2,77.3,7.2,63.6,40.8,77.3,7.2,63.6,40.8,-13.699999999999996,33.599999999999994,36.28567210346254,153.53099999999995,Exequiel Alejandro Palacios,Bayer Leverkusen,,,validated_spatial_anchor,0.2070000000001073,103.8,40.2,,,negative_0029,1.0,nonpositive_0026,8.0,C18,533862946a73608c134d18b78226b6371ce7173c
3895153,1,43,904,1463,00:25:19.004,Ball Receipt*,904,True,unsupported_event_type,False,False,1519.004,177,265c641a-9efe-4be5-a240-0f551e0c810b,False,False,False,not_leverkusen_pass_carry,,,63.6,40.8,,,,,,,,,,155.6239999999998,Odilon Kossonou,Bayer Leverkusen,,,linked_360_unsupported_semantics,2.092999999999847,,,,,,,,,C18,533862946a73608c134d18b78226b6371ce7173c
3895153,1,43,904,1464,00:25:19.004,Carry,904,True,validated_core_event_team_scope,True,False,1519.004,178,9b7542f3-3234-4cd5-bd88-e43917bb25cb,True,True,True,safe_validated_frame_vector,63.6,40.8,63.6,40.8,63.1,47.7,63.6,40.8,63.1,47.7,-0.5,6.900000000000006,6.918092222571197,155.6239999999998,Odilon Kossonou,Bayer Leverkusen,,,validated_spatial_anchor,0.0,103.8,40.7,,,negative_0029,2.0,nonpositive_0026,9.0,C18,533862946a73608c134d18b78226b6371ce7173c
3895153,1,43,904,1465,00:25:20.729,Pass,904,True,validated_core_event_team_scope,True,False,1520.729,179,d0eb42d5-55bb-45d6-93ee-29aa4a78df4c,True,True,True,safe_validated_frame_vector,63.1,47.7,63.1,47.7,84.4,75.8,63.1,47.7,84.4,75.8,21.300000000000004,28.099999999999994,35.26045944113604,157.34899999999993,Odilon Kossonou,Bayer Leverkusen,,,validated_spatial_anchor,1.7250000000001364,103.8,19.39999999999999,positive_0030,1.0,,,,,C18,533862946a73608c134d18b78226b6371ce7173c
3895153,1,43,904,1466,00:25:22.177,Ball Receipt*,904,True,unsupported_event_type,False,False,1522.177,180,697b2107-cbfb-4b82-b0f5-ca22fc1db5a4,False,False,False,not_leverkusen_pass_carry,,,84.4,75.8,,,,,,,,,,158.7969999999998,Jeremie Frimpong,Bayer Leverkusen,,,linked_360_unsupported_semantics,1.4479999999998654,,,,,,,,,C18,533862946a73608c134d18b78226b6371ce7173c
3895153,1,43,904,1467,00:25:22.177,Carry,904,True,validated_core_event_team_scope,True,False,1522.177,181,f6c2d3be-9a86-4b0d-b354-4c6932c8656a,True,True,True,safe_validated_frame_vector,84.4,75.8,84.4,75.8,98.4,64.3,84.4,75.8,98.4,64.3,14.0,-11.5,18.11767093199344,158.7969999999998,Jeremie Frimpong,Bayer Leverkusen,,,validated_spatial_anchor,0.0,103.8,5.399999999999992,positive_0030,2.0,,,,,C18,533862946a73608c134d18b78226b6371ce7173c
3895153,1,43,904,1468,00:25:26.982,Pass,904,True,validated_core_event_team_scope,True,False,1526.982,182,de1fdd17-a940-4079-ae49-68c193399552,True,True,True,safe_validated_frame_vector,98.4,64.3,98.4,64.3,101.0,53.1,98.4,64.3,101.0,53.1,2.5999999999999943,-11.199999999999996,11.497825881443845,163.60199999999986,Jeremie Frimpong,Bayer Leverkusen,,,validated_spatial_anchor,4.805000000000064,103.8,2.799999999999997,positive_0030,3.0,,,,,C18,533862946a73608c134d18b78226b6371ce7173c
3895153,1,43,904,1469,00:25:27.568,Ball Receipt*,904,True,unsupported_event_type,False,False,1527.568,183,5bcdf121-da45-46cd-81ce-31c10a753b37,False,False,False,not_leverkusen_pass_carry,,,101.0,53.1,,,,,,,,,,164.18799999999987,Florian Wirtz,Bayer Leverkusen,,,linked_360_unsupported_semantics,0.5860000000000127,,,,,,,,,C18,533862946a73608c134d18b78226b6371ce7173c
3895153,1,43,904,1470,00:25:27.568,Pass,904,True,validated_core_event_team_scope,True,False,1527.568,184,e421da9e-89ae-4d64-898b-cdfbc98be202,True,True,True,safe_validated_frame_vector,101.0,53.1,101.0,53.1,105.7,58.1,101.0,53.1,105.7,58.1,4.700000000000003,5.0,6.862215385719107,164.18799999999987,Florian Wirtz,Bayer Leverkusen,,,validated_spatial_anchor,0.0,105.7,0.0,positive_0030,4.0,,,,,C18,533862946a73608c134d18b78226b6371ce7173c
3895153,1,43,904,1471,00:25:29.089,Ball Receipt*,904,True,unsupported_event_type,False,False,1529.089,185,bf2d212c-fbaa-4161-b073-e5ee7b6fa800,False,False,False,not_leverkusen_pass_carry,,,105.7,58.1,,,,,,,,,,165.70899999999983,Jeremie Frimpong,Bayer Leverkusen,,,linked_360_unsupported_semantics,1.5209999999999582,,,,,,,,,C18,533862946a73608c134d18b78226b6371ce7173c
3895153,1,43,904,1472,00:25:29.240,Duel,176,True,unsupported_event_type,False,False,1529.24,186,bdb23393-9f56-4c49-b248-1ac41aeb36b3,False,False,False,not_leverkusen_pass_carry,,,14.4,22.0,,,,,,,,,,165.8599999999999,Olivier Deman,Werder Bremen,type:Duel,,linked_360_unsupported_semantics,0.1510000000000673,,,,,,,,,C18,533862946a73608c134d18b78226b6371ce7173c
3895153,1,43,904,1473,00:25:29.240,Pass,904,True,validated_core_event_team_scope,True,False,1529.24,187,e412e3b1-47b8-4806-b12d-acfd0d8229de,True,True,True,safe_validated_frame_vector,105.7,58.1,105.7,58.1,100.3,56.9,105.7,58.1,100.3,56.9,-5.400000000000006,-1.2000000000000028,5.531726674375738,165.8599999999999,Jeremie Frimpong,Bayer Leverkusen,,,validated_spatial_anchor,0.0,105.7,5.400000000000006,,,negative_0030,1.0,nonpositive_0027,1.0,C18,533862946a73608c134d18b78226b6371ce7173c
3895153,1,43,904,1474,00:25:29.856,Ball Receipt*,904,True,unsupported_event_type,False,False,1529.856,188,7afd7c20-6ec1-4d34-aa48-d38acae4b55d,False,False,False,not_leverkusen_pass_carry,,,100.3,56.9,,,,,,,,,,166.47599999999989,Florian Wirtz,Bayer Leverkusen,,,linked_360_unsupported_semantics,0.6159999999999854,,,,,,,,,C18,533862946a73608c134d18b78226b6371ce7173c
3895153,1,43,904,1475,00:25:29.856,Carry,904,True,validated_core_event_team_scope,True,False,1529.856,189,b2b45fd7-c440-42cb-8ff4-8ec943ead4f1,True,True,True,safe_validated_frame_vector,100.3,56.9,100.3,56.9,101.0,57.4,100.3,56.9,101.0,57.4,0.7000000000000028,0.5,0.860232526704265,166.47599999999989,Florian Wirtz,Bayer Leverkusen,,,validated_spatial_anchor,0.0,105.7,4.700000000000003,positive_0031,1.0,,,,,C18,533862946a73608c134d18b78226b6371ce7173c
3895153,1,43,904,1476,00:25:30.608,Pressure,176,True,validated_core_event_team_scope,True,False,1530.608,190,3b4fbe54-5b2b-4564-8be2-7c3c0eee2980,False,False,False,not_leverkusen_pass_carry,104.7,59.4,15.3,20.6,,,,,,,,,,167.22799999999984,Olivier Deman,Werder Bremen,,,validated_spatial_anchor,0.7519999999999527,,,,,,,,,C18,533862946a73608c134d18b78226b6371ce7173c
3895153,1,43,904,1477,00:25:31.640,Dribble,904,True,unsupported_event_type,False,False,1531.64,191,be4e97ef-d4ec-4e9f-96df-46a5e013ce25,False,False,False,not_leverkusen_pass_carry,,,101.0,57.4,,,,,,,,,,168.26,Florian Wirtz,Bayer Leverkusen,,,linked_360_unsupported_semantics,1.0320000000001528,,,,,,,,,C18,533862946a73608c134d18b78226b6371ce7173c
3895153,1,43,904,1478,00:25:31.640,Duel,176,True,unsupported_event_type,False,False,1531.64,192,ad3f47a5-db04-4a05-9533-4421dc8ab366,False,False,False,not_leverkusen_pass_carry,,,19.1,22.7,,,,,,,,,,168.26,Olivier Deman,Werder Bremen,type:Duel;duel.outcome:Lost In Play,,linked_360_unsupported_semantics,0.0,,,,,,,,,C18,533862946a73608c134d18b78226b6371ce7173c
3895153,1,43,904,1479,00:25:32.634,Ball Recovery,904,True,unsupported_event_type,False,False,1532.634,193,89cff0e5-c610-449f-80e3-6239b9c9e52d,False,False,False,not_leverkusen_pass_carry,,,91.7,58.3,,,,,,,,,,169.2539999999999,Granit Xhaka,Bayer Leverkusen,type:Ball Recovery,,linked_360_unsupported_semantics,0.9939999999999144,,,,,,,,,C18,533862946a73608c134d18b78226b6371ce7173c
3895153,1,43,904,1480,00:25:32.634,Carry,904,True,validated_core_event_team_scope,True,False,1532.634,194,8bbbe558-2f5c-4bb0-9faa-927d878b8901,True,True,True,safe_validated_frame_vector,91.7,58.3,91.7,58.3,90.6,56.4,91.7,58.3,90.6,56.4,-1.1000000000000083,-1.8999999999999984,2.195449840010018,169.2539999999999,Granit Xhaka,Bayer Leverkusen,,,validated_spatial_anchor,0.0,105.7,15.100000000000009,,,negative_0031,1.0,nonpositive_0028,1.0,C18,533862946a73608c134d18b78226b6371ce7173c
3895153,1,43,904,1481,00:25:33.603,Pass,904,True,validated_core_event_team_scope,True,False,1533.603,195,041ee933-e6b4-4777-8deb-e1200b7408a8,True,True,True,safe_validated_frame_vector,90.6,56.4,90.6,56.4,116.3,25.0,90.6,56.4,116.3,25.0,25.700000000000003,-31.4,40.57647101461634,170.22299999999996,Granit Xhaka,Bayer Leverkusen,,,validated_spatial_anchor,0.9690000000000508,116.3,0.0,positive_0032,1.0,,,,,C18,533862946a73608c134d18b78226b6371ce7173c
3895153,1,43,904,1482,00:25:35.655,Ball Receipt*,904,True,unsupported_event_type,False,False,1535.655,196,cbf1d66f-11db-4c8c-a371-d24a808cc2e4,False,False,False,not_leverkusen_pass_carry,,,116.3,25.0,,,,,,,,,,172.27499999999986,Alejandro Grimaldo García,Bayer Leverkusen,,,linked_360_unsupported_semantics,2.0519999999999072,,,,,,,,,C18,533862946a73608c134d18b78226b6371ce7173c
3895153,1,43,904,1483,00:25:35.655,Pass,904,True,validated_core_event_team_scope,True,False,1535.655,197,594ef9ac-4409-4cd9-b838-e4678ecf36cf,True,True,True,safe_validated_frame_vector,117.0,25.7,117.0,25.7,114.0,35.4,117.0,25.7,114.0,35.4,-3.0,9.7,10.15332457867865,172.27499999999986,Alejandro Grimaldo García,Bayer Leverkusen,pass.outcome:Incomplete,,validated_spatial_anchor,0.0,117.0,3.0,,,negative_0032,1.0,nonpositive_0029,1.0,C18,533862946a73608c134d18b78226b6371ce7173c
3895153,1,43,904,1484,00:25:36.428,Ball Receipt*,904,True,unsupported_event_type,False,False,1536.428,198,33adc864-28a1-4f2e-beee-8bcdcf5d9f53,False,False,False,not_leverkusen_pass_carry,,,111.8,35.4,,,,,,,,,,173.048,Victor Okoh Boniface,Bayer Leverkusen,ball_receipt.outcome:Incomplete,,linked_360_unsupported_semantics,0.7730000000001382,,,,,,,,,C18,533862946a73608c134d18b78226b6371ce7173c
3895153,1,43,904,1485,00:25:36.428,Clearance,176,True,unsupported_event_type,False,False,1536.428,199,a3f388ef-c9c0-42f6-a88e-b78d25f6200d,False,False,False,not_leverkusen_pass_carry,,,6.1,44.7,,,,,,,,,,173.048,Marco Friedl,Werder Bremen,type:Clearance;out:true,,linked_360_unsupported_semantics,0.0,,,,,,,,,C18,533862946a73608c134d18b78226b6371ce7173c
3895052,1,6,904,96,00:01:52.588,Pass,904,True,validated_core_event_team_scope,True,False,112.588,0,6aa04e2b-f226-4e4c-84a1-6438d188c9a6,True,True,True,safe_validated_frame_vector,94.4,61.6,94.4,61.6,98.0,45.7,94.4,61.6,98.0,45.7,3.5999999999999943,-15.9,16.302453803032225,0.0,Exequiel Alejandro Palacios,Bayer Leverkusen,pass.type:Recovery,,validated_spatial_anchor,,98.0,0.0,positive_0001,1.0,,,,,C19,533862946a73608c134d18b78226b6371ce7173c
3895052,1,6,904,97,00:01:53.452,Ball Receipt*,904,True,unsupported_event_type,False,False,113.452,1,c7d7a1e8-0f1a-4674-8818-e29ff292795b,False,False,False,not_leverkusen_pass_carry,,,98.0,45.7,,,,,,,,,,0.8640000000000043,Florian Wirtz,Bayer Leverkusen,,,linked_360_unsupported_semantics,0.8640000000000043,,,,,,,,,C19,533862946a73608c134d18b78226b6371ce7173c
3895052,1,6,904,98,00:01:53.452,Pass,904,True,validated_core_event_team_scope,True,False,113.452,2,97d8e43c-7f14-4447-ae06-290765162250,True,True,True,safe_validated_frame_vector,99.0,45.7,99.0,45.7,99.2,52.5,99.0,45.7,99.2,52.5,0.2000000000000028,6.799999999999997,6.802940540677977,0.8640000000000043,Florian Wirtz,Bayer Leverkusen,,,validated_spatial_anchor,0.0,99.2,0.0,positive_0001,2.0,,,,,C19,533862946a73608c134d18b78226b6371ce7173c
3895052,1,6,904,99,00:01:53.979,Ball Receipt*,904,True,unsupported_event_type,False,False,113.979,3,c8ff62dc-59ef-4080-baee-5f6217dbc1bb,False,False,False,not_leverkusen_pass_carry,,,99.2,52.5,,,,,,,,,,1.3910000000000051,Granit Xhaka,Bayer Leverkusen,,,linked_360_unsupported_semantics,0.527000000000001,,,,,,,,,C19,533862946a73608c134d18b78226b6371ce7173c
3895052,1,6,904,100,00:01:53.979,Carry,904,True,validated_core_event_team_scope,True,False,113.979,4,b248d17d-7408-44b7-80ac-950b87e98a57,True,True,True,safe_validated_frame_vector,99.2,52.5,99.2,52.5,100.0,52.5,99.2,52.5,100.0,52.5,0.7999999999999972,0.0,0.7999999999999972,1.3910000000000051,Granit Xhaka,Bayer Leverkusen,,,validated_spatial_anchor,0.0,100.0,0.0,positive_0001,3.0,,,,,C19,533862946a73608c134d18b78226b6371ce7173c
3895052,1,6,904,101,00:01:54.004,Pass,904,True,validated_core_event_team_scope,True,False,114.004,5,ed61d850-a665-4e5e-a9b4-fa4860cd73a9,True,True,True,safe_validated_frame_vector,100.0,52.5,100.0,52.5,99.4,46.1,100.0,52.5,99.4,46.1,-0.5999999999999943,-6.399999999999999,6.4280634719952765,1.416000000000011,Granit Xhaka,Bayer Leverkusen,,,validated_spatial_anchor,0.0250000000000056,100.0,0.5999999999999943,,,negative_0001,1.0,nonpositive_0001,1.0,C19,533862946a73608c134d18b78226b6371ce7173c
3895052,1,6,904,102,00:01:54.511,Ball Receipt*,904,True,unsupported_event_type,False,False,114.511,6,c9f142b4-0f18-423c-9272-741f44713316,False,False,False,not_leverkusen_pass_carry,,,99.4,46.1,,,,,,,,,,1.9230000000000016,Florian Wirtz,Bayer Leverkusen,,,linked_360_unsupported_semantics,0.5069999999999908,,,,,,,,,C19,533862946a73608c134d18b78226b6371ce7173c
3895052,1,6,904,103,00:01:54.511,Carry,904,True,validated_core_event_team_scope,True,False,114.511,7,be1bdcf2-142d-411b-ba28-d6c2499bbd28,True,True,True,safe_validated_frame_vector,99.4,46.1,99.4,46.1,98.8,46.1,99.4,46.1,98.8,46.1,-0.6000000000000085,0.0,0.6000000000000085,1.9230000000000016,Florian Wirtz,Bayer Leverkusen,,,validated_spatial_anchor,0.0,100.0,1.2000000000000028,,,negative_0001,2.0,nonpositive_0001,2.0,C19,533862946a73608c134d18b78226b6371ce7173c
3895052,1,6,904,104,00:01:54.551,Miscontrol,904,True,unsupported_event_type,False,False,114.551,8,b45e1a89-6f3c-4d8f-ad6c-9deb82845628,False,False,False,not_leverkusen_pass_carry,,,98.8,46.1,,,,,,,,,,1.963000000000008,Florian Wirtz,Bayer Leverkusen,type:Miscontrol,,linked_360_unsupported_semantics,0.0400000000000062,,,,,,,,,C19,533862946a73608c134d18b78226b6371ce7173c
3895052,1,6,904,105,00:01:54.994,Pressure,904,True,validated_core_event_team_scope,True,False,114.994,9,db789b2b-870f-4716-b452-e54958307050,False,False,False,not_leverkusen_pass_carry,101.0,42.7,101.0,42.7,,,,,,,,,,2.406000000000006,Florian Wirtz,Bayer Leverkusen,,,validated_spatial_anchor,0.4429999999999978,,,,,,,,,C19,533862946a73608c134d18b78226b6371ce7173c
3895052,1,6,904,106,00:01:55.087,Ball Recovery,182,True,unsupported_event_type,False,False,115.087,10,0e3ede14-3ebc-41c2-a975-1d49d5de4bb2,False,False,False,not_leverkusen_pass_carry,,,21.6,31.4,,,,,,,,,,2.499000000000009,Xavi Simons,RB Leipzig,type:Ball Recovery,,linked_360_unsupported_semantics,0.0930000000000035,,,,,,,,,C19,533862946a73608c134d18b78226b6371ce7173c
3895052,1,6,904,107,00:01:55.087,Carry,182,True,validated_core_event_team_scope,True,False,115.087,11,0e7d8edf-fcfa-4072-b346-cbca8880cbc6,False,False,False,not_leverkusen_pass_carry,98.4,48.6,21.6,31.4,,,,,,,,,,2.499000000000009,Xavi Simons,RB Leipzig,,,validated_spatial_anchor,0.0,,,,,,,,,C19,533862946a73608c134d18b78226b6371ce7173c
3895052,1,6,904,108,00:01:55.758,Miscontrol,182,True,unsupported_event_type,False,False,115.758,12,f10a1738-f05c-41c3-bb31-199f77d1efe5,False,False,False,not_leverkusen_pass_carry,,,20.8,38.5,,,,,,,,,,3.1700000000000017,Xavi Simons,RB Leipzig,type:Miscontrol,,linked_360_unsupported_semantics,0.6709999999999923,,,,,,,,,C19,533862946a73608c134d18b78226b6371ce7173c
3895052,1,6,904,109,00:01:56.974,Ball Recovery,904,True,unsupported_event_type,False,False,116.974,13,ba8994b3-43e5-4898-9f47-3d747cc8a03e,False,False,False,not_leverkusen_pass_carry,,,92.5,35.0,,,,,,,,,,4.38600000000001,Granit Xhaka,Bayer Leverkusen,type:Ball Recovery,,linked_360_unsupported_semantics,1.2160000000000082,,,,,,,,,C19,533862946a73608c134d18b78226b6371ce7173c
3895052,1,6,904,110,00:01:56.974,Carry,904,True,validated_core_event_team_scope,True,False,116.974,14,53f544f0-0701-4acc-8950-50e2edc7b679,True,True,True,safe_validated_frame_vector,92.5,35.0,92.5,35.0,92.2,27.1,92.5,35.0,92.2,27.1,-0.2999999999999971,-7.899999999999999,7.905694150420946,4.38600000000001,Granit Xhaka,Bayer Leverkusen,,,validated_spatial_anchor,0.0,100.0,7.799999999999997,,,negative_0001,3.0,nonpositive_0001,3.0,C19,533862946a73608c134d18b78226b6371ce7173c
3895052,1,6,904,111,00:01:59.403,Shot,904,True,validated_core_event_team_scope,True,True,119.403,15,2fa0470b-b096-4e0f-8f7e-5c3bdc27abbd,False,False,False,not_leverkusen_pass_carry,92.2,27.1,92.2,27.1,,,,,,,,,,6.815000000000012,Granit Xhaka,Bayer Leverkusen,type:Shot,,validated_spatial_anchor,2.429000000000002,,,,,,,,,C19,533862946a73608c134d18b78226b6371ce7173c
3895052,1,9,904,118,00:02:17.739,Pass,904,True,validated_core_event_team_scope,True,False,137.739,0,8861d98d-8203-4cf2-a8cd-292630b66f01,True,True,True,safe_validated_frame_vector,80.7,68.0,80.7,68.0,92.2,63.8,80.7,68.0,92.2,63.8,11.5,-4.200000000000003,12.242957159118054,0.0,Exequiel Alejandro Palacios,Bayer Leverkusen,pass.type:Recovery,,validated_spatial_anchor,,92.2,0.0,positive_0002,1.0,,,,,C20,533862946a73608c134d18b78226b6371ce7173c
3895052,1,9,904,119,00:02:18.510,Ball Receipt*,904,True,unsupported_event_type,False,False,138.51,1,5e363256-e968-42b8-b91a-ff98b9978997,False,False,False,not_leverkusen_pass_carry,,,92.2,63.8,,,,,,,,,,0.7709999999999866,Jonas Hofmann,Bayer Leverkusen,,,linked_360_unsupported_semantics,0.7709999999999866,,,,,,,,,C20,533862946a73608c134d18b78226b6371ce7173c
3895052,1,9,904,120,00:02:18.510,Pass,904,True,validated_core_event_team_scope,True,False,138.51,2,ceca0c62-9a68-4003-a66f-6408d2996153,True,True,True,safe_validated_frame_vector,92.4,64.4,92.4,64.4,92.4,72.8,92.4,64.4,92.4,72.8,0.0,8.399999999999991,8.399999999999991,0.7709999999999866,Jonas Hofmann,Bayer Leverkusen,,,validated_spatial_anchor,0.0,92.4,0.0,,,,,,,C20,533862946a73608c134d18b78226b6371ce7173c
3895052,1,9,904,121,00:02:19.334,Ball Receipt*,904,True,unsupported_event_type,False,False,139.334,3,2e82cdf4-082a-4d1e-9590-c48cd417ba08,False,False,False,not_leverkusen_pass_carry,,,92.4,72.8,,,,,,,,,,1.5949999999999989,Jeremie Frimpong,Bayer Leverkusen,,,linked_360_unsupported_semantics,0.8240000000000123,,,,,,,,,C20,533862946a73608c134d18b78226b6371ce7173c
3895052,1,9,904,122,00:02:19.334,Carry,904,True,validated_core_event_team_scope,True,False,139.334,4,6bc4c8b2-62da-473a-b751-2a43ebdc54fb,True,True,True,safe_validated_frame_vector,92.4,72.8,92.4,72.8,106.2,72.2,92.4,72.8,106.2,72.2,13.799999999999995,-0.5999999999999943,13.813037319865602,1.5949999999999989,Jeremie Frimpong,Bayer Leverkusen,,,validated_spatial_anchor,0.0,106.2,0.0,positive_0003,1.0,,,,,C20,533862946a73608c134d18b78226b6371ce7173c
3895052,1,9,904,123,00:02:19.506,Pressure,182,True,validated_core_event_team_scope,True,False,139.506,5,4522c929-1571-459e-b17b-c2ab5a6247a2,False,False,False,not_leverkusen_pass_carry,93.3,71.3,26.7,8.7,,,,,,,,,,1.766999999999996,David Raum,RB Leipzig,counterpress:true,,validated_spatial_anchor,0.171999999999997,,,,,,,,,C20,533862946a73608c134d18b78226b6371ce7173c
3895052,1,9,904,124,00:02:21.009,Pass,904,True,validated_core_event_team_scope,True,False,141.009,6,06d8c140-613c-415f-897a-9ff64cf3c9e4,True,True,True,safe_validated_frame_vector,106.2,72.2,106.2,72.2,114.9,38.7,106.2,72.2,114.9,38.7,8.700000000000003,-33.5,34.61126984090587,3.269999999999982,Jeremie Frimpong,Bayer Leverkusen,pass.outcome:Incomplete,,validated_spatial_anchor,1.502999999999986,114.9,0.0,positive_0003,2.0,,,,,C20,533862946a73608c134d18b78226b6371ce7173c
3895052,1,9,904,125,00:02:23.084,Ball Receipt*,904,True,unsupported_event_type,False,False,143.084,7,a10f0ac6-c79a-4bb1-b6a3-6a425336db0b,False,False,False,not_leverkusen_pass_carry,,,113.3,39.3,,,,,,,,,,5.344999999999999,Victor Okoh Boniface,Bayer Leverkusen,ball_receipt.outcome:Incomplete,,linked_360_unsupported_semantics,2.075000000000017,,,,,,,,,C20,533862946a73608c134d18b78226b6371ce7173c
3895052,1,9,904,126,00:02:23.084,Goal Keeper,182,True,unsupported_event_type,False,False,143.084,8,e513158e-b9e9-40d0-a11f-a77b226a2fdf,False,False,False,not_leverkusen_pass_carry,,,5.2,41.4,,,,,,,,,,5.344999999999999,Janis Blaswich,RB Leipzig,,,linked_360_unsupported_semantics,0.0,,,,,,,,,C20,533862946a73608c134d18b78226b6371ce7173c
3895052,1,9,904,127,00:02:25.067,Pass,904,True,validated_core_event_team_scope,True,False,145.067,9,61823ed4-1479-4890-b776-23c242285441,True,True,True,safe_validated_frame_vector,93.2,61.4,93.2,61.4,98.0,67.2,93.2,61.4,98.0,67.2,4.799999999999997,5.800000000000004,7.528612089887486,7.328000000000003,Exequiel Alejandro Palacios,Bayer Leverkusen,pass.outcome:Incomplete;pass.type:Recovery,,validated_spatial_anchor,1.983000000000004,114.9,16.900000000000006,positive_0003,3.0,,,,,C20,533862946a73608c134d18b78226b6371ce7173c
3895052,1,9,904,128,00:02:26.455,Ball Receipt*,904,True,unsupported_event_type,False,False,146.455,10,df1c3c1b-e9a2-4e50-a24b-0789cd2a61bd,False,False,False,not_leverkusen_pass_carry,,,98.0,67.6,,,,,,,,,,8.716000000000008,Jonas Hofmann,Bayer Leverkusen,ball_receipt.outcome:Incomplete,,linked_360_unsupported_semantics,1.3880000000000052,,,,,,,,,C20,533862946a73608c134d18b78226b6371ce7173c
3895052,1,9,904,129,00:02:26.455,Duel,904,True,unsupported_event_type,False,False,146.455,11,16f50eaa-bf9a-435a-869e-b4b94d90aef3,False,False,False,not_leverkusen_pass_carry,,,98.0,67.2,,,,,,,,,,8.716000000000008,Jonas Hofmann,Bayer Leverkusen,type:Duel,,linked_360_unsupported_semantics,0.0,,,,,,,,,C20,533862946a73608c134d18b78226b6371ce7173c
3895052,1,9,904,130,00:02:26.455,Clearance,182,True,unsupported_event_type,False,False,146.455,12,5bc87cbd-db36-4bd5-a4d7-c07ed5435238,False,False,False,not_leverkusen_pass_carry,,,22.1,12.9,,,,,,,,,,8.716000000000008,Daniel Olmo Carvajal,RB Leipzig,type:Clearance,,linked_360_unsupported_semantics,0.0,,,,,,,,,C20,533862946a73608c134d18b78226b6371ce7173c
3895052,1,15,904,256,00:04:58.409,Pass,904,True,validated_core_event_team_scope,True,False,298.409,0,97862e41-8162-462d-966c-20907bac6716,True,True,True,safe_validated_frame_vector,57.8,65.6,57.8,65.6,63.1,72.6,57.8,65.6,63.1,72.6,5.300000000000004,7.0,8.78009111570034,0.0,Exequiel Alejandro Palacios,Bayer Leverkusen,counterpress:true;pass.type:Interception,,validated_spatial_anchor,,63.1,0.0,positive_0010,1.0,,,,,C21,533862946a73608c134d18b78226b6371ce7173c
3895052,1,15,904,257,00:04:59.656,Ball Receipt*,904,True,unsupported_event_type,False,False,299.656,1,2134c16a-89a6-4c8f-bcc3-95339ff6ee8c,False,False,False,not_leverkusen_pass_carry,,,63.1,72.6,,,,,,,,,,1.247000000000014,Jeremie Frimpong,Bayer Leverkusen,,,linked_360_unsupported_semantics,1.247000000000014,,,,,,,,,C21,533862946a73608c134d18b78226b6371ce7173c
3895052,1,15,904,258,00:04:59.656,Carry,904,True,validated_core_event_team_scope,True,False,299.656,2,7cd7ca7c-1a6f-4462-a3d7-807dee884e86,True,True,True,safe_validated_frame_vector,63.1,72.6,63.1,72.6,64.7,75.0,63.1,72.6,64.7,75.0,1.6000000000000014,2.4000000000000057,2.884441020371197,1.247000000000014,Jeremie Frimpong,Bayer Leverkusen,,,validated_spatial_anchor,0.0,64.7,0.0,positive_0010,2.0,,,,,C21,533862946a73608c134d18b78226b6371ce7173c
3895052,1,15,904,259,00:05:01.313,Pass,904,True,validated_core_event_team_scope,True,False,301.313,3,7de44808-f2d7-4e70-867e-3e80d4d3ac44,True,True,True,safe_validated_frame_vector,64.7,75.0,64.7,75.0,69.1,64.0,64.7,75.0,69.1,64.0,4.399999999999992,-11.0,11.847362575695906,2.9039999999999964,Jeremie Frimpong,Bayer Leverkusen,,,validated_spatial_anchor,1.6569999999999825,69.1,0.0,positive_0010,3.0,,,,,C21,533862946a73608c134d18b78226b6371ce7173c
3895052,1,15,904,260,00:05:02.162,Ball Receipt*,904,True,unsupported_event_type,False,False,302.162,4,83eea9c1-06df-47e7-8331-e4ea00bcd5b7,False,False,False,not_leverkusen_pass_carry,,,69.1,64.0,,,,,,,,,,3.752999999999986,Jonas Hofmann,Bayer Leverkusen,,,linked_360_unsupported_semantics,0.8489999999999895,,,,,,,,,C21,533862946a73608c134d18b78226b6371ce7173c
3895052,1,15,904,261,00:05:02.162,Pass,904,True,validated_core_event_team_scope,True,False,302.162,5,cabe7a89-5bbb-4aff-b7e9-04be4291461c,True,True,True,safe_validated_frame_vector,69.5,64.2,69.5,64.2,62.9,64.4,69.5,64.2,62.9,64.4,-6.600000000000001,0.2000000000000028,6.603029607687672,3.752999999999986,Jonas Hofmann,Bayer Leverkusen,,,validated_spatial_anchor,0.0,69.5,6.600000000000001,,,negative_0007,1.0,nonpositive_0007,1.0,C21,533862946a73608c134d18b78226b6371ce7173c
3895052,1,15,904,262,00:05:02.615,Ball Receipt*,904,True,unsupported_event_type,False,False,302.615,6,db033c3c-c5f2-4c87-b560-27eb9759a6a2,False,False,False,not_leverkusen_pass_carry,,,62.9,64.4,,,,,,,,,,4.206000000000017,Exequiel Alejandro Palacios,Bayer Leverkusen,,,linked_360_unsupported_semantics,0.4530000000000314,,,,,,,,,C21,533862946a73608c134d18b78226b6371ce7173c
3895052,1,15,904,263,00:05:02.615,Pass,904,True,validated_core_event_team_scope,True,False,302.615,7,f9d09c0a-2818-4faf-ba9d-4b0bec1414bc,True,True,True,safe_validated_frame_vector,62.9,64.8,62.9,64.8,83.5,80.0,62.9,64.8,83.5,80.0,20.6,15.200000000000005,25.600781238079435,4.206000000000017,Exequiel Alejandro Palacios,Bayer Leverkusen,pass.outcome:Out,,validated_spatial_anchor,0.0,83.5,0.0,positive_0011,1.0,,,,,C21,533862946a73608c134d18b78226b6371ce7173c
3895052,1,15,904,264,00:05:04.498,Ball Receipt*,904,False,no_360_frame,False,False,304.498,8,9b5cf4b2-0c74-43f0-b877-34990738da3e,False,False,False,not_leverkusen_pass_carry,,,78.5,77.1,,,,,,,,,,6.088999999999999,Jeremie Frimpong,Bayer Leverkusen,ball_receipt.outcome:Incomplete,,no_360_frame,1.8829999999999811,,,,,,,,,C21,533862946a73608c134d18b78226b6371ce7173c
3895052,1,19,904,407,00:07:24.168,Pass,904,False,no_360_frame,False,False,444.168,0,a56a5487-a30d-4bce-9d39-e18176eac0c3,False,True,True,unsupported_or_unlinked_frame,,,6.0,36.0,6.8,45.9,,,,,,,,0.0,Lukáš Hrádecký,Bayer Leverkusen,pass.type:Goal Kick,Goal Kick,no_360_frame,,,,,,,,,,C22,533862946a73608c134d18b78226b6371ce7173c
3895052,1,19,904,408,00:07:25.008,Ball Receipt*,904,True,unsupported_event_type,False,False,445.008,1,67b6eee6-1a6c-414b-859e-e9552b97162f,False,False,False,not_leverkusen_pass_carry,,,6.8,45.9,,,,,,,,,,0.839999999999975,Jonathan Tah,Bayer Leverkusen,,,linked_360_unsupported_semantics,0.839999999999975,,,,,,,,,C22,533862946a73608c134d18b78226b6371ce7173c
3895052,1,19,904,409,00:07:25.734,Pressure,182,True,validated_core_event_team_scope,True,False,445.734,2,f794a632-b01a-468d-86e1-d5a33b3b317e,False,False,False,not_leverkusen_pass_carry,12.299999999999995,49.8,107.7,30.2,,,,,,,,,,1.565999999999974,Timo Werner,RB Leipzig,,,validated_spatial_anchor,0.7259999999999991,,,,,,,,,C22,533862946a73608c134d18b78226b6371ce7173c
3895052,1,19,904,410,00:07:26.109,Pass,904,True,validated_core_event_team_scope,True,False,446.109,3,9e50d3ef-cdb2-497b-818f-60a89ee23984,True,True,True,safe_validated_frame_vector,8.4,47.7,8.4,47.7,14.8,67.4,8.4,47.7,14.8,67.4,6.4,19.700000000000003,20.713522153414665,1.940999999999974,Jonathan Tah,Bayer Leverkusen,,,validated_spatial_anchor,0.375,14.8,0.0,positive_0023,1.0,,,,,C22,533862946a73608c134d18b78226b6371ce7173c
3895052,1,19,904,411,00:07:27.336,Ball Receipt*,904,True,unsupported_event_type,False,False,447.336,4,7adad092-34df-4101-9529-7d1dd104ad7f,False,False,False,not_leverkusen_pass_carry,,,14.8,67.4,,,,,,,,,,3.1680000000000064,Odilon Kossonou,Bayer Leverkusen,,,linked_360_unsupported_semantics,1.2270000000000325,,,,,,,,,C22,533862946a73608c134d18b78226b6371ce7173c
3895052,1,19,904,412,00:07:27.336,Carry,904,True,validated_core_event_team_scope,True,False,447.336,5,cddefb72-3ac3-4f11-8ad2-5963d94d80ea,True,True,True,safe_validated_frame_vector,14.8,67.4,14.8,67.4,66.5,66.0,14.8,67.4,66.5,66.0,51.7,-1.4000000000000057,51.718952038880296,3.1680000000000064,Odilon Kossonou,Bayer Leverkusen,,,validated_spatial_anchor,0.0,66.5,0.0,positive_0023,2.0,,,,,C22,533862946a73608c134d18b78226b6371ce7173c
3895052,1,19,904,413,00:07:32.894,Pressure,182,False,no_360_frame,False,False,452.894,6,cdb30149-43dd-46d2-92c4-3dc2397ef658,False,False,False,not_leverkusen_pass_carry,,,58.0,10.9,,,,,,,,,,8.725999999999999,Daniel Olmo Carvajal,RB Leipzig,,,no_360_frame,5.557999999999993,,,,,,,,,C22,533862946a73608c134d18b78226b6371ce7173c
3895052,1,19,904,414,00:07:33.846,Pass,904,False,no_360_frame,False,False,453.846,7,c3f11a7d-9340-497b-b55d-694fa591352f,False,True,True,unsupported_or_unlinked_frame,,,66.5,66.0,70.1,74.6,,,,,,,,9.677999999999995,Odilon Kossonou,Bayer Leverkusen,,,no_360_frame,0.9519999999999982,,,,,,,,,C22,533862946a73608c134d18b78226b6371ce7173c
3895052,1,19,904,415,00:07:34.645,Ball Receipt*,904,True,unsupported_event_type,False,False,454.645,8,dd4a183d-6153-4d52-8dbf-9478194bba81,False,False,False,not_leverkusen_pass_carry,,,70.1,74.6,,,,,,,,,,10.476999999999975,Jeremie Frimpong,Bayer Leverkusen,,,linked_360_unsupported_semantics,0.7989999999999782,,,,,,,,,C22,533862946a73608c134d18b78226b6371ce7173c
3895052,1,19,904,416,00:07:34.645,Carry,904,True,validated_core_event_team_scope,True,False,454.645,9,f2ededc6-6bc7-4ec7-b0e9-c711011e1672,True,True,True,safe_validated_frame_vector,70.1,74.6,70.1,74.6,70.1,74.8,70.1,74.6,70.1,74.8,0.0,0.2000000000000028,0.2000000000000028,10.476999999999975,Jeremie Frimpong,Bayer Leverkusen,,,validated_spatial_anchor,0.0,70.1,0.0,,,,,,,C22,533862946a73608c134d18b78226b6371ce7173c
3895052,1,19,904,417,00:07:35.309,Pass,904,True,validated_core_event_team_scope,True,False,455.309,10,4da864ef-2e5e-4a17-857e-dff8921feadf,True,True,True,safe_validated_frame_vector,70.1,74.8,70.1,74.8,70.5,64.0,70.1,74.8,70.5,64.0,0.4000000000000057,-10.799999999999995,10.807404868885037,11.14100000000002,Jeremie Frimpong,Bayer Leverkusen,,,validated_spatial_anchor,0.6640000000000441,70.5,0.0,positive_0024,1.0,,,,,C22,533862946a73608c134d18b78226b6371ce7173c
3895052,1,19,904,418,00:07:35.993,Pressure,182,True,validated_core_event_team_scope,True,False,455.993,11,4b618b31-6291-411b-b4c1-4aee61c4f5fa,False,False,False,not_leverkusen_pass_carry,72.2,67.3,47.8,12.7,,,,,,,,,,11.824999999999989,Xaver Schlager,RB Leipzig,,,validated_spatial_anchor,0.6839999999999691,,,,,,,,,C22,533862946a73608c134d18b78226b6371ce7173c
3895052,1,19,904,419,00:07:36.087,Ball Receipt*,904,True,unsupported_event_type,False,False,456.087,12,b337407f-efd0-435a-94a6-83a6c2bb3954,False,False,False,not_leverkusen_pass_carry,,,70.5,64.0,,,,,,,,,,11.918999999999984,Odilon Kossonou,Bayer Leverkusen,,,linked_360_unsupported_semantics,0.093999999999994,,,,,,,,,C22,533862946a73608c134d18b78226b6371ce7173c
3895052,1,19,904,420,00:07:36.087,Pass,904,True,validated_core_event_team_scope,True,False,456.087,13,b56165c6-a538-4491-a5aa-b4fae53fbbd9,True,True,True,safe_validated_frame_vector,70.5,64.0,70.5,64.0,63.5,67.6,70.5,64.0,63.5,67.6,-7.0,3.5999999999999943,7.871467461661768,11.918999999999984,Odilon Kossonou,Bayer Leverkusen,,,validated_spatial_anchor,0.0,70.5,7.0,,,negative_0018,1.0,nonpositive_0018,1.0,C22,533862946a73608c134d18b78226b6371ce7173c
3895052,1,19,904,421,00:07:37.592,Ball Receipt*,904,True,unsupported_event_type,False,False,457.592,14,2d15aee8-4df9-4656-af9c-720bf6dfc649,False,False,False,not_leverkusen_pass_carry,,,63.5,67.6,,,,,,,,,,13.423999999999978,Jonas Hofmann,Bayer Leverkusen,,,linked_360_unsupported_semantics,1.5049999999999957,,,,,,,,,C22,533862946a73608c134d18b78226b6371ce7173c
3895052,1,19,904,422,00:07:37.592,Carry,904,True,validated_core_event_team_scope,True,False,457.592,15,62649c3a-5540-4243-8052-9ae849db85f5,True,True,True,safe_validated_frame_vector,63.5,67.6,63.5,67.6,63.7,68.6,63.5,67.6,63.7,68.6,0.2000000000000028,1.0,1.0198039027185577,13.423999999999978,Jonas Hofmann,Bayer Leverkusen,,,validated_spatial_anchor,0.0,70.5,6.799999999999997,positive_0025,1.0,,,,,C22,533862946a73608c134d18b78226b6371ce7173c
3895052,1,19,904,423,00:07:38.733,Pass,904,False,no_360_frame,False,False,458.733,16,4a08e193-2786-43e0-9ffe-56c78618f834,False,True,True,unsupported_or_unlinked_frame,,,63.7,68.6,48.2,61.0,,,,,,,,14.564999999999998,Jonas Hofmann,Bayer Leverkusen,,,no_360_frame,1.1410000000000196,,,,,,,,,C22,533862946a73608c134d18b78226b6371ce7173c
3895052,1,19,904,424,00:07:40.427,Ball Receipt*,904,True,unsupported_event_type,False,False,460.427,17,b733fd23-9b01-495b-8bb0-7d1ecd1f931c,False,False,False,not_leverkusen_pass_carry,,,48.2,61.0,,,,,,,,,,16.259000000000015,Jonathan Tah,Bayer Leverkusen,,,linked_360_unsupported_semantics,1.6940000000000168,,,,,,,,,C22,533862946a73608c134d18b78226b6371ce7173c
3895052,1,19,904,425,00:07:40.427,Pass,904,True,validated_core_event_team_scope,True,False,460.427,18,4c8b961c-84f8-4d34-8a2b-761b7a844729,True,True,True,safe_validated_frame_vector,48.8,59.2,48.8,59.2,49.6,34.9,48.8,59.2,49.6,34.9,0.8000000000000043,-24.300000000000004,24.313165157996195,16.259000000000015,Jonathan Tah,Bayer Leverkusen,,,validated_spatial_anchor,0.0,70.5,20.9,positive_0025,2.0,,,,,C22,533862946a73608c134d18b78226b6371ce7173c
3895052,1,19,904,426,00:07:41.933,Ball Receipt*,904,True,unsupported_event_type,False,False,461.933,19,425142a0-9e3d-4c06-bc82-c5251ab9110b,False,False,False,not_leverkusen_pass_carry,,,49.6,34.9,,,,,,,,,,17.764999999999986,Edmond Fayçal Tapsoba,Bayer Leverkusen,,,linked_360_unsupported_semantics,1.5059999999999718,,,,,,,,,C22,533862946a73608c134d18b78226b6371ce7173c
3895052,1,19,904,427,00:07:41.933,Carry,904,True,validated_core_event_team_scope,True,False,461.933,20,7c0caa0a-62f0-4167-9cae-d99bbd90617c,True,True,True,safe_validated_frame_vector,49.6,34.9,49.6,34.9,62.3,21.6,49.6,34.9,62.3,21.6,12.699999999999996,-13.299999999999995,18.389671013914302,17.764999999999986,Edmond Fayçal Tapsoba,Bayer Leverkusen,,,validated_spatial_anchor,0.0,70.5,8.200000000000003,positive_0025,3.0,,,,,C22,533862946a73608c134d18b78226b6371ce7173c
3895052,1,19,904,428,00:07:44.280,Pass,904,True,validated_core_event_team_scope,True,False,464.28,21,b61ef879-a5f5-4c92-bd8f-b8e2ad5a36bf,True,True,True,safe_validated_frame_vector,62.3,21.6,62.3,21.6,85.2,20.4,62.3,21.6,85.2,20.4,22.90000000000001,-1.2000000000000028,22.931419493786255,20.111999999999966,Edmond Fayçal Tapsoba,Bayer Leverkusen,,,validated_spatial_anchor,2.34699999999998,85.2,0.0,positive_0025,4.0,,,,,C22,533862946a73608c134d18b78226b6371ce7173c
3895052,1,19,904,429,00:07:45.254,Ball Receipt*,904,True,unsupported_event_type,False,False,465.254,22,c449a2d1-d78f-4f78-8ab2-c382e1ff6859,False,False,False,not_leverkusen_pass_carry,,,85.2,20.4,,,,,,,,,,21.086000000000013,Alejandro Grimaldo García,Bayer Leverkusen,,,linked_360_unsupported_semantics,0.9740000000000464,,,,,,,,,C22,533862946a73608c134d18b78226b6371ce7173c
3895052,1,19,904,430,00:07:45.254,Carry,904,True,validated_core_event_team_scope,True,False,465.254,23,3551b7d1-4569-4b22-90e3-c6d14cacf651,True,True,True,safe_validated_frame_vector,85.2,20.4,85.2,20.4,90.2,25.8,85.2,20.4,90.2,25.8,5.0,5.400000000000002,7.359347797189641,21.086000000000013,Alejandro Grimaldo García,Bayer Leverkusen,,,validated_spatial_anchor,0.0,90.2,0.0,positive_0025,5.0,,,,,C22,533862946a73608c134d18b78226b6371ce7173c
3895052,1,19,904,431,00:07:46.597,Dribbled Past,182,True,unsupported_event_type,False,False,466.597,24,a43c9bfe-f0d8-48d5-b593-c35fbbaa8d07,False,False,False,not_leverkusen_pass_carry,,,29.9,54.3,,,,,,,,,,22.428999999999974,Mohamed Simakan,RB Leipzig,,,linked_360_unsupported_semantics,1.342999999999961,,,,,,,,,C22,533862946a73608c134d18b78226b6371ce7173c
3895052,1,19,904,432,00:07:46.597,Dribble,904,True,unsupported_event_type,False,False,466.597,25,ac957123-6287-4181-9ddf-f91054f88fca,False,False,False,not_leverkusen_pass_carry,,,90.2,25.8,,,,,,,,,,22.428999999999974,Alejandro Grimaldo García,Bayer Leverkusen,,,linked_360_unsupported_semantics,0.0,,,,,,,,,C22,533862946a73608c134d18b78226b6371ce7173c
3895052,1,19,904,433,00:07:46.597,Carry,904,True,validated_core_event_team_scope,True,False,466.597,26,409b6135-4860-4196-a410-db4c43ac388a,True,True,True,safe_validated_frame_vector,90.2,25.8,90.2,25.8,99.8,39.3,90.2,25.8,99.8,39.3,9.599999999999994,13.499999999999996,16.56532523073422,22.428999999999974,Alejandro Grimaldo García,Bayer Leverkusen,,,validated_spatial_anchor,0.0,99.8,0.0,positive_0025,6.0,,,,,C22,533862946a73608c134d18b78226b6371ce7173c
3895052,1,19,904,434,00:07:47.822,Pressure,182,False,no_360_frame,False,False,467.822,27,4c2acb78-bee3-4df6-bbcb-7a2df1dc374a,False,False,False,not_leverkusen_pass_carry,,,19.5,44.4,,,,,,,,,,23.654,Mohamed Simakan,RB Leipzig,,,no_360_frame,1.2250000000000227,,,,,,,,,C22,533862946a73608c134d18b78226b6371ce7173c
3895052,1,19,904,435,00:07:48.195,Pass,904,True,validated_core_event_team_scope,True,False,468.195,28,bba80fb6-c872-411c-a2d2-d1c418948a2e,True,True,True,safe_validated_frame_vector,99.8,39.3,99.8,39.3,107.6,45.9,99.8,39.3,107.6,45.9,7.799999999999997,6.600000000000001,10.21763181955584,24.026999999999987,Alejandro Grimaldo García,Bayer Leverkusen,pass.outcome:Incomplete,,validated_spatial_anchor,0.3729999999999904,107.6,0.0,positive_0025,7.0,,,,,C22,533862946a73608c134d18b78226b6371ce7173c
3895052,1,19,904,436,00:07:48.923,Pressure,904,True,validated_core_event_team_scope,True,False,468.923,29,ce7e48a5-3f4f-4e84-a140-2689cd1f7712,False,False,False,not_leverkusen_pass_carry,107.2,49.5,107.2,49.5,,,,,,,,,,24.754999999999995,Victor Okoh Boniface,Bayer Leverkusen,,,validated_spatial_anchor,0.7280000000000086,,,,,,,,,C22,533862946a73608c134d18b78226b6371ce7173c
3895052,1,19,904,437,00:07:49.125,Ball Receipt*,904,True,unsupported_event_type,False,False,469.125,30,7f21e78e-001c-4e28-b353-a1175416b591,False,False,False,not_leverkusen_pass_carry,,,107.2,47.5,,,,,,,,,,24.956999999999997,Victor Okoh Boniface,Bayer Leverkusen,ball_receipt.outcome:Incomplete,,linked_360_unsupported_semantics,0.2019999999999981,,,,,,,,,C22,533862946a73608c134d18b78226b6371ce7173c
3895052,1,19,904,438,00:07:49.125,Interception,182,True,unsupported_event_type,False,False,469.125,31,df41d240-b258-46b6-9a06-bb7dd255ee20,False,False,False,not_leverkusen_pass_carry,,,12.5,34.2,,,,,,,,,,24.956999999999997,David Raum,RB Leipzig,type:Interception;interception.outcome:Lost In Play,,linked_360_unsupported_semantics,0.0,,,,,,,,,C22,533862946a73608c134d18b78226b6371ce7173c
3895052,1,19,904,439,00:07:50.195,Ball Recovery,904,True,unsupported_event_type,False,False,470.195,32,b28f6401-5433-4435-b1f4-17cf164072f7,False,False,False,not_leverkusen_pass_carry,,,96.4,44.1,,,,,,,,,,26.026999999999987,Jonas Hofmann,Bayer Leverkusen,type:Ball Recovery,,linked_360_unsupported_semantics,1.0699999999999932,,,,,,,,,C22,533862946a73608c134d18b78226b6371ce7173c
3895052,1,19,904,440,00:07:50.275,Shot,904,True,validated_core_event_team_scope,True,True,470.275,33,3fd1b5d6-f4a7-405d-be71-58f35782e15c,False,False,False,not_leverkusen_pass_carry,96.2,44.8,96.2,44.8,,,,,,,,,,26.10699999999997,Jonas Hofmann,Bayer Leverkusen,type:Shot,,validated_spatial_anchor,0.079999999999984,,,,,,,,,C22,533862946a73608c134d18b78226b6371ce7173c
3895052,1,19,904,441,00:07:51.754,Goal Keeper,182,False,no_360_frame,False,False,471.754,34,0e75662f-3fdf-48d0-80d9-e67fcfafc207,False,False,False,not_leverkusen_pass_carry,,,2.8,39.7,,,,,,,,,,27.586000000000013,Janis Blaswich,RB Leipzig,,,no_360_frame,1.4790000000000418,,,,,,,,,C22,533862946a73608c134d18b78226b6371ce7173c
3895052,1,23,904,479,00:09:29.172,Pass,904,False,no_360_frame,False,False,569.172,0,498d3916-efb1-4f24-bf9b-394fcf3fb8aa,False,True,True,unsupported_or_unlinked_frame,,,11.1,34.1,53.7,33.7,,,,,,,,0.0,Lukáš Hrádecký,Bayer Leverkusen,,,no_360_frame,,,,,,,,,,C23,533862946a73608c134d18b78226b6371ce7173c
3895052,1,23,904,480,00:09:31.206,Ball Receipt*,904,True,unsupported_event_type,False,False,571.206,1,e838d752-a46c-4ab6-b347-0f20bebe3fa9,False,False,False,not_leverkusen_pass_carry,,,53.7,33.7,,,,,,,,,,2.033999999999992,Victor Okoh Boniface,Bayer Leverkusen,,,linked_360_unsupported_semantics,2.033999999999992,,,,,,,,,C23,533862946a73608c134d18b78226b6371ce7173c
3895052,1,23,904,481,00:09:31.206,Carry,904,True,validated_core_event_team_scope,True,False,571.206,2,88975cca-31fe-4a50-b622-4fb93865a601,True,True,True,safe_validated_frame_vector,53.7,33.7,53.7,33.7,59.3,24.9,53.7,33.7,59.3,24.9,5.599999999999994,-8.800000000000004,10.430723848324238,2.033999999999992,Victor Okoh Boniface,Bayer Leverkusen,,,validated_spatial_anchor,0.0,59.3,0.0,positive_0026,1.0,,,,,C23,533862946a73608c134d18b78226b6371ce7173c
3895052,1,23,904,482,00:09:32.029,Pressure,182,True,validated_core_event_team_scope,True,False,572.029,3,ab509877-2fc3-4aa9-8158-d1f5ebe8da6d,False,False,False,not_leverkusen_pass_carry,56.4,30.8,63.6,49.2,,,,,,,,,,2.856999999999971,Benjamin Henrichs,RB Leipzig,counterpress:true,,validated_spatial_anchor,0.8229999999999791,,,,,,,,,C23,533862946a73608c134d18b78226b6371ce7173c
3895052,1,23,904,483,00:09:32.674,Pressure,182,True,validated_core_event_team_scope,True,False,572.674,4,943ef8eb-5292-4c53-8072-91c657571f42,False,False,False,not_leverkusen_pass_carry,61.6,21.200000000000003,58.4,58.8,,,,,,,,,,3.5019999999999527,Xavi Simons,RB Leipzig,counterpress:true,,validated_spatial_anchor,0.6449999999999818,,,,,,,,,C23,533862946a73608c134d18b78226b6371ce7173c
3895052,1,23,904,484,00:09:33.105,Dribbled Past,182,True,unsupported_event_type,False,False,573.105,5,fb1a9369-b9d5-4fd7-ac71-aa651f0168e9,False,False,False,not_leverkusen_pass_carry,,,60.8,55.2,,,,,,,,,,3.9329999999999927,Xavi Simons,RB Leipzig,counterpress:true,,linked_360_unsupported_semantics,0.43100000000004,,,,,,,,,C23,533862946a73608c134d18b78226b6371ce7173c
3895052,1,23,904,485,00:09:33.105,Dribble,904,True,unsupported_event_type,False,False,573.105,6,2dda5918-4209-4100-960e-e3edb058d48d,False,False,False,not_leverkusen_pass_carry,,,59.3,24.9,,,,,,,,,,3.9329999999999927,Victor Okoh Boniface,Bayer Leverkusen,,,linked_360_unsupported_semantics,0.0,,,,,,,,,C23,533862946a73608c134d18b78226b6371ce7173c
3895052,1,23,904,486,00:09:33.105,Carry,904,True,validated_core_event_team_scope,True,False,573.105,7,1dae3789-5635-4d14-80fc-efd3c40db3b5,True,True,True,safe_validated_frame_vector,59.3,24.9,59.3,24.9,53.3,16.9,59.3,24.9,53.3,16.9,-6.0,-8.0,10.0,3.9329999999999927,Victor Okoh Boniface,Bayer Leverkusen,,,validated_spatial_anchor,0.0,59.3,6.0,,,negative_0019,1.0,nonpositive_0019,1.0,C23,533862946a73608c134d18b78226b6371ce7173c
3895052,1,23,904,487,00:09:34.643,Ball Recovery,904,True,unsupported_event_type,False,False,574.643,8,8b90acda-680a-4983-88c4-e77ee2e520d2,False,False,False,not_leverkusen_pass_carry,,,53.3,16.9,,,,,,,,,,5.471000000000004,Granit Xhaka,Bayer Leverkusen,type:Ball Recovery,,linked_360_unsupported_semantics,1.538000000000011,,,,,,,,,C23,533862946a73608c134d18b78226b6371ce7173c
3895052,1,23,904,488,00:09:34.643,Carry,904,True,validated_core_event_team_scope,True,False,574.643,9,7199c049-130c-485e-8717-eed79cf6473e,True,True,True,safe_validated_frame_vector,53.3,16.9,53.3,16.9,63.5,12.8,53.3,16.9,63.5,12.8,10.200000000000005,-4.099999999999998,10.993179703798171,5.471000000000004,Granit Xhaka,Bayer Leverkusen,,,validated_spatial_anchor,0.0,63.5,0.0,positive_0027,1.0,,,,,C23,533862946a73608c134d18b78226b6371ce7173c
3895052,1,23,904,489,00:09:37.339,Pass,904,True,validated_core_event_team_scope,True,False,577.339,10,9504210d-0a74-4674-87d1-40e9820a7635,True,True,True,safe_validated_frame_vector,63.5,12.8,63.5,12.8,105.2,33.5,63.5,12.8,105.2,33.5,41.7,20.7,46.55512861114229,8.16700000000003,Granit Xhaka,Bayer Leverkusen,pass.outcome:Incomplete,,validated_spatial_anchor,2.6960000000000264,105.2,0.0,positive_0027,2.0,,,,,C23,533862946a73608c134d18b78226b6371ce7173c
3895052,1,23,904,490,00:09:39.825,Ball Receipt*,904,True,unsupported_event_type,False,False,579.825,11,f00d1a0d-3f91-4487-88ab-397cee279024,False,False,False,not_leverkusen_pass_carry,,,85.8,41.1,,,,,,,,,,10.65300000000002,Jonas Hofmann,Bayer Leverkusen,ball_receipt.outcome:Incomplete,,linked_360_unsupported_semantics,2.48599999999999,,,,,,,,,C23,533862946a73608c134d18b78226b6371ce7173c
3895052,2,92,904,1937,00:00:00.642,Pass,904,True,validated_core_event_team_scope,True,False,0.642,0,3c0bf59b-829b-436f-b606-6fff8a7ca713,True,True,True,safe_validated_frame_vector,61.0,40.1,61.0,40.1,41.2,52.1,61.0,40.1,41.2,52.1,-19.8,12.0,23.152537657889685,0.0,Exequiel Alejandro Palacios,Bayer Leverkusen,pass.type:Kick Off,Kick Off,validated_spatial_anchor,,61.0,19.8,,,negative_0097,1.0,nonpositive_0097,1.0,C24,533862946a73608c134d18b78226b6371ce7173c
3895052,2,92,904,1938,00:00:01.888,Ball Receipt*,904,False,no_360_frame,False,False,1.888,1,a21c1275-a6e2-4ce1-8ca2-75a2942efcda,False,False,False,not_leverkusen_pass_carry,,,41.2,52.1,,,,,,,,,,1.246,Odilon Kossonou,Bayer Leverkusen,,,no_360_frame,1.246,,,,,,,,,C24,533862946a73608c134d18b78226b6371ce7173c
3895052,2,92,904,1939,00:00:01.888,Carry,904,False,no_360_frame,False,False,1.888,2,1d8dd5e7-0901-4b86-9374-91af58b1b25d,False,True,True,unsupported_or_unlinked_frame,,,41.2,52.1,46.8,50.5,,,,,,,,1.246,Odilon Kossonou,Bayer Leverkusen,,,no_360_frame,0.0,,,,,,,,,C24,533862946a73608c134d18b78226b6371ce7173c
3895052,2,92,904,1940,00:00:03.386,Pass,904,True,validated_core_event_team_scope,True,False,3.386,3,c4c6161c-20a9-4fa6-9558-5619d4a09206,True,True,True,safe_validated_frame_vector,46.8,50.5,46.8,50.5,93.2,17.5,46.8,50.5,93.2,17.5,46.400000000000006,-33.0,56.93821212507467,2.744,Odilon Kossonou,Bayer Leverkusen,pass.outcome:Unknown,,validated_spatial_anchor,1.4980000000000002,93.2,0.0,positive_0116,1.0,,,,,C24,533862946a73608c134d18b78226b6371ce7173c
3895052,2,92,904,1941,00:00:06.396,Ball Receipt*,904,True,unsupported_event_type,False,False,6.396,4,e7b84b3b-5eb2-448c-a014-c82269b060db,False,False,False,not_leverkusen_pass_carry,,,93.4,13.7,,,,,,,,,,5.754,Victor Okoh Boniface,Bayer Leverkusen,ball_receipt.outcome:Incomplete,,linked_360_unsupported_semantics,3.01,,,,,,,,,C24,533862946a73608c134d18b78226b6371ce7173c
3895052,2,92,904,1942,00:00:06.582,Foul Committed,904,True,unsupported_event_type,False,False,6.582,5,33178d9d-f37d-4be5-91df-7381bda8e71d,False,False,False,not_leverkusen_pass_carry,,,93.4,15.5,,,,,,,,,,5.94,Victor Okoh Boniface,Bayer Leverkusen,type:Foul Committed;counterpress:true,,linked_360_unsupported_semantics,0.1859999999999999,,,,,,,,,C24,533862946a73608c134d18b78226b6371ce7173c
3895052,2,92,904,1943,00:00:06.582,Foul Won,182,True,unsupported_event_type,False,False,6.582,6,c87c045c-b187-4e03-81cb-562c1d3bad5b,False,False,False,not_leverkusen_pass_carry,,,26.7,64.6,,,,,,,,,,5.94,Benjamin Henrichs,RB Leipzig,type:Foul Won,,linked_360_unsupported_semantics,0.0,,,,,,,,,C24,533862946a73608c134d18b78226b6371ce7173c
3895060,1,64,904,1222,00:31:35.503,Pass,904,False,no_360_frame,False,False,1895.503,0,4fb9c296-0b0e-46e3-89ec-d0dcc7bb24f7,False,True,True,unsupported_or_unlinked_frame,,,45.6,1.3,44.2,7.2,,,,,,,,0.0,Edmond Fayçal Tapsoba,Bayer Leverkusen,pass.type:Free Kick,Free Kick,no_360_frame,,,,,,,,,,C25,533862946a73608c134d18b78226b6371ce7173c
3895060,1,64,904,1223,00:31:36.615,Ball Receipt*,904,True,unsupported_event_type,False,False,1896.615,1,6cb57834-1a61-44d6-83e5-d0bbc32df5af,False,False,False,not_leverkusen_pass_carry,,,44.2,7.2,,,,,,,,,,1.11200000000008,Exequiel Alejandro Palacios,Bayer Leverkusen,,,linked_360_unsupported_semantics,1.11200000000008,,,,,,,,,C25,533862946a73608c134d18b78226b6371ce7173c
3895060,1,64,904,1224,00:31:40.366,Pass,904,True,validated_core_event_team_scope,True,False,1900.366,2,30ff4c94-5b2e-475e-a669-7ac463156812,True,True,True,safe_validated_frame_vector,46.8,25.7,46.8,25.7,49.3,45.0,46.8,25.7,49.3,45.0,2.5,19.3,19.461243536834942,4.863000000000056,Exequiel Alejandro Palacios,Bayer Leverkusen,,,validated_spatial_anchor,3.750999999999976,49.3,0.0,positive_0017,1.0,,,,,C25,533862946a73608c134d18b78226b6371ce7173c
3895060,1,64,904,1225,00:31:41.880,Ball Receipt*,904,True,unsupported_event_type,False,False,1901.88,3,ad9e1016-950f-4f11-86e8-3bf8d530b49d,False,False,False,not_leverkusen_pass_carry,,,49.3,45.0,,,,,,,,,,6.37700000000018,Granit Xhaka,Bayer Leverkusen,,,linked_360_unsupported_semantics,1.5140000000001237,,,,,,,,,C25,533862946a73608c134d18b78226b6371ce7173c
3895060,1,64,904,1226,00:31:41.880,Carry,904,True,validated_core_event_team_scope,True,False,1901.88,4,b7c49118-b922-44a4-8324-dc5aa47f285a,True,True,True,safe_validated_frame_vector,49.3,45.0,49.3,45.0,55.4,52.1,49.3,45.0,55.4,52.1,6.100000000000001,7.100000000000001,9.360555539069251,6.37700000000018,Granit Xhaka,Bayer Leverkusen,,,validated_spatial_anchor,0.0,55.4,0.0,positive_0017,2.0,,,,,C25,533862946a73608c134d18b78226b6371ce7173c
3895060,1,64,904,1227,00:31:45.721,Pass,904,True,validated_core_event_team_scope,True,False,1905.721,5,30b9c8ab-08e7-45a5-8094-b8631632dce9,True,True,True,safe_validated_frame_vector,55.4,52.1,55.4,52.1,50.6,30.8,55.4,52.1,50.6,30.8,-4.799999999999997,-21.3,21.83414756751452,10.218000000000076,Granit Xhaka,Bayer Leverkusen,,,validated_spatial_anchor,3.8409999999998954,55.4,4.799999999999997,,,negative_0014,1.0,nonpositive_0013,1.0,C25,533862946a73608c134d18b78226b6371ce7173c
3895060,1,64,904,1228,00:31:46.693,Ball Receipt*,904,True,unsupported_event_type,False,False,1906.693,6,75f3c225-0f0e-40f8-8c2e-807365ca2198,False,False,False,not_leverkusen_pass_carry,,,50.6,30.8,,,,,,,,,,11.190000000000056,Exequiel Alejandro Palacios,Bayer Leverkusen,,,linked_360_unsupported_semantics,0.97199999999998,,,,,,,,,C25,533862946a73608c134d18b78226b6371ce7173c
3895060,1,64,904,1229,00:31:46.693,Carry,904,True,validated_core_event_team_scope,True,False,1906.693,7,e07a4abf-8f4a-439e-a3e4-c3f6b82bc8d2,True,True,True,safe_validated_frame_vector,50.6,30.8,50.6,30.8,50.3,27.4,50.6,30.8,50.3,27.4,-0.3000000000000042,-3.400000000000002,3.4132096331752053,11.190000000000056,Exequiel Alejandro Palacios,Bayer Leverkusen,,,validated_spatial_anchor,0.0,55.4,5.100000000000001,,,negative_0014,2.0,nonpositive_0013,2.0,C25,533862946a73608c134d18b78226b6371ce7173c
3895060,1,64,904,1230,00:31:49.917,Pass,904,True,validated_core_event_team_scope,True,False,1909.917,8,b469ab00-4ce6-4f7d-b33d-0c796daa8cd3,True,True,True,safe_validated_frame_vector,50.3,27.4,50.3,27.4,57.2,27.4,50.3,27.4,57.2,27.4,6.900000000000006,0.0,6.900000000000006,14.413999999999987,Exequiel Alejandro Palacios,Bayer Leverkusen,,,validated_spatial_anchor,3.2239999999999327,57.2,0.0,positive_0018,1.0,,,,,C25,533862946a73608c134d18b78226b6371ce7173c
3895060,1,64,904,1231,00:31:50.523,Ball Receipt*,904,True,unsupported_event_type,False,False,1910.523,9,6d62f87e-d125-452e-9d51-0e407c5de3ea,False,False,False,not_leverkusen_pass_carry,,,57.2,27.4,,,,,,,,,,15.019999999999982,Florian Wirtz,Bayer Leverkusen,,,linked_360_unsupported_semantics,0.6059999999999945,,,,,,,,,C25,533862946a73608c134d18b78226b6371ce7173c
3895060,1,64,904,1232,00:31:50.523,Carry,904,True,validated_core_event_team_scope,True,False,1910.523,10,ca400e5b-e515-4c61-a410-ea984a9960b4,True,True,True,safe_validated_frame_vector,57.2,27.4,57.2,27.4,57.2,27.4,57.2,27.4,57.2,27.4,0.0,0.0,0.0,15.019999999999982,Florian Wirtz,Bayer Leverkusen,,,validated_spatial_anchor,0.0,57.2,0.0,,,,,nonpositive_0014,1.0,C25,533862946a73608c134d18b78226b6371ce7173c
3895060,1,64,904,1233,00:31:50.639,Pass,904,True,validated_core_event_team_scope,True,False,1910.639,11,8ee30b49-6d21-420d-98c6-74d2e8a51d1c,True,True,True,safe_validated_frame_vector,57.2,27.4,57.2,27.4,49.3,24.7,57.2,27.4,49.3,24.7,-7.900000000000006,-2.6999999999999997,8.348652585896726,15.135999999999967,Florian Wirtz,Bayer Leverkusen,,,validated_spatial_anchor,0.1159999999999854,57.2,7.900000000000006,,,negative_0015,1.0,nonpositive_0014,2.0,C25,533862946a73608c134d18b78226b6371ce7173c
3895060,1,64,904,1234,00:31:51.088,Ball Receipt*,904,True,unsupported_event_type,False,False,1911.088,12,3c456db9-561f-447f-90eb-8dff5c5c8de5,False,False,False,not_leverkusen_pass_carry,,,49.3,24.7,,,,,,,,,,15.585000000000036,Exequiel Alejandro Palacios,Bayer Leverkusen,,,linked_360_unsupported_semantics,0.4490000000000691,,,,,,,,,C25,533862946a73608c134d18b78226b6371ce7173c
3895060,1,64,904,1235,00:31:51.088,Carry,904,True,validated_core_event_team_scope,True,False,1911.088,13,0d720d58-849d-414b-beea-3fffa018729b,True,True,True,safe_validated_frame_vector,49.3,24.7,49.3,24.7,49.3,24.7,49.3,24.7,49.3,24.7,0.0,0.0,0.0,15.585000000000036,Exequiel Alejandro Palacios,Bayer Leverkusen,,,validated_spatial_anchor,0.0,57.2,7.900000000000006,,,,,nonpositive_0014,3.0,C25,533862946a73608c134d18b78226b6371ce7173c
3895060,1,64,904,1236,00:31:53.033,Pass,904,True,validated_core_event_team_scope,True,False,1913.033,14,05d848ce-a103-49e7-ab3b-b5f5bd8e73bf,True,True,True,safe_validated_frame_vector,49.3,24.7,49.3,24.7,48.3,52.1,49.3,24.7,48.3,52.1,-1.0,27.4,27.41824210265859,17.529999999999973,Exequiel Alejandro Palacios,Bayer Leverkusen,,,validated_spatial_anchor,1.9449999999999363,57.2,8.900000000000006,,,negative_0016,1.0,nonpositive_0014,4.0,C25,533862946a73608c134d18b78226b6371ce7173c
3895060,1,64,904,1237,00:31:54.423,Ball Receipt*,904,True,unsupported_event_type,False,False,1914.423,15,5922118e-37f4-4571-81ec-0f7f1fbf4825,False,False,False,not_leverkusen_pass_carry,,,48.3,52.1,,,,,,,,,,18.920000000000076,Jonathan Tah,Bayer Leverkusen,,,linked_360_unsupported_semantics,1.3900000000001,,,,,,,,,C25,533862946a73608c134d18b78226b6371ce7173c
3895060,1,64,904,1238,00:31:54.423,Carry,904,True,validated_core_event_team_scope,True,False,1914.423,16,e7758283-e298-42c6-9441-20a1f45f8ae8,True,True,True,safe_validated_frame_vector,48.3,52.1,48.3,52.1,49.3,52.9,48.3,52.1,49.3,52.9,1.0,0.7999999999999972,1.280624847486568,18.920000000000076,Jonathan Tah,Bayer Leverkusen,,,validated_spatial_anchor,0.0,57.2,7.900000000000006,positive_0019,1.0,,,,,C25,533862946a73608c134d18b78226b6371ce7173c
3895060,1,64,904,1239,00:31:54.743,Pressure,185,True,validated_core_event_team_scope,True,False,1914.743,17,20ccd940-b749-4f7d-aa20-7c3e18029a79,False,False,False,not_leverkusen_pass_carry,49.900000000000006,49.1,70.1,30.9,,,,,,,,,,19.24000000000001,Tomáš Čvančara,Borussia Mönchengladbach,,,validated_spatial_anchor,0.3199999999999363,,,,,,,,,C25,533862946a73608c134d18b78226b6371ce7173c
3895060,1,64,904,1240,00:31:55.591,Pass,904,True,validated_core_event_team_scope,True,False,1915.591,18,a6489824-79c3-49cb-9f54-55dea733702d,True,True,True,safe_validated_frame_vector,49.3,52.9,49.3,52.9,55.8,72.4,49.3,52.9,55.8,72.4,6.5,19.500000000000007,20.554804791094472,20.087999999999965,Jonathan Tah,Bayer Leverkusen,,,validated_spatial_anchor,0.8479999999999563,57.2,1.4000000000000057,positive_0019,2.0,,,,,C25,533862946a73608c134d18b78226b6371ce7173c
3895060,1,64,904,1241,00:31:56.574,Ball Receipt*,904,True,unsupported_event_type,False,False,1916.574,19,7f68b1aa-f902-44d9-8b98-dfc61d3ad169,False,False,False,not_leverkusen_pass_carry,,,55.8,72.4,,,,,,,,,,21.07100000000014,Odilon Kossonou,Bayer Leverkusen,,,linked_360_unsupported_semantics,0.9830000000001746,,,,,,,,,C25,533862946a73608c134d18b78226b6371ce7173c
3895060,1,64,904,1242,00:31:56.574,Carry,904,True,validated_core_event_team_scope,True,False,1916.574,20,9023ce0b-d580-4aaf-b769-6349f15901b0,True,True,True,safe_validated_frame_vector,55.8,72.4,55.8,72.4,55.8,72.4,55.8,72.4,55.8,72.4,0.0,0.0,0.0,21.07100000000014,Odilon Kossonou,Bayer Leverkusen,,,validated_spatial_anchor,0.0,57.2,1.4000000000000057,,,,,,,C25,533862946a73608c134d18b78226b6371ce7173c
3895060,1,64,904,1243,00:31:57.330,Pass,904,True,validated_core_event_team_scope,True,False,1917.33,21,07f0a019-d385-49d2-8b34-c0f9c73ea666,True,True,True,safe_validated_frame_vector,55.8,72.4,55.8,72.4,76.9,72.8,55.8,72.4,76.9,72.8,21.10000000000001,0.3999999999999915,21.10379112861005,21.827,Odilon Kossonou,Bayer Leverkusen,,,validated_spatial_anchor,0.7559999999998581,76.9,0.0,positive_0020,1.0,,,,,C25,533862946a73608c134d18b78226b6371ce7173c
3895060,1,64,904,1244,00:31:57.988,Pressure,185,True,validated_core_event_team_scope,True,False,1917.988,22,7f8edae3-0136-4cdc-8e1c-b409c3ffd21b,False,False,False,not_leverkusen_pass_carry,76.8,72.7,43.2,7.3,,,,,,,,,,22.485000000000127,Joseph Scally,Borussia Mönchengladbach,,,validated_spatial_anchor,0.6580000000001291,,,,,,,,,C25,533862946a73608c134d18b78226b6371ce7173c
3895060,1,64,904,1245,00:31:58.037,Ball Receipt*,904,True,unsupported_event_type,False,False,1918.037,23,88ea8168-8157-418c-bf4a-fd16dcc71079,False,False,False,not_leverkusen_pass_carry,,,76.9,72.8,,,,,,,,,,22.534000000000106,Jeremie Frimpong,Bayer Leverkusen,,,linked_360_unsupported_semantics,0.0489999999999781,,,,,,,,,C25,533862946a73608c134d18b78226b6371ce7173c
3895060,1,64,904,1246,00:31:58.037,Carry,904,True,validated_core_event_team_scope,True,False,1918.037,24,214a06c6-7de4-44e9-a424-2b9944ac0879,True,True,True,safe_validated_frame_vector,76.9,72.8,76.9,72.8,72.3,73.2,76.9,72.8,72.3,73.2,-4.6000000000000085,0.4000000000000057,4.617358552246087,22.534000000000106,Jeremie Frimpong,Bayer Leverkusen,,,validated_spatial_anchor,0.0,76.9,4.6000000000000085,,,negative_0017,1.0,nonpositive_0015,1.0,C25,533862946a73608c134d18b78226b6371ce7173c
3895060,1,64,904,1247,00:31:58.308,Dribbled Past,185,True,unsupported_event_type,False,False,1918.308,25,a3edc6e7-19cd-47b3-99c7-59a4cf466188,False,False,False,not_leverkusen_pass_carry,,,47.8,6.9,,,,,,,,,,22.805000000000064,Joseph Scally,Borussia Mönchengladbach,,,linked_360_unsupported_semantics,0.2709999999999581,,,,,,,,,C25,533862946a73608c134d18b78226b6371ce7173c
3895060,1,64,904,1248,00:31:58.308,Dribble,904,True,unsupported_event_type,False,False,1918.308,26,e322dc4d-12ec-4189-8892-25fe7d923d75,False,False,False,not_leverkusen_pass_carry,,,72.3,73.2,,,,,,,,,,22.805000000000064,Jeremie Frimpong,Bayer Leverkusen,,,linked_360_unsupported_semantics,0.0,,,,,,,,,C25,533862946a73608c134d18b78226b6371ce7173c
3895060,1,64,904,1249,00:31:58.308,Carry,904,True,validated_core_event_team_scope,True,False,1918.308,27,046f3f66-8a54-4945-871d-3ece93d8585a,True,True,True,safe_validated_frame_vector,72.3,73.2,72.3,73.2,101.4,53.8,72.3,73.2,101.4,53.8,29.10000000000001,-19.40000000000001,34.973847372000705,22.805000000000064,Jeremie Frimpong,Bayer Leverkusen,,,validated_spatial_anchor,0.0,101.4,0.0,positive_0021,1.0,,,,,C25,533862946a73608c134d18b78226b6371ce7173c
3895060,1,64,904,1250,00:32:00.274,Pressure,185,False,no_360_frame,False,False,1920.274,28,c82d6f7a-3b2f-45b6-b48c-f366965824e0,False,False,False,not_leverkusen_pass_carry,,,27.6,11.2,,,,,,,,,,24.77099999999996,Nathan Ngoumou Minpole,Borussia Mönchengladbach,,,no_360_frame,1.9659999999998945,,,,,,,,,C25,533862946a73608c134d18b78226b6371ce7173c
3895060,1,64,904,1251,00:32:04.110,Pressure,185,True,validated_core_event_team_scope,True,False,1924.11,29,cbbab2bc-d991-4f56-8859-b2618fd90a35,False,False,False,not_leverkusen_pass_carry,101.7,49.6,18.3,30.4,,,,,,,,,,28.60699999999997,Maximilian Wöber,Borussia Mönchengladbach,,,validated_spatial_anchor,3.8360000000000127,,,,,,,,,C25,533862946a73608c134d18b78226b6371ce7173c
3895060,1,64,904,1252,00:32:04.378,Pass,904,True,validated_core_event_team_scope,True,False,1924.378,30,4c3b150b-7df2-488d-baca-99914315032f,True,True,True,safe_validated_frame_vector,101.4,53.8,101.4,53.8,100.9,50.1,101.4,53.8,100.9,50.1,-0.5,-3.699999999999996,3.7336309405188897,28.875,Jeremie Frimpong,Bayer Leverkusen,pass.outcome:Incomplete,,validated_spatial_anchor,0.2680000000000291,101.4,0.5,,,negative_0018,1.0,nonpositive_0016,1.0,C25,533862946a73608c134d18b78226b6371ce7173c
3895060,1,64,904,1253,00:32:04.658,Ball Receipt*,904,True,unsupported_event_type,False,False,1924.658,31,20db819c-5bc5-4b3f-a93d-f43d11cc4b6e,False,False,False,not_leverkusen_pass_carry,,,100.1,35.1,,,,,,,,,,29.154999999999973,Victor Okoh Boniface,Bayer Leverkusen,ball_receipt.outcome:Incomplete,,linked_360_unsupported_semantics,0.2799999999999727,,,,,,,,,C25,533862946a73608c134d18b78226b6371ce7173c
3895060,1,64,904,1254,00:32:04.658,Block,185,True,unsupported_event_type,False,False,1924.658,32,8cdb99d2-b0c1-4616-b4c0-980ebe1ee6ed,False,False,False,not_leverkusen_pass_carry,,,19.2,30.0,,,,,,,,,,29.154999999999973,Julian Weigl,Borussia Mönchengladbach,type:Block,,linked_360_unsupported_semantics,0.0,,,,,,,,,C25,533862946a73608c134d18b78226b6371ce7173c
3895060,1,64,904,1255,00:32:05.639,Ball Recovery,185,True,unsupported_event_type,False,False,1925.639,33,75b46bef-d0cb-4297-9915-27729e41fa69,False,False,False,not_leverkusen_pass_carry,,,28.8,28.2,,,,,,,,,,30.135999999999967,Florian Neuhaus,Borussia Mönchengladbach,type:Ball Recovery,,linked_360_unsupported_semantics,0.9809999999999944,,,,,,,,,C25,533862946a73608c134d18b78226b6371ce7173c
3895060,1,64,904,1256,00:32:05.639,Carry,185,True,validated_core_event_team_scope,True,False,1925.639,34,14007c36-2f3e-4ba6-999d-b64e5b03677a,False,False,False,not_leverkusen_pass_carry,91.2,51.8,28.8,28.2,,,,,,,,,,30.135999999999967,Florian Neuhaus,Borussia Mönchengladbach,,,validated_spatial_anchor,0.0,,,,,,,,,C25,533862946a73608c134d18b78226b6371ce7173c
3895060,1,64,904,1257,00:32:05.646,Pressure,904,True,validated_core_event_team_scope,True,False,1925.646,35,82d69dae-e610-44d6-83dc-3fad3860e2a2,False,False,False,not_leverkusen_pass_carry,88.8,53.6,88.8,53.6,,,,,,,,,,30.14300000000003,Odilon Kossonou,Bayer Leverkusen,counterpress:true,,validated_spatial_anchor,0.0070000000000618,,,,,,,,,C25,533862946a73608c134d18b78226b6371ce7173c
3895060,1,64,904,1258,00:32:06.144,Pass,185,True,validated_core_event_team_scope,True,False,1926.144,36,8a9b3cff-d6b3-41dd-9dfa-feec81f0ba48,False,False,False,not_leverkusen_pass_carry,89.7,52.7,30.3,27.3,,,,,,,,,,30.64100000000008,Florian Neuhaus,Borussia Mönchengladbach,,,validated_spatial_anchor,0.4980000000000473,,,,,,,,,C25,533862946a73608c134d18b78226b6371ce7173c
3895060,1,64,904,1259,00:32:07.114,Ball Receipt*,185,True,unsupported_event_type,False,False,1927.114,37,8af95ff0-507f-4383-ab59-2d97176738f0,False,False,False,not_leverkusen_pass_carry,,,25.9,34.2,,,,,,,,,,31.611000000000104,Julian Weigl,Borussia Mönchengladbach,,,linked_360_unsupported_semantics,0.9700000000000272,,,,,,,,,C25,533862946a73608c134d18b78226b6371ce7173c
3895060,1,64,904,1260,00:32:07.114,Carry,185,True,validated_core_event_team_scope,True,False,1927.114,38,3c690d6e-7c9f-4f9a-8655-07896070d912,False,False,False,not_leverkusen_pass_carry,94.1,45.8,25.9,34.2,,,,,,,,,,31.611000000000104,Julian Weigl,Borussia Mönchengladbach,,,validated_spatial_anchor,0.0,,,,,,,,,C25,533862946a73608c134d18b78226b6371ce7173c
3895060,1,64,904,1261,00:32:08.741,Pass,185,True,validated_core_event_team_scope,True,False,1928.741,39,41c83b72-c9c3-4a45-8e36-85649eea3470,False,False,False,not_leverkusen_pass_carry,94.1,45.8,25.9,34.2,,,,,,,,,,33.238000000000056,Julian Weigl,Borussia Mönchengladbach,pass.outcome:Incomplete,,validated_spatial_anchor,1.6269999999999527,,,,,,,,,C25,533862946a73608c134d18b78226b6371ce7173c
3895060,1,64,904,1262,00:32:11.533,Ball Receipt*,185,False,no_360_frame,False,False,1931.533,40,175b5b23-16f7-4263-b11c-74179d4d0465,False,False,False,not_leverkusen_pass_carry,,,86.6,13.1,,,,,,,,,,36.02999999999997,Tomáš Čvančara,Borussia Mönchengladbach,ball_receipt.outcome:Incomplete,,no_360_frame,2.7919999999999163,,,,,,,,,C25,533862946a73608c134d18b78226b6371ce7173c
3895060,1,64,904,1263,00:32:11.533,Duel,185,False,no_360_frame,False,False,1931.533,41,59302634-0ca7-4b13-a36a-c1fa64f09a63,False,False,False,not_leverkusen_pass_carry,,,85.6,8.8,,,,,,,,,,36.02999999999997,Tomáš Čvančara,Borussia Mönchengladbach,type:Duel,,no_360_frame,0.0,,,,,,,,,C25,533862946a73608c134d18b78226b6371ce7173c
3895060,1,64,904,1264,00:32:11.533,Pass,904,False,no_360_frame,False,False,1931.533,42,b9b70de0-bca3-409c-bbde-64fe838c015f,False,True,True,unsupported_or_unlinked_frame,,,34.5,71.3,43.6,70.4,,,,,,,,36.02999999999997,Jonathan Tah,Bayer Leverkusen,pass.type:Recovery,,no_360_frame,0.0,,,,,,,,,C25,533862946a73608c134d18b78226b6371ce7173c
3895060,1,64,904,1265,00:32:12.775,Ball Receipt*,904,False,no_360_frame,False,False,1932.775,43,36e3b784-7f40-4711-b418-734898be9eae,False,False,False,not_leverkusen_pass_carry,,,43.6,70.4,,,,,,,,,,37.27200000000016,Granit Xhaka,Bayer Leverkusen,,,no_360_frame,1.2420000000001892,,,,,,,,,C25,533862946a73608c134d18b78226b6371ce7173c
3895060,1,64,904,1266,00:32:12.775,Carry,904,False,no_360_frame,False,False,1932.775,44,a804c319-772f-4be0-9ef4-045a4ed5793c,False,True,True,unsupported_or_unlinked_frame,,,43.6,70.4,42.8,71.0,,,,,,,,37.27200000000016,Granit Xhaka,Bayer Leverkusen,,,no_360_frame,0.0,,,,,,,,,C25,533862946a73608c134d18b78226b6371ce7173c
3895060,1,64,904,1267,00:32:13.159,Pass,904,False,no_360_frame,False,False,1933.159,45,aff331de-ab84-4f18-a5d3-c1151f0751a3,False,True,True,unsupported_or_unlinked_frame,,,42.8,71.0,45.2,19.1,,,,,,,,37.656000000000176,Granit Xhaka,Bayer Leverkusen,,,no_360_frame,0.3840000000000145,,,,,,,,,C25,533862946a73608c134d18b78226b6371ce7173c
3895060,1,64,904,1268,00:32:16.752,Ball Receipt*,904,True,unsupported_event_type,False,False,1936.752,46,868ca82a-a581-4a7c-ac82-ca6cbf1efd3a,False,False,False,not_leverkusen_pass_carry,,,45.2,19.1,,,,,,,,,,41.24900000000002,Edmond Fayçal Tapsoba,Bayer Leverkusen,,,linked_360_unsupported_semantics,3.592999999999847,,,,,,,,,C25,533862946a73608c134d18b78226b6371ce7173c
3895060,1,64,904,1269,00:32:16.752,Carry,904,True,validated_core_event_team_scope,True,False,1936.752,47,d1411b34-5343-4685-b695-f6018e46ad64,True,True,True,safe_validated_frame_vector,45.2,19.1,45.2,19.1,83.0,21.6,45.2,19.1,83.0,21.6,37.8,2.5,37.88258174940034,41.24900000000002,Edmond Fayçal Tapsoba,Bayer Leverkusen,,,validated_spatial_anchor,0.0,101.4,18.40000000000001,positive_0022,1.0,,,,,C25,533862946a73608c134d18b78226b6371ce7173c
3895060,1,64,904,1270,00:32:23.268,Pass,904,True,validated_core_event_team_scope,True,False,1943.268,48,1614ea3e-7f87-4f1c-b8d2-cf3d9e055bb2,True,True,True,safe_validated_frame_vector,83.0,21.6,83.0,21.6,110.1,6.1,83.0,21.6,110.1,6.1,27.099999999999994,-15.500000000000002,31.21954516004357,47.7650000000001,Edmond Fayçal Tapsoba,Bayer Leverkusen,,,validated_spatial_anchor,6.516000000000076,110.1,0.0,positive_0022,2.0,,,,,C25,533862946a73608c134d18b78226b6371ce7173c
3895060,1,64,904,1271,00:32:25.823,Ball Receipt*,904,True,unsupported_event_type,False,False,1945.823,49,c4196937-4d88-4d6c-ac54-e9f8bd95eef1,False,False,False,not_leverkusen_pass_carry,,,110.1,6.1,,,,,,,,,,50.32000000000016,Alejandro Grimaldo García,Bayer Leverkusen,,,linked_360_unsupported_semantics,2.555000000000064,,,,,,,,,C25,533862946a73608c134d18b78226b6371ce7173c
3895060,1,64,904,1272,00:32:25.823,Carry,904,True,validated_core_event_team_scope,True,False,1945.823,50,6f6c5115-8afa-41a9-bcf5-4668548f6d65,True,True,True,safe_validated_frame_vector,110.1,6.1,110.1,6.1,114.8,10.7,110.1,6.1,114.8,10.7,4.700000000000003,4.6,6.576473218982954,50.32000000000016,Alejandro Grimaldo García,Bayer Leverkusen,,,validated_spatial_anchor,0.0,114.8,0.0,positive_0022,3.0,,,,,C25,533862946a73608c134d18b78226b6371ce7173c
3895060,1,64,904,1273,00:32:27.601,Pass,904,True,validated_core_event_team_scope,True,False,1947.601,51,f34c6766-7351-4aac-8a7f-5526aa349abf,True,True,True,safe_validated_frame_vector,114.8,10.7,114.8,10.7,114.8,13.3,114.8,10.7,114.8,13.3,0.0,2.6000000000000014,2.6000000000000014,52.09800000000018,Alejandro Grimaldo García,Bayer Leverkusen,pass.outcome:Incomplete,,validated_spatial_anchor,1.77800000000002,114.8,0.0,,,,,,,C25,533862946a73608c134d18b78226b6371ce7173c
3895060,1,64,904,1274,00:32:27.840,Ball Receipt*,904,True,unsupported_event_type,False,False,1947.84,52,2810b275-dedb-4384-99b4-5801ed0c745c,False,False,False,not_leverkusen_pass_carry,,,110.1,38.0,,,,,,,,,,52.33699999999999,Jeremie Frimpong,Bayer Leverkusen,ball_receipt.outcome:Incomplete,,linked_360_unsupported_semantics,0.2389999999998053,,,,,,,,,C25,533862946a73608c134d18b78226b6371ce7173c
3895060,1,64,904,1275,00:32:27.840,Block,185,True,unsupported_event_type,False,False,1947.84,53,13eda8c2-a33d-4051-afd3-3636eaf61ddd,False,False,False,not_leverkusen_pass_carry,,,5.3,66.8,,,,,,,,,,52.33699999999999,Marvin Friedrich,Borussia Mönchengladbach,type:Block;out:true,,linked_360_unsupported_semantics,0.0,,,,,,,,,C25,533862946a73608c134d18b78226b6371ce7173c
3895052,2,126,904,2591,00:16:58.271,Pass,904,True,validated_core_event_team_scope,True,False,1018.271,0,824ffbb8-00d7-4f4d-b8e0-0094a6597551,True,True,True,safe_validated_frame_vector,76.7,19.9,76.7,19.9,106.9,58.3,76.7,19.9,106.9,58.3,30.200000000000003,38.4,48.85284024496427,0.0,Alejandro Grimaldo García,Bayer Leverkusen,pass.outcome:Incomplete;pass.type:Free Kick,Free Kick,validated_spatial_anchor,,106.9,0.0,positive_0155,1.0,,,,,C26,533862946a73608c134d18b78226b6371ce7173c
3895052,2,126,904,2592,00:17:00.574,Clearance,182,True,unsupported_event_type,False,False,1020.574,1,d0a691c1-e29c-40d1-876a-2e5b99036202,False,False,False,not_leverkusen_pass_carry,,,13.2,21.8,,,,,,,,,,2.3029999999999973,Xaver Schlager,RB Leipzig,type:Clearance;out:true,,linked_360_unsupported_semantics,2.3029999999999973,,,,,,,,,C26,533862946a73608c134d18b78226b6371ce7173c
3895052,2,126,904,2593,00:17:02.983,Pressure,182,True,validated_core_event_team_scope,True,False,1022.983,2,22ef1a61-085c-4262-b806-a9199b3039bf,False,False,False,not_leverkusen_pass_carry,105.8,73.1,14.2,6.9,,,,,,,,,,4.711999999999989,David Raum,RB Leipzig,,,validated_spatial_anchor,2.408999999999992,,,,,,,,,C26,533862946a73608c134d18b78226b6371ce7173c
3895052,2,126,904,2594,00:17:03.996,Shield,904,True,unsupported_event_type,False,False,1023.996,3,9fcf5948-1ea9-4af7-a932-8fc7c12dae3e,False,False,False,not_leverkusen_pass_carry,,,104.6,77.0,,,,,,,,,,5.725000000000023,Jonathan Tah,Bayer Leverkusen,,,linked_360_unsupported_semantics,1.0130000000000337,,,,,,,,,C26,533862946a73608c134d18b78226b6371ce7173c
3895052,1,1,904,1,00:00:00.000,Starting XI,904,False,no_360_frame,False,False,0.0,0,69bb4fa7-f177-49a8-9b19-7c01cd9d9a9c,False,False,False,not_leverkusen_pass_carry,,,,,,,,,,,,,,0.0,,Bayer Leverkusen,,,no_360_frame,,,,,,,,,,C27,533862946a73608c134d18b78226b6371ce7173c
3895052,1,1,904,2,00:00:00.000,Starting XI,182,False,no_360_frame,False,False,0.0,1,9790a466-9c56-42aa-96aa-a9ad1a6f8811,False,False,False,not_leverkusen_pass_carry,,,,,,,,,,,,,,0.0,,RB Leipzig,,,no_360_frame,0.0,,,,,,,,,C27,533862946a73608c134d18b78226b6371ce7173c
3895052,1,1,904,3,00:00:00.000,Half Start,904,False,no_360_frame,False,False,0.0,2,c6762724-3ad0-4ed1-b232-7f32ac192ec6,False,False,False,not_leverkusen_pass_carry,,,,,,,,,,,,,,0.0,,Bayer Leverkusen,type:Half Start,,no_360_frame,0.0,,,,,,,,,C27,533862946a73608c134d18b78226b6371ce7173c
3895052,1,1,904,4,00:00:00.000,Half Start,182,False,no_360_frame,False,False,0.0,3,ba22283a-c920-448c-804e-3737cccd9fff,False,False,False,not_leverkusen_pass_carry,,,,,,,,,,,,,,0.0,,RB Leipzig,type:Half Start,,no_360_frame,0.0,,,,,,,,,C27,533862946a73608c134d18b78226b6371ce7173c
3895052,1,22,904,478,00:09:23.561,Goal Keeper,904,True,unsupported_event_type,False,False,563.561,0,06db91e0-abb2-46ee-84eb-7d5d5156a3d5,False,False,False,not_leverkusen_pass_carry,,,2.8,41.6,,,,,,,,,,0.0,Lukáš Hrádecký,Bayer Leverkusen,,,linked_360_unsupported_semantics,,,,,,,,,,C28,533862946a73608c134d18b78226b6371ce7173c
